State,Area,Map URL,Store Name,Rating,Review Count,Store Status
Johor,Segamat,https://www.google.com/maps/place/KFC+One+Segamat/data=!4m7!3m6!1s0x31cfd32eeba02711:0x45fde92110d6ae56!8m2!3d2.5088445!4d102.8127581!16s%2Fg%2F11c55565y3!19sChIJESeg6y7TzzERVq7WECHp_UU?authuser=0&hl=en&rclk=1,KFC One Segamat,3.8,(153),Operating
Johor,Segamat,https://www.google.com/maps/place/KFC+Segamat/data=!4m7!3m6!1s0x31cfd33c9fde2287:0xaec34c615b3781a4!8m2!3d2.5039659!4d102.8227242!16s%2Fg%2F1tl1kzl3!19sChIJhyLenzzTzzERpIE3W2FMw64?authuser=0&hl=en&rclk=1,KFC Segamat,4.0,"(1,019)",Operating
Johor,Segamat,https://www.google.com/maps/place/KFC+Segamat+DT/data=!4m7!3m6!1s0x31ce2d5a89eabe89:0xe3918f71fbd5000e!8m2!3d2.5465573!4d102.7934084!16s%2Fg%2F11c1nrg4nb!19sChIJib7qiVotzjERDgDV-3GPkeM?authuser=0&hl=en&rclk=1,KFC Segamat DT,3.9,(873),Operating
Johor,Sekijang,https://www.google.com/maps/place/KFC+Seri+Gelam+DT/data=!4m7!3m6!1s0x31da12bcfff44795:0x296cee79b865f268!8m2!3d1.4607725!4d103.7432988!16s%2Fg%2F11b7k0mtqh!19sChIJlUf0_7wS2jERaPJluHnubCk?authuser=0&hl=en&rclk=1,KFC Seri Gelam DT,3.9,"(1,914)",Operating
Johor,Sekijang,https://www.google.com/maps/place/KFC+Johor+Jaya/data=!4m7!3m6!1s0x31da6c17680a8a0f:0x21e4e309085a4910!8m2!3d1.5423195!4d103.8029165!16s%2Fg%2F1tfmkxql!19sChIJD4oKaBds2jEREElaCAnj5CE?authuser=0&hl=en&rclk=1,KFC Johor Jaya,3.4,(424),Operating
Johor,Sekijang,https://www.google.com/maps/place/KFC+Kulai/data=!4m7!3m6!1s0x31da79aa611b8c1d:0x993a78469b1ec1a9!8m2!3d1.6594381!4d103.6059027!16s%2Fg%2F1hc25hd6r!19sChIJHYwbYap52jERqcEem0Z4Opk?authuser=0&hl=en&rclk=1,KFC Kulai,3.8,(616),Operating
Johor,Sekijang,https://www.google.com/maps/place/KFC+Segamat/data=!4m7!3m6!1s0x31cfd33c9fde2287:0xaec34c615b3781a4!8m2!3d2.5039659!4d102.8227242!16s%2Fg%2F1tl1kzl3!19sChIJhyLenzzTzzERpIE3W2FMw64?authuser=0&hl=en&rclk=1,KFC Segamat,4.0,"(1,019)",Operating
Johor,Sekijang,https://www.google.com/maps/place/KFC+AEON+Kulaijaya/data=!4m7!3m6!1s0x31da79e8dfc35267:0x535e32266379336a!8m2!3d1.6405946!4d103.6175987!16s%2Fg%2F11bwc0q6gb!19sChIJZ1LD3-h52jERajN5YyYyXlM?authuser=0&hl=en&rclk=1,KFC AEON Kulaijaya,3.2,(325),Operating
Johor,Sekijang,https://www.google.com/maps/place/KFC+Segamat+DT/data=!4m7!3m6!1s0x31ce2d5a89eabe89:0xe3918f71fbd5000e!8m2!3d2.5465573!4d102.7934084!16s%2Fg%2F11c1nrg4nb!19sChIJib7qiVotzjERDgDV-3GPkeM?authuser=0&hl=en&rclk=1,KFC Segamat DT,3.9,(873),Operating
Johor,Sekijang,https://www.google.com/maps/place/KFC+Puteri+Wangsa+DT/data=!4m7!3m6!1s0x31da6ec97331743d:0xf78bfd239d1b1cb9!8m2!3d1.5738455!4d103.814424!16s%2Fg%2F11b5zs6x3d!19sChIJPXQxc8lu2jERuRwbnSP9i_c?authuser=0&hl=en&rclk=1,KFC Puteri Wangsa DT,4.0,"(1,515)",Operating
Johor,Sekijang,https://www.google.com/maps/place/KFC+Stulang+Laut/data=!4m7!3m6!1s0x31da13264eb07c75:0xe7f5cc4cf3c42a4a!8m2!3d1.4664343!4d103.7788006!16s%2Fg%2F1q62gzw6r!19sChIJdXywTiYT2jERSirE80zM9ec?authuser=0&hl=en&rclk=1,KFC Stulang Laut,4.1,"(3,205)",Operating
Johor,Sekijang,https://www.google.com/maps/place/KFC+Mutiara+Rini+DT/data=!4m7!3m6!1s0x31da748038132599:0xf87bf92412fc89e8!8m2!3d1.5141344!4d103.6350875!16s%2Fg%2F11b6q2n8tv!19sChIJmSUTOIB02jER6In8EiT5e_g?authuser=0&hl=en&rclk=1,KFC Mutiara Rini DT,3.7,"(1,692)",Operating
Johor,Sekijang,https://www.google.com/maps/place/KFC+One+Segamat/data=!4m7!3m6!1s0x31cfd32eeba02711:0x45fde92110d6ae56!8m2!3d2.5088445!4d102.8127581!16s%2Fg%2F11c55565y3!19sChIJESeg6y7TzzERVq7WECHp_UU?authuser=0&hl=en&rclk=1,KFC One Segamat,3.8,(153),Operating
Johor,Sekijang,https://www.google.com/maps/place/KFC+Plaza+Angsana/data=!4m7!3m6!1s0x31da72c0757563d7:0x443744f27c749716!8m2!3d1.495057!4d103.7054656!16s%2Fg%2F1hc19_wkl!19sChIJ12N1dcBy2jERFpd0fPJEN0Q?authuser=0&hl=en&rclk=1,KFC Plaza Angsana,4.2,(295),Operating
Johor,Sekijang,https://www.google.com/maps/place/KFC+Seri+Alam+DT/data=!4m7!3m6!1s0x31da6ae736d150f3:0xeee2c1b06b0ba445!8m2!3d1.4967649!4d103.8743343!16s%2Fg%2F11cmqx_20c!19sChIJ81DRNudq2jERRaQLa7DB4u4?authuser=0&hl=en&rclk=1,KFC Seri Alam DT,3.7,"(1,383)",Operating
Johor,Sekijang,https://www.google.com/maps/place/KFC+Labis/data=!4m7!3m6!1s0x31cfd876059f3a19:0x78511880568e5512!8m2!3d2.3989989!4d103.0185499!16s%2Fg%2F1hc0r6_4k!19sChIJGTqfBXbYzzERElWOVoAYUXg?authuser=0&hl=en&rclk=1,KFC Labis,3.9,(566),Operating
Johor,Sekijang,https://www.google.com/maps/place/KFC+JB+Sentral/data=!4m7!3m6!1s0x31da12db520fcb5b:0xf36f2d10ff629680!8m2!3d1.463675!4d103.7640109!16s%2Fg%2F11c67rym0q!19sChIJW8sPUtsS2jERgJZi_xAtb_M?authuser=0&hl=en&rclk=1,KFC JB Sentral,2.6,(258),Operating
Johor,Sekijang,https://www.google.com/maps/place/KFC+Paradigm+Mall/data=!4m7!3m6!1s0x31da72ff7beb5169:0x9e906340ef6f78c9!8m2!3d1.516239!4d103.6851193!16s%2Fg%2F11hbgb986k!19sChIJaVHre_9y2jERyXhv70BjkJ4?authuser=0&hl=en&rclk=1,KFC Paradigm Mall,2.5,(240),Operating
Johor,Sekijang,https://www.google.com/maps/place/KFC+Kota+Tinggi/data=!4m7!3m6!1s0x31da5ff10625ba83:0xd62e046840b72419!8m2!3d1.7309262!4d103.901543!16s%2Fg%2F1tfbqdm0!19sChIJg7olBvFf2jERGSS3QGgELtY?authuser=0&hl=en&rclk=1,KFC Kota Tinggi,3.9,(779),Operating
Johor,Sekijang,https://www.google.com/maps/place/KFC+Jementah/data=!4m7!3m6!1s0x31ce29a7377b27f9:0x4b42b9f7fef0277c!8m2!3d2.4376149!4d102.6839351!16s%2Fg%2F11c2qg4cym!19sChIJ-Sd7N6cpzjERfCfw_ve5Qks?authuser=0&hl=en&rclk=1,KFC Jementah,3.9,(334),Operating
Johor,Sekijang,https://www.google.com/maps/place/KFC+MID+VALLEY+SOUTHKEY/data=!4m7!3m6!1s0x31da6dcd9452edd3:0xf117c6441cd37768!8m2!3d1.5012053!4d103.7769041!16s%2Fg%2F11l2ljh7g6!19sChIJ0-1SlM1t2jERaHfTHETGF_E?authuser=0&hl=en&rclk=1,KFC MID VALLEY SOUTHKEY,3.2,(191),Operating
Johor,Sekijang,https://www.google.com/maps/place/KFC+Tangkak/data=!4m7!3m6!1s0x31d1db689b6c27fd:0x80d4d86c60de4e68!8m2!3d2.2699658!4d102.5417015!16s%2Fg%2F1vmqzx6j!19sChIJ_Sdsm2jb0TERaE7eYGzY1IA?authuser=0&hl=en&rclk=1,KFC Tangkak,3.9,(816),Operating
Johor,Sekijang,https://www.google.com/maps/place/KFC+Bukit+Gambir/data=!4m7!3m6!1s0x31d1cf0760c054a5:0x528abb6a34b821eb!8m2!3d2.2120018!4d102.6526357!16s%2Fg%2F1hc13g6r2!19sChIJpVTAYAfP0TER6yG4NGq7ilI?authuser=0&hl=en&rclk=1,KFC Bukit Gambir,4.1,(650),Operating
Johor,Sekijang,https://www.google.com/maps/place/KFC+Parit+Raja/data=!4m7!3m6!1s0x31d05c25e99185bb:0x4e46090fd5ca011e!8m2!3d1.865682!4d103.1149743!16s%2Fg%2F1thkzc33!19sChIJu4WR6SVc0DERHgHK1Q8JRk4?authuser=0&hl=en&rclk=1,KFC Parit Raja,4.0,(918),Permanently Closed
Johor,Sekijang,"https://www.google.com/maps/place/KFC+@+Labis,+Johor/data=!4m7!3m6!1s0x31ce2b734102b019:0xdb64e2736cb56e07!8m2!3d2.458599!4d102.766487!16s%2Fg%2F1pzqtq4g2!19sChIJGbACQXMrzjERB261bHPiZNs?authuser=0&hl=en&rclk=1","KFC @ Labis, Johor",0,0,Permanently Closed
Johor,Labis,"https://www.google.com/maps/search/KFC+near+Labis,+Johor",KFC Labis,3.9,(566),Operating
Johor,Pagoh,https://www.google.com/maps/place/KFC+Bandar+Universiti+Pagoh+DT/data=!4m7!3m6!1s0x31d1cb76f264ecaf:0x71d0626b160f6478!8m2!3d2.1514025!4d102.7290044!16s%2Fg%2F11trnmvzp2!19sChIJr-xk8nbL0TEReGQPFmti0HE?authuser=0&hl=en&rclk=1,KFC Bandar Universiti Pagoh DT,4.1,(306),Operating
Johor,Pagoh,https://www.google.com/maps/place/KFC+RSA+Pagoh/data=!4m7!3m6!1s0x31d1cada9f31200d:0xf35bb1c62c0753cd!8m2!3d2.1217757!4d102.7936624!16s%2Fg%2F11bxfj61p5!19sChIJDSAxn9rK0TERzVMHLMaxW_M?authuser=0&hl=en&rclk=1,KFC RSA Pagoh,4.0,(737),Operating
Johor,Ledang,"https://www.google.com/maps/search/KFC+near+Ledang,+Johor",KFC Tangkak,3.9,(816),Operating
Johor,Bakri,https://www.google.com/maps/place/KFC+Muar+2/data=!4m7!3m6!1s0x31d1b9011589d615:0x4ba76930e7af32c6!8m2!3d2.0516937!4d102.5716673!16s%2Fg%2F1hc67gmws!19sChIJFdaJFQG50TERxjKv5zBpp0s?authuser=0&hl=en&rclk=1,KFC Muar 2,3.9,(826),Operating
Johor,Bakri,https://www.google.com/maps/place/KFC+Muar+1/data=!4m7!3m6!1s0x31d1b90fa9c10d21:0xec0fe8cbe22627e7!8m2!3d2.0436747!4d102.5670076!16s%2Fg%2F1v9l883k!19sChIJIQ3BqQ-50TER5ycm4svoD-w?authuser=0&hl=en&rclk=1,KFC Muar 1,3.8,(624),Operating
Johor,Bakri,https://www.google.com/maps/place/KFC+K+Mart+Muar/data=!4m7!3m6!1s0x31d1b8e657102ac7:0xa52e1b6c8c4bb1ee!8m2!3d2.0630841!4d102.5563376!16s%2Fg%2F1hc146yp5!19sChIJxyoQV-a40TER7rFLjGwbLqU?authuser=0&hl=en&rclk=1,KFC K Mart Muar,4.1,(470),Operating
Johor,Bakri,https://www.google.com/maps/place/KFC+Pekan+Bukit+Pasir+Muar/data=!4m7!3m6!1s0x31d1c834544ae7c3:0x76f9775fe86f0f26!8m2!3d2.0974428!4d102.6347292!16s%2Fg%2F11c0qgr8hc!19sChIJw-dKVDTI0TERJg9v6F93-XY?authuser=0&hl=en&rclk=1,KFC Pekan Bukit Pasir Muar,4.0,(698),Operating
Johor,Bakri,https://www.google.com/maps/place/KFC+NSK+Muar/data=!4m7!3m6!1s0x31d1b8e65d248465:0x2e745541136d8def!8m2!3d2.0536293!4d102.5675443!16s%2Fg%2F1tdfqnfr!19sChIJZYQkXea40TER741tE0FVdC4?authuser=0&hl=en&rclk=1,KFC NSK Muar,3.6,(251),Operating
Johor,Bakri,https://www.google.com/maps/place/KFC+Puteri+Wangsa+DT/data=!4m7!3m6!1s0x31da6ec97331743d:0xf78bfd239d1b1cb9!8m2!3d1.5738455!4d103.814424!16s%2Fg%2F11b5zs6x3d!19sChIJPXQxc8lu2jERuRwbnSP9i_c?authuser=0&hl=en&rclk=1,KFC Puteri Wangsa DT,4.0,"(1,515)",Operating
Johor,Bakri,https://www.google.com/maps/place/KFC+RSA+Pagoh/data=!4m7!3m6!1s0x31d1cada9f31200d:0xf35bb1c62c0753cd!8m2!3d2.1217757!4d102.7936624!16s%2Fg%2F11bxfj61p5!19sChIJDSAxn9rK0TERzVMHLMaxW_M?authuser=0&hl=en&rclk=1,KFC RSA Pagoh,4.0,(737),Operating
Johor,Bakri,https://www.google.com/maps/place/KFC+Bandar+Universiti+Pagoh+DT/data=!4m7!3m6!1s0x31d1cb76f264ecaf:0x71d0626b160f6478!8m2!3d2.1514025!4d102.7290044!16s%2Fg%2F11trnmvzp2!19sChIJr-xk8nbL0TEReGQPFmti0HE?authuser=0&hl=en&rclk=1,KFC Bandar Universiti Pagoh DT,4.1,(306),Operating
Johor,Muar,https://www.google.com/maps/place/KFC+Muar+1/data=!4m7!3m6!1s0x31d1b90fa9c10d21:0xec0fe8cbe22627e7!8m2!3d2.0436747!4d102.5670076!16s%2Fg%2F1v9l883k!19sChIJIQ3BqQ-50TER5ycm4svoD-w?authuser=0&hl=en&rclk=1,KFC Muar 1,3.8,(624),Operating
Johor,Muar,https://www.google.com/maps/place/KFC+Muar+2/data=!4m7!3m6!1s0x31d1b9011589d615:0x4ba76930e7af32c6!8m2!3d2.0516937!4d102.5716673!16s%2Fg%2F1hc67gmws!19sChIJFdaJFQG50TERxjKv5zBpp0s?authuser=0&hl=en&rclk=1,KFC Muar 2,3.9,(826),Operating
Johor,Muar,https://www.google.com/maps/place/KFC+K+Mart+Muar/data=!4m7!3m6!1s0x31d1b8e657102ac7:0xa52e1b6c8c4bb1ee!8m2!3d2.0630841!4d102.5563376!16s%2Fg%2F1hc146yp5!19sChIJxyoQV-a40TER7rFLjGwbLqU?authuser=0&hl=en&rclk=1,KFC K Mart Muar,4.1,(470),Operating
Johor,Muar,https://www.google.com/maps/place/KFC+NSK+Muar/data=!4m7!3m6!1s0x31d1b8e65d248465:0x2e745541136d8def!8m2!3d2.0536293!4d102.5675443!16s%2Fg%2F1tdfqnfr!19sChIJZYQkXea40TER741tE0FVdC4?authuser=0&hl=en&rclk=1,KFC NSK Muar,3.6,(251),Operating
Johor,Muar,https://www.google.com/maps/place/KFC+Pekan+Bukit+Pasir+Muar/data=!4m7!3m6!1s0x31d1c834544ae7c3:0x76f9775fe86f0f26!8m2!3d2.0974428!4d102.6347292!16s%2Fg%2F11c0qgr8hc!19sChIJw-dKVDTI0TERJg9v6F93-XY?authuser=0&hl=en&rclk=1,KFC Pekan Bukit Pasir Muar,4.0,(698),Operating
Johor,Muar,https://www.google.com/maps/place/KFC+Bukit+Gambir/data=!4m7!3m6!1s0x31d1cf0760c054a5:0x528abb6a34b821eb!8m2!3d2.2120018!4d102.6526357!16s%2Fg%2F1hc13g6r2!19sChIJpVTAYAfP0TER6yG4NGq7ilI?authuser=0&hl=en&rclk=1,KFC Bukit Gambir,4.1,(650),Operating
Johor,Parit Sulong,"https://www.google.com/maps/search/KFC+near+Parit Sulong,+Johor",KFC Parit Sulong,3.9,(305),Operating
Johor,Ayer Hitam,"https://www.google.com/maps/search/KFC+near+Ayer Hitam,+Johor",KFC Bandar Baru Ayer Hitam Johor,4.0,(933),Operating
Johor,Sri Gading,https://www.google.com/maps/place/KFC+Shell+Parit+Raja/data=!4m7!3m6!1s0x31d059afb16fef4b:0xe876394198a91b22!8m2!3d1.8482056!4d103.0758567!16s%2Fg%2F11g4kwgmw4!19sChIJS-9vsa9Z0DERIhupmEE5dug?authuser=0&hl=en&rclk=1,KFC Shell Parit Raja,3.9,(600),Operating
Johor,Sri Gading,https://www.google.com/maps/place/KFC+Batu+Pahat+DT/data=!4m7!3m6!1s0x31da6d30423cc35d:0x73f94b25ad03d74d!8m2!3d1.8654213!4d102.9451496!16s%2Fg%2F11bw2hrmrd!19sChIJXcM8QjBt2jERTdcDrSVL-XM?authuser=0&hl=en&rclk=1,KFC Batu Pahat DT,3.9,(922),Operating
Johor,Sri Gading,https://www.google.com/maps/place/KFC+Batu+Pahat+1/data=!4m7!3m6!1s0x31d056ceaf1685cb:0x617d35f2a01eed3a!8m2!3d1.852165!4d102.925916!16s%2Fg%2F1tfrzl5c!19sChIJy4UWr85W0DEROu0eoPI1fWE?authuser=0&hl=en&rclk=1,KFC Batu Pahat 1,4.2,(961),Operating
Johor,Sri Gading,https://www.google.com/maps/place/KFC+Tongkang+Pechah/data=!4m7!3m6!1s0x31d05170efc917f5:0x501ed6a0b261fa27!8m2!3d1.9126752!4d102.952585!16s%2Fg%2F11j5jjvcbg!19sChIJ9RfJ73BR0DERJ_phsqDWHlA?authuser=0&hl=en&rclk=1,KFC Tongkang Pechah,3.7,(125),Operating
Johor,Batu Pahat,https://www.google.com/maps/place/KFC+Batu+Pahat+DT/data=!4m7!3m6!1s0x31da6d30423cc35d:0x73f94b25ad03d74d!8m2!3d1.8654213!4d102.9451496!16s%2Fg%2F11bw2hrmrd!19sChIJXcM8QjBt2jERTdcDrSVL-XM?authuser=0&hl=en&rclk=1,KFC Batu Pahat DT,3.9,(922),Operating
Johor,Batu Pahat,https://www.google.com/maps/place/KFC+Batu+Pahat+1/data=!4m7!3m6!1s0x31d056ceaf1685cb:0x617d35f2a01eed3a!8m2!3d1.852165!4d102.925916!16s%2Fg%2F1tfrzl5c!19sChIJy4UWr85W0DEROu0eoPI1fWE?authuser=0&hl=en&rclk=1,KFC Batu Pahat 1,4.2,(961),Operating
Johor,Batu Pahat,https://www.google.com/maps/place/KFC+Riverside+Business+Park/data=!4m7!3m6!1s0x31d057ba9a4c9dbd:0x51cca95a450bbb5f!8m2!3d1.8389178!4d102.9241259!16s%2Fg%2F11j0j1pr1n!19sChIJvZ1MmrpX0DERX7sLRVqpzFE?authuser=0&hl=en&rclk=1,KFC Riverside Business Park,4.3,(268),Operating
Johor,Batu Pahat,"https://www.google.com/maps/place/KFC+Bukit+Pasir,+BP3/data=!4m7!3m6!1s0x31d0512901647c4d:0x7274a96a63bb3e08!8m2!3d1.8652184!4d102.9392993!16s%2Fg%2F1thsnx8q!19sChIJTXxkASlR0DERCD67Y2qpdHI?authuser=0&hl=en&rclk=1","KFC Bukit Pasir, BP3",3.9,(599),Operating
Johor,Batu Pahat,https://www.google.com/maps/place/KFC+AEON+Big+Batu+Pahat/data=!4m7!3m6!1s0x31d050d41a9be351:0xc6eb9b72b7f95baf!8m2!3d1.865691!4d102.9482103!16s%2Fg%2F1hc48gyzb!19sChIJUeObGtRQ0DERr1v5t3Kb68Y?authuser=0&hl=en&rclk=1,KFC AEON Big Batu Pahat,4.2,(333),Operating
Johor,Batu Pahat,https://www.google.com/maps/place/KFC+Tongkang+Pechah/data=!4m7!3m6!1s0x31d05170efc917f5:0x501ed6a0b261fa27!8m2!3d1.9126752!4d102.952585!16s%2Fg%2F11j5jjvcbg!19sChIJ9RfJ73BR0DERJ_phsqDWHlA?authuser=0&hl=en&rclk=1,KFC Tongkang Pechah,3.7,(125),Operating
Johor,Simpang Renggam,"https://www.google.com/maps/search/KFC+near+Simpang Renggam,+Johor",KFC Shell Simpang Renggam DT,4.1,(826),Operating
Johor,Kluang,https://www.google.com/maps/place/KFC+Kluang+1/data=!4m7!3m6!1s0x31d06db656106a2f:0x10aa679ede0eeeb5!8m2!3d2.0324557!4d103.3206725!16s%2Fg%2F1tq4nl_0!19sChIJL2oQVrZt0DERte4O3p5nqhA?authuser=0&hl=en&rclk=1,KFC Kluang 1,4.0,(862),Operating
Johor,Kluang,https://www.google.com/maps/place/KFC+SERI+IMPIAN+KLUANG+DT/data=!4m7!3m6!1s0x31d0712e49c1ef81:0x795a17f7af9679eb!8m2!3d1.9889241!4d103.3654363!16s%2Fg%2F11j3vwcsqf!19sChIJge_BSS5x0DER63mWr_cXWnk?authuser=0&hl=en&rclk=1,KFC SERI IMPIAN KLUANG DT,3.8,(561),Operating
Johor,Kluang,https://www.google.com/maps/place/KFC+Kluang+Mall+2/data=!4m7!3m6!1s0x31d06db1d88df135:0x5f8be81e783aadbe!8m2!3d2.0395033!4d103.3207452!16s%2Fg%2F1tdyswgg!19sChIJNfGN2LFt0DERvq06eB7oi18?authuser=0&hl=en&rclk=1,KFC Kluang Mall 2,4.0,(401),Operating
Johor,Kluang,https://www.google.com/maps/place/KFC+Kluang+2/data=!4m7!3m6!1s0x31d06c2f9b6ffe87:0x314ddab6b199de1f!8m2!3d2.0185086!4d103.3016834!16s%2Fg%2F1hc36xqy_!19sChIJh_5vmy9s0DERH96ZsbbaTTE?authuser=0&hl=en&rclk=1,KFC Kluang 2,3.9,(422),Operating
Johor,Kluang,https://www.google.com/maps/place/KFC+Kluang+Parade/data=!4m7!3m6!1s0x31d06db11827b787:0x3ee1dc94fc813813!8m2!3d2.0361051!4d103.3204158!16s%2Fg%2F1tx1qqgv!19sChIJh7cnGLFt0DEREziB_JTc4T4?authuser=0&hl=en&rclk=1,KFC Kluang Parade,4.3,(107),Operating
Johor,Kluang,https://www.google.com/maps/place/KFC+Shell+Simpang+Renggam+DT/data=!4m7!3m6!1s0x31d06301b3e8c88d:0x6f253f0cd5a511e8!8m2!3d1.8216914!4d103.3160294!16s%2Fg%2F11bxfct1fv!19sChIJjcjoswFj0DER6BGl1Qw_JW8?authuser=0&hl=en&rclk=1,KFC Shell Simpang Renggam DT,4.1,(826),Operating
Johor,Kluang,https://www.google.com/maps/place/KFC+Versis+Kluang/data=!4m7!3m6!1s0x31d06de4f8d5cae5:0x64afef1df9829148!8m2!3d2.0385448!4d103.3221883!16s%2Fg%2F11j3190j89!19sChIJ5crV-ORt0DERSJGC-R3vr2Q?authuser=0&hl=en&rclk=1,KFC Versis Kluang,3.8,(83),Temporarily Closed
Johor,Sembrong,https://www.google.com/maps/place/KFC+SERI+IMPIAN+KLUANG+DT/data=!4m7!3m6!1s0x31d0712e49c1ef81:0x795a17f7af9679eb!8m2!3d1.9889241!4d103.3654363!16s%2Fg%2F11j3vwcsqf!19sChIJge_BSS5x0DER63mWr_cXWnk?authuser=0&hl=en&rclk=1,KFC SERI IMPIAN KLUANG DT,3.8,(561),Operating
Johor,Sembrong,https://www.google.com/maps/place/KFC+Shell+Simpang+Renggam+DT/data=!4m7!3m6!1s0x31d06301b3e8c88d:0x6f253f0cd5a511e8!8m2!3d1.8216914!4d103.3160294!16s%2Fg%2F11bxfct1fv!19sChIJjcjoswFj0DER6BGl1Qw_JW8?authuser=0&hl=en&rclk=1,KFC Shell Simpang Renggam DT,4.1,(826),Operating
Johor,Sembrong,https://www.google.com/maps/place/KFC+Kluang+1/data=!4m7!3m6!1s0x31d06db656106a2f:0x10aa679ede0eeeb5!8m2!3d2.0324557!4d103.3206725!16s%2Fg%2F1tq4nl_0!19sChIJL2oQVrZt0DERte4O3p5nqhA?authuser=0&hl=en&rclk=1,KFC Kluang 1,4.0,(862),Operating
Johor,Sembrong,https://www.google.com/maps/place/KFC+Kluang+Parade/data=!4m7!3m6!1s0x31d06db11827b787:0x3ee1dc94fc813813!8m2!3d2.0361051!4d103.3204158!16s%2Fg%2F1tx1qqgv!19sChIJh7cnGLFt0DEREziB_JTc4T4?authuser=0&hl=en&rclk=1,KFC Kluang Parade,4.3,(107),Operating
Johor,Sembrong,https://www.google.com/maps/place/KFC+Kluang+2/data=!4m7!3m6!1s0x31d06c2f9b6ffe87:0x314ddab6b199de1f!8m2!3d2.0185086!4d103.3016834!16s%2Fg%2F1hc36xqy_!19sChIJh_5vmy9s0DERH96ZsbbaTTE?authuser=0&hl=en&rclk=1,KFC Kluang 2,3.9,(422),Operating
Johor,Sembrong,https://www.google.com/maps/place/KFC+Kluang+Mall+2/data=!4m7!3m6!1s0x31d06db1d88df135:0x5f8be81e783aadbe!8m2!3d2.0395033!4d103.3207452!16s%2Fg%2F1tdyswgg!19sChIJNfGN2LFt0DERvq06eB7oi18?authuser=0&hl=en&rclk=1,KFC Kluang Mall 2,4.0,(401),Operating
Johor,Sembrong,https://www.google.com/maps/place/KFC+Versis+Kluang/data=!4m7!3m6!1s0x31d06de4f8d5cae5:0x64afef1df9829148!8m2!3d2.0385448!4d103.3221883!16s%2Fg%2F11j3190j89!19sChIJ5crV-ORt0DERSJGC-R3vr2Q?authuser=0&hl=en&rclk=1,KFC Versis Kluang,3.8,(83),Temporarily Closed
Johor,Sembrong,https://www.google.com/maps/place/KFC+Bandar+Baru+Ayer+Hitam+Johor/data=!4m7!3m6!1s0x31d067f1871dbec7:0xc0896fa4ad37094e!8m2!3d1.9218461!4d103.1824661!16s%2Fg%2F11bbrgfbwm!19sChIJx74dh_Fn0DERTgk3raRvicA?authuser=0&hl=en&rclk=1,KFC Bandar Baru Ayer Hitam Johor,4.0,(933),Operating
Johor,Sembrong,https://www.google.com/maps/place/KFC+Bandar+Tenggara/data=!4m7!3m6!1s0x31da814627982785:0x12771ed506831f2e!8m2!3d1.8395606!4d103.6250341!16s%2Fg%2F11bbrkbnyd!19sChIJhSeYJ0aB2jERLh-DBtUedxI?authuser=0&hl=en&rclk=1,KFC Bandar Tenggara,3.8,(829),Operating
Johor,Sembrong,https://www.google.com/maps/place/KFC+Yong+Peng/data=!4m7!3m6!1s0x31d0441e5ab7027d:0xe55caca0e2936a70!8m2!3d2.0113849!4d103.0625547!16s%2Fg%2F12qgzh067!19sChIJfQK3Wh5E0DERcGqT4qCsXOU?authuser=0&hl=en&rclk=1,KFC Yong Peng,3.9,(965),Operating
Johor,Sembrong,https://www.google.com/maps/place/KFC+Seri+Alam+DT/data=!4m7!3m6!1s0x31da6ae736d150f3:0xeee2c1b06b0ba445!8m2!3d1.4967649!4d103.8743343!16s%2Fg%2F11cmqx_20c!19sChIJ81DRNudq2jERRaQLa7DB4u4?authuser=0&hl=en&rclk=1,KFC Seri Alam DT,3.7,"(1,383)",Operating
Johor,Sembrong,https://www.google.com/maps/place/KFC+Stulang+Laut/data=!4m7!3m6!1s0x31da13264eb07c75:0xe7f5cc4cf3c42a4a!8m2!3d1.4664343!4d103.7788006!16s%2Fg%2F1q62gzw6r!19sChIJdXywTiYT2jERSirE80zM9ec?authuser=0&hl=en&rclk=1,KFC Stulang Laut,4.1,"(3,205)",Operating
Johor,Sembrong,https://www.google.com/maps/place/KFC+Shell+Parit+Raja/data=!4m7!3m6!1s0x31d059afb16fef4b:0xe876394198a91b22!8m2!3d1.8482056!4d103.0758567!16s%2Fg%2F11g4kwgmw4!19sChIJS-9vsa9Z0DERIhupmEE5dug?authuser=0&hl=en&rclk=1,KFC Shell Parit Raja,3.9,(600),Operating
Johor,Sembrong,https://www.google.com/maps/place/KFC+Taman+Molek/data=!4m7!3m6!1s0x31da6c4ffd5c832d:0xdba8102b213ee3f4!8m2!3d1.5241243!4d103.7860815!16s%2Fg%2F1hc3hr9wp!19sChIJLYNc_U9s2jER9OM-ISsQqNs?authuser=0&hl=en&rclk=1,KFC Taman Molek,3.6,(618),Operating
Johor,Sembrong,https://www.google.com/maps/place/KFC+JB+Sentral/data=!4m7!3m6!1s0x31da12db520fcb5b:0xf36f2d10ff629680!8m2!3d1.463675!4d103.7640109!16s%2Fg%2F11c67rym0q!19sChIJW8sPUtsS2jERgJZi_xAtb_M?authuser=0&hl=en&rclk=1,KFC JB Sentral,2.6,(258),Operating
Johor,Sembrong,https://www.google.com/maps/place/KFC+Paradigm+Mall/data=!4m7!3m6!1s0x31da72ff7beb5169:0x9e906340ef6f78c9!8m2!3d1.516239!4d103.6851193!16s%2Fg%2F11hbgb986k!19sChIJaVHre_9y2jERyXhv70BjkJ4?authuser=0&hl=en&rclk=1,KFC Paradigm Mall,2.5,(240),Operating
Johor,Sembrong,https://www.google.com/maps/place/KFC+Benut/data=!4m7!3m6!1s0x31d08de6f193ccdd:0xa86eaa230b0f6d9d!8m2!3d1.649718!4d103.2598082!16s%2Fg%2F11c610_2d4!19sChIJ3cyT8eaN0DERnW0PCyOqbqg?authuser=0&hl=en&rclk=1,KFC Benut,3.7,(180),Operating
Johor,Sembrong,https://www.google.com/maps/place/KFC+Johor+Jaya/data=!4m7!3m6!1s0x31da6c17680a8a0f:0x21e4e309085a4910!8m2!3d1.5423195!4d103.8029165!16s%2Fg%2F1tfmkxql!19sChIJD4oKaBds2jEREElaCAnj5CE?authuser=0&hl=en&rclk=1,KFC Johor Jaya,3.4,(424),Operating
Johor,Sembrong,https://www.google.com/maps/place/KFC+Petronas+Taman+University+DT/data=!4m7!3m6!1s0x31da746c557a11b7:0x247fa31bdb3bbe94!8m2!3d1.5413028!4d103.628076!16s%2Fg%2F11g5_42qr9!19sChIJtxF6VWx02jERlL472xujfyQ?authuser=0&hl=en&rclk=1,KFC Petronas Taman University DT,3.6,(871),Operating
Johor,Mersing,https://www.google.com/maps/place/KFC+MERSING+HARBOUR+DT/data=!4m7!3m6!1s0x31c54bc706f21e57:0xcb83147af3f10763!8m2!3d2.4333362!4d103.8389684!16s%2Fg%2F11sz3s23j1!19sChIJVx7yBsdLxTERYwfx83oUg8s?authuser=0&hl=en&rclk=1,KFC MERSING HARBOUR DT,3.3,(24),Temporarily Closed
Johor,Mersing,https://www.google.com/maps/place/KFC+Mersing/data=!4m7!3m6!1s0x31c54b9be67fe551:0x6cf3a18d4123576d!8m2!3d2.4313561!4d103.8352552!16s%2Fg%2F1hc2j55kj!19sChIJUeV_5ptLxTERbVcjQY2h82w?authuser=0&hl=en&rclk=1,KFC Mersing,4.1,"(1,287)",Operating
Johor,Mersing,https://www.google.com/maps/place/KFC+Tanjung+Leman+Kiosk/data=!4m7!3m6!1s0x31dac156738a953d:0x1cceb88b57b1a2fa!8m2!3d2.1524445!4d104.0055981!16s%2Fg%2F1q63cj70b!19sChIJPZWKc1bB2jER-qKxV4u4zhw?authuser=0&hl=en&rclk=1,KFC Tanjung Leman Kiosk,4.1,(325),Temporarily Closed
Johor,Tenggara,"https://www.google.com/maps/search/KFC+near+Tenggara,+Johor",KFC Bandar Tenggara,3.8,(829),Operating
Johor,Kota Tinggi,https://www.google.com/maps/place/KFC+SERI+IMPIAN+KLUANG+DT/data=!4m7!3m6!1s0x31d0712e49c1ef81:0x795a17f7af9679eb!8m2!3d1.9889241!4d103.3654363!16s%2Fg%2F11j3vwcsqf!19sChIJge_BSS5x0DER63mWr_cXWnk?authuser=0&hl=en&rclk=1,KFC SERI IMPIAN KLUANG DT,3.8,(561),Operating
Johor,Kota Tinggi,https://www.google.com/maps/place/KFC+Kota+Tinggi/data=!4m7!3m6!1s0x31da5ff10625ba83:0xd62e046840b72419!8m2!3d1.7309262!4d103.901543!16s%2Fg%2F1tfbqdm0!19sChIJg7olBvFf2jERGSS3QGgELtY?authuser=0&hl=en&rclk=1,KFC Kota Tinggi,3.9,(779),Operating
Johor,Kota Tinggi,https://www.google.com/maps/place/KFC+KIP+Mart+Kota+Tinggi/data=!4m7!3m6!1s0x31da615d173dc371:0xa3cfd9992e4fa82f!8m2!3d1.7328098!4d103.90583!16s%2Fg%2F11h2d7kv0d!19sChIJccM9F11h2jERL6hPLpnZz6M?authuser=0&hl=en&rclk=1,KFC KIP Mart Kota Tinggi,3.2,(22),Temporarily Closed
Johor,Pengerang,https://www.google.com/maps/place/KFC+Desaru/data=!4m7!3m6!1s0x31da4c799b749cc9:0xef0658e3602c8a52!8m2!3d1.573477!4d104.214973!16s%2Fg%2F11c2qfl651!19sChIJyZx0m3lM2jERUoosYONYBu8?authuser=0&hl=en&rclk=1,KFC Desaru,3.7,"(1,232)",Operating
Johor,Pengerang,https://www.google.com/maps/place/KFC+Kota+Tinggi/data=!4m7!3m6!1s0x31da5ff10625ba83:0xd62e046840b72419!8m2!3d1.7309262!4d103.901543!16s%2Fg%2F1tfbqdm0!19sChIJg7olBvFf2jERGSS3QGgELtY?authuser=0&hl=en&rclk=1,KFC Kota Tinggi,3.9,(779),Operating
Johor,Pengerang,https://www.google.com/maps/place/KFC+Stulang+Laut/data=!4m7!3m6!1s0x31da13264eb07c75:0xe7f5cc4cf3c42a4a!8m2!3d1.4664343!4d103.7788006!16s%2Fg%2F1q62gzw6r!19sChIJdXywTiYT2jERSirE80zM9ec?authuser=0&hl=en&rclk=1,KFC Stulang Laut,4.1,"(3,205)",Operating
Johor,Pengerang,https://www.google.com/maps/place/KFC+Seri+Gelam+DT/data=!4m7!3m6!1s0x31da12bcfff44795:0x296cee79b865f268!8m2!3d1.4607725!4d103.7432988!16s%2Fg%2F11b7k0mtqh!19sChIJlUf0_7wS2jERaPJluHnubCk?authuser=0&hl=en&rclk=1,KFC Seri Gelam DT,3.9,"(1,914)",Operating
Johor,Pengerang,https://www.google.com/maps/place/KFC+Petron+Dato+Onn+DT/data=!4m7!3m6!1s0x31da6dd0fe973e25:0x32071a0fb41447c5!8m2!3d1.5509524!4d103.7394804!16s%2Fg%2F11fmz_ng9c!19sChIJJT6X_tBt2jERxUcUtA8aBzI?authuser=0&hl=en&rclk=1,KFC Petron Dato Onn DT,3.4,(623),Operating
Johor,Pengerang,https://www.google.com/maps/place/KFC+Johor+Jaya/data=!4m7!3m6!1s0x31da6c17680a8a0f:0x21e4e309085a4910!8m2!3d1.5423195!4d103.8029165!16s%2Fg%2F1tfmkxql!19sChIJD4oKaBds2jEREElaCAnj5CE?authuser=0&hl=en&rclk=1,KFC Johor Jaya,3.4,(424),Operating
Johor,Pengerang,https://www.google.com/maps/place/KFC+Taman+Molek/data=!4m7!3m6!1s0x31da6c4ffd5c832d:0xdba8102b213ee3f4!8m2!3d1.5241243!4d103.7860815!16s%2Fg%2F1hc3hr9wp!19sChIJLYNc_U9s2jER9OM-ISsQqNs?authuser=0&hl=en&rclk=1,KFC Taman Molek,3.6,(618),Operating
Johor,Pengerang,https://www.google.com/maps/place/KFC+Seri+Alam+DT/data=!4m7!3m6!1s0x31da6ae736d150f3:0xeee2c1b06b0ba445!8m2!3d1.4967649!4d103.8743343!16s%2Fg%2F11cmqx_20c!19sChIJ81DRNudq2jERRaQLa7DB4u4?authuser=0&hl=en&rclk=1,KFC Seri Alam DT,3.7,"(1,383)",Operating
Johor,Pengerang,https://www.google.com/maps/place/KFC+Rengit/data=!4m7!3m6!1s0x31d050c141733b5b:0x684f4433676ab44e!8m2!3d1.6801604!4d103.1478899!16s%2Fg%2F1hc3ns4cb!19sChIJWztzQcFQ0DERTrRqZzNET2g?authuser=0&hl=en&rclk=1,KFC Rengit,3.9,(409),Permanently Closed
Johor,Pengerang,https://www.google.com/maps/place/KFC+PETRON+PENGERANG/data=!4m7!3m6!1s0x31da324fc198104d:0xbb0ad580cda4706b!8m2!3d1.3538698!4d104.226811!16s%2Fg%2F11d_tkrhh5!19sChIJTRCYwU8y2jERa3CkzYDVCrs?authuser=0&hl=en&rclk=1,KFC PETRON PENGERANG,3.5,(478),Permanently Closed
Johor,Tebrau,https://www.google.com/maps/place/KFC+Toppen+Mall/data=!4m7!3m6!1s0x31da6f1f15259d61:0x6bbe0d679b0f1a6!8m2!3d1.5527241!4d103.797873!16s%2Fg%2F11fpklgxkp!19sChIJYZ0lFR9v2jERpvGwedbguwY?authuser=0&hl=en&rclk=1,KFC Toppen Mall,2.2,(91),Operating
Johor,Tebrau,https://www.google.com/maps/place/KFC+Puteri+Wangsa+DT/data=!4m7!3m6!1s0x31da6ec97331743d:0xf78bfd239d1b1cb9!8m2!3d1.5738455!4d103.814424!16s%2Fg%2F11b5zs6x3d!19sChIJPXQxc8lu2jERuRwbnSP9i_c?authuser=0&hl=en&rclk=1,KFC Puteri Wangsa DT,4.0,"(1,515)",Operating
Johor,Tebrau,https://www.google.com/maps/place/KFC+AEON+Tebrau+City/data=!4m7!3m6!1s0x31da6c21b36b93e7:0x7318a48c7d5db8b0!8m2!3d1.5490688!4d103.7959073!16s%2Fg%2F1hc1yk5fd!19sChIJ55NrsyFs2jERsLhdfYykGHM?authuser=0&hl=en&rclk=1,KFC AEON Tebrau City,2.5,(262),Permanently Closed
Johor,Pasir Gudang,https://www.google.com/maps/place/KFC+Pasir+Gudang+DT/data=!4m7!3m6!1s0x31da6ab5aa2bbec3:0x7063676e7a6bb9c0!8m2!3d1.4818495!4d103.8921536!16s%2Fg%2F1hc5081d1!19sChIJw74rqrVq2jERwLlrem5nY3A?authuser=0&hl=en&rclk=1,KFC Pasir Gudang DT,3.8,"(1,423)",Operating
Johor,Pasir Gudang,https://www.google.com/maps/place/KFC+Pasir+Gudang/data=!4m7!3m6!1s0x31da15455cbcea51:0x316bf8dadb9ab0d2!8m2!3d1.4665514!4d103.9016327!16s%2Fg%2F1tfk1yts!19sChIJUeq8XEUV2jER0rCa29r4azE?authuser=0&hl=en&rclk=1,KFC Pasir Gudang,3.8,(150),Operating
Johor,Pasir Gudang,https://www.google.com/maps/place/KFC+KOTA+MASAI/data=!4m7!3m6!1s0x31da41a7a2a5dc25:0xaf4af14eec74880a!8m2!3d1.4845596!4d103.937128!16s%2Fg%2F11rnxs0_6c!19sChIJJdyloqdB2jERCoh07E7xSq8?authuser=0&hl=en&rclk=1,KFC KOTA MASAI,3.8,(332),Operating
Johor,Pasir Gudang,https://www.google.com/maps/place/KFC-+Petron+Taman+Cahaya+Masai/data=!4m7!3m6!1s0x31da412402c1fe65:0xea1da1b287fb2422!8m2!3d1.5095355!4d103.922889!16s%2Fg%2F11rn58dsr4!19sChIJZf7BAiRB2jERIiT7h7KhHeo?authuser=0&hl=en&rclk=1,KFC- Petron Taman Cahaya Masai,3.8,(115),Operating
Johor,Pasir Gudang,https://www.google.com/maps/place/KFC+Taman+Cahaya+Masai/data=!4m7!3m6!1s0x31da402efd53728f:0x78034806f6365939!8m2!3d1.5067312!4d103.9225268!16s%2Fg%2F1hc17dwcv!19sChIJj3JT_S5A2jEROVk29gZIA3g?authuser=0&hl=en&rclk=1,KFC Taman Cahaya Masai,4.0,(625),Temporarily Closed
Johor,Johor Bahru,https://www.google.com/maps/place/KFC+Johor+Jaya/data=!4m7!3m6!1s0x31da6c17680a8a0f:0x21e4e309085a4910!8m2!3d1.5423195!4d103.8029165!16s%2Fg%2F1tfmkxql!19sChIJD4oKaBds2jEREElaCAnj5CE?authuser=0&hl=en&rclk=1,KFC Johor Jaya,3.4,(424),Operating
Johor,Johor Bahru,https://www.google.com/maps/place/KFC+Damansara+Aliff+DT/data=!4m7!3m6!1s0x31da7283de2324c9:0x82740d38b99d74af!8m2!3d1.5102714!4d103.7246808!16s%2Fg%2F1hc22l9pp!19sChIJySQj3oNy2jERr3SduTgNdII?authuser=0&hl=en&rclk=1,KFC Damansara Aliff DT,4.0,"(1,454)",Operating
Johor,Johor Bahru,https://www.google.com/maps/place/KFC+Setia+Tropika+DT/data=!4m7!3m6!1s0x31da72069af9565b:0x9430f380df43532f!8m2!3d1.5487152!4d103.718089!16s%2Fg%2F1hc2f7tbw!19sChIJW1b5mgZy2jERL1ND34DzMJQ?authuser=0&hl=en&rclk=1,KFC Setia Tropika DT,3.5,"(1,438)",Operating
Johor,Johor Bahru,https://www.google.com/maps/place/KFC+Stulang+Laut/data=!4m7!3m6!1s0x31da13264eb07c75:0xe7f5cc4cf3c42a4a!8m2!3d1.4664343!4d103.7788006!16s%2Fg%2F1q62gzw6r!19sChIJdXywTiYT2jERSirE80zM9ec?authuser=0&hl=en&rclk=1,KFC Stulang Laut,4.1,"(3,205)",Operating
Johor,Johor Bahru,https://www.google.com/maps/place/KFC+JB+Sentral/data=!4m7!3m6!1s0x31da12db520fcb5b:0xf36f2d10ff629680!8m2!3d1.463675!4d103.7640109!16s%2Fg%2F11c67rym0q!19sChIJW8sPUtsS2jERgJZi_xAtb_M?authuser=0&hl=en&rclk=1,KFC JB Sentral,2.6,(258),Operating
Johor,Johor Bahru,"https://www.google.com/maps/place/KFC+KSL+City+Mall,+Johor/data=!4m7!3m6!1s0x31da6d30732a62cf:0x54ee9c1c1d841474!8m2!3d1.4860898!4d103.7620094!16s%2Fg%2F12qfygjbq!19sChIJz2IqczBt2jERdBSEHRyc7lQ?authuser=0&hl=en&rclk=1","KFC KSL City Mall, Johor",3.8,(742),Operating
Johor,Johor Bahru,https://www.google.com/maps/place/KFC+Petronas+Taman+University+DT/data=!4m7!3m6!1s0x31da746c557a11b7:0x247fa31bdb3bbe94!8m2!3d1.5413028!4d103.628076!16s%2Fg%2F11g5_42qr9!19sChIJtxF6VWx02jERlL472xujfyQ?authuser=0&hl=en&rclk=1,KFC Petronas Taman University DT,3.6,(871),Operating
Johor,Johor Bahru,https://www.google.com/maps/place/KFC+Larkin/data=!4m7!3m6!1s0x31da6d6c6e75e105:0x68a29aa736441641!8m2!3d1.501487!4d103.7480582!16s%2Fg%2F1tfn__69!19sChIJBeF1bmxt2jERQRZENqeaomg?authuser=0&hl=en&rclk=1,KFC Larkin,3.7,(601),Operating
Johor,Johor Bahru,https://www.google.com/maps/place/KFC+Petron+Dato+Onn+DT/data=!4m7!3m6!1s0x31da6dd0fe973e25:0x32071a0fb41447c5!8m2!3d1.5509524!4d103.7394804!16s%2Fg%2F11fmz_ng9c!19sChIJJT6X_tBt2jERxUcUtA8aBzI?authuser=0&hl=en&rclk=1,KFC Petron Dato Onn DT,3.4,(623),Operating
Johor,Johor Bahru,https://www.google.com/maps/place/KFC+Paradigm+Mall/data=!4m7!3m6!1s0x31da72ff7beb5169:0x9e906340ef6f78c9!8m2!3d1.516239!4d103.6851193!16s%2Fg%2F11hbgb986k!19sChIJaVHre_9y2jERyXhv70BjkJ4?authuser=0&hl=en&rclk=1,KFC Paradigm Mall,2.5,(240),Operating
Johor,Johor Bahru,https://www.google.com/maps/place/KFC+AEON+Taman+Universiti/data=!4m7!3m6!1s0x31da746daaaaaaab:0xca8c61094433a9a3!8m2!3d1.542751!4d103.629072!16s%2Fg%2F1hc2tc1z0!19sChIJq6qqqm102jERo6kzRAlhjMo?authuser=0&hl=en&rclk=1,KFC AEON Taman Universiti,3.5,(212),Operating
Johor,Johor Bahru,https://www.google.com/maps/place/KFC+Taman+Perling+DT/data=!4m7!3m6!1s0x31da72d59fc37d3b:0xea6111d4ce34e764!8m2!3d1.4984487!4d103.682441!16s%2Fg%2F1vk6wqxn!19sChIJO33Dn9Vy2jERZOc0ztQRYeo?authuser=0&hl=en&rclk=1,KFC Taman Perling DT,3.7,"(1,786)",Operating
Johor,Johor Bahru,https://www.google.com/maps/place/KFC+Seri+Gelam+DT/data=!4m7!3m6!1s0x31da12bcfff44795:0x296cee79b865f268!8m2!3d1.4607725!4d103.7432988!16s%2Fg%2F11b7k0mtqh!19sChIJlUf0_7wS2jERaPJluHnubCk?authuser=0&hl=en&rclk=1,KFC Seri Gelam DT,3.9,"(1,914)",Operating
Johor,Johor Bahru,https://www.google.com/maps/place/KFC+Taman+Daya/data=!4m7!3m6!1s0x31da6dd01630b94d:0x461ef0d046458803!8m2!3d1.5438777!4d103.7648195!16s%2Fg%2F1tlwc506!19sChIJTbkwFtBt2jERA4hFRtDwHkY?authuser=0&hl=en&rclk=1,KFC Taman Daya,3.6,(965),Operating
Johor,Johor Bahru,https://www.google.com/maps/place/KFC+Shell+Mount+Austin+DT/data=!4m7!3m6!1s0x31da6c2f560257ed:0xcf970b825f62568c!8m2!3d1.5472408!4d103.7868705!16s%2Fg%2F11f_d_8hph!19sChIJ7VcCVi9s2jERjFZiX4ILl88?authuser=0&hl=en&rclk=1,KFC Shell Mount Austin DT,3.8,(979),Operating
Johor,Johor Bahru,https://www.google.com/maps/place/KFC+Taman+Molek/data=!4m7!3m6!1s0x31da6c4ffd5c832d:0xdba8102b213ee3f4!8m2!3d1.5241243!4d103.7860815!16s%2Fg%2F1hc3hr9wp!19sChIJLYNc_U9s2jER9OM-ISsQqNs?authuser=0&hl=en&rclk=1,KFC Taman Molek,3.6,(618),Operating
Johor,Johor Bahru,https://www.google.com/maps/place/KFC+Terminal+Larkin+DT/data=!4m7!3m6!1s0x31da6d42673da841:0x252b728ca917398c!8m2!3d1.4950219!4d103.7438921!16s%2Fg%2F1hc41x_70!19sChIJQag9Z0Jt2jERjDkXqYxyKyU?authuser=0&hl=en&rclk=1,KFC Terminal Larkin DT,3.9,"(1,772)",Operating
Johor,Johor Bahru,https://www.google.com/maps/place/KFC+Senai+Impian+Johor+Drive+Thru/data=!4m7!3m6!1s0x31da70d76d01bfa7:0x9c3ec17b2451eb1!8m2!3d1.5935086!4d103.6473022!16s%2Fg%2F11bvt3vvm9!19sChIJp78Bbddw2jERsR5Fshfswwk?authuser=0&hl=en&rclk=1,KFC Senai Impian Johor Drive Thru,3.8,"(1,459)",Operating
Johor,Johor Bahru,https://www.google.com/maps/place/KFC+Tun+Aminah/data=!4m7!3m6!1s0x31da73a3433f5c41:0x58e1d2136ee612b7!8m2!3d1.5238431!4d103.6644591!16s%2Fg%2F1tdnhnb8!19sChIJQVw_Q6Nz2jERtxLmbhPS4Vg?authuser=0&hl=en&rclk=1,KFC Tun Aminah,3.7,(765),Operating
Johor,Johor Bahru,https://www.google.com/maps/place/KFC+Nusa+Bestari/data=!4m7!3m6!1s0x31da736a70c54bf7:0x489811523b7cd541!8m2!3d1.4969984!4d103.6557305!16s%2Fg%2F1hc5wr84r!19sChIJ90vFcGpz2jERQdV8O1IRmEg?authuser=0&hl=en&rclk=1,KFC Nusa Bestari,3.7,(873),Operating
Johor,Johor Bahru,https://www.google.com/maps/place/KFC+AEON+Bukit+Indah/data=!4m7!3m6!1s0x31da734bc26d4cb7:0x87fea2424ce0d92d!8m2!3d1.4811688!4d103.6560629!16s%2Fg%2F1hc2qf236!19sChIJt0xtwktz2jERLdngTEKi_oc?authuser=0&hl=en&rclk=1,KFC AEON Bukit Indah,2.8,(515),Operating
Johor,Johor Bahru,https://www.google.com/maps/place/KFC+Puteri+Wangsa+DT/data=!4m7!3m6!1s0x31da6ec97331743d:0xf78bfd239d1b1cb9!8m2!3d1.5738455!4d103.814424!16s%2Fg%2F11b5zs6x3d!19sChIJPXQxc8lu2jERuRwbnSP9i_c?authuser=0&hl=en&rclk=1,KFC Puteri Wangsa DT,4.0,"(1,515)",Operating
Johor,Johor Bahru,https://www.google.com/maps/place/KFC+Kulai+DT/data=!4m7!3m6!1s0x31da79fec4f3a3d5:0x898433fdbff4093b!8m2!3d1.6326105!4d103.6324183!16s%2Fg%2F1hc1kz2d1!19sChIJ1aPzxP552jEROwn0v_0zhIk?authuser=0&hl=en&rclk=1,KFC Kulai DT,3.4,"(1,034)",Operating
Johor,Johor Bahru,https://www.google.com/maps/place/KFC+Permas+Jaya/data=!4m7!3m6!1s0x31da6c9ed4fbc6a5:0x314397601fa1605c!8m2!3d1.498262!4d103.8160714!16s%2Fg%2F11ckr64r4d!19sChIJpcb71J5s2jERXGChH2CXQzE?authuser=0&hl=en&rclk=1,KFC Permas Jaya,3.8,(899),Operating
Johor,Johor Bahru,https://www.google.com/maps/place/KFC+Plaza+Angsana/data=!4m7!3m6!1s0x31da72c0757563d7:0x443744f27c749716!8m2!3d1.495057!4d103.7054656!16s%2Fg%2F1hc19_wkl!19sChIJ12N1dcBy2jERFpd0fPJEN0Q?authuser=0&hl=en&rclk=1,KFC Plaza Angsana,4.2,(295),Operating
Johor,Johor Bahru,https://www.google.com/maps/place/KFC+AEON+Kulaijaya/data=!4m7!3m6!1s0x31da79e8dfc35267:0x535e32266379336a!8m2!3d1.6405946!4d103.6175987!16s%2Fg%2F11bwc0q6gb!19sChIJZ1LD3-h52jERajN5YyYyXlM?authuser=0&hl=en&rclk=1,KFC AEON Kulaijaya,3.2,(325),Operating
Johor,Johor Bahru,https://www.google.com/maps/place/KFC+Taman+Bukit+Tiram+%28Ulu+Tiram%29/data=!4m7!3m6!1s0x31da6f4bd5bd6c39:0x4c3b811ce3a6093!8m2!3d1.6022624!4d103.8144717!16s%2Fg%2F1hc3g19b0!19sChIJOWy91Utv2jERk2A6zhG4wwQ?authuser=0&hl=en&rclk=1,KFC Taman Bukit Tiram (Ulu Tiram),4.0,(878),Operating
Johor,Johor Bahru,https://www.google.com/maps/place/KFC+City+Square/data=!4m7!3m6!1s0x31da12c34cad0b41:0x52988d84b042a28c!8m2!3d1.4619775!4d103.7639839!16s%2Fg%2F11bwc7485l!19sChIJQQutTMMS2jERjKJCsISNmFI?authuser=0&hl=en&rclk=1,KFC City Square,2.5,(324),Operating
Johor,Johor Bahru,https://www.google.com/maps/place/KFC+STADIUM+JDT/data=!4m7!3m6!1s0x31da75e311ea5d31:0xcbf6a15d9f6af742!8m2!3d1.4818427!4d103.620332!16s%2Fg%2F11k3m7w4yl!19sChIJMV3qEeN12jERQvdqn12h9ss?authuser=0&hl=en&rclk=1,KFC STADIUM JDT,4.5,(182),Operating
Johor,Johor Bahru,https://www.google.com/maps/place/KFC+Petronas+Senai+Airport+DT/data=!4m7!3m6!1s0x31da7bf82af03f43:0x13ea074037b82c6a!8m2!3d1.6339472!4d103.661958!16s%2Fg%2F11hyrh_j8y!19sChIJQz_wKvh72jERaiy4N0AH6hM?authuser=0&hl=en&rclk=1,KFC Petronas Senai Airport DT,3.6,(380),Operating
Johor,Johor Bahru,https://www.google.com/maps/place/KFC+Sutera+Mall+Skudai/data=!4m7!3m6!1s0x31da730855555555:0x49438332b05f2a54!8m2!3d1.5174205!4d103.6724741!16s%2Fg%2F1tfkc36v!19sChIJVVVVVQhz2jERVCpfsDKDQ0k?authuser=0&hl=en&rclk=1,KFC Sutera Mall Skudai,3.2,(260),Operating
Johor,Johor Bahru,https://www.google.com/maps/place/KFC+MID+VALLEY+SOUTHKEY/data=!4m7!3m6!1s0x31da6dcd9452edd3:0xf117c6441cd37768!8m2!3d1.5012053!4d103.7769041!16s%2Fg%2F11l2ljh7g6!19sChIJ0-1SlM1t2jERaHfTHETGF_E?authuser=0&hl=en&rclk=1,KFC MID VALLEY SOUTHKEY,3.2,(191),Operating
Johor,Johor Bahru,https://www.google.com/maps/place/KFC+Mutiara+Rini+DT/data=!4m7!3m6!1s0x31da748038132599:0xf87bf92412fc89e8!8m2!3d1.5141344!4d103.6350875!16s%2Fg%2F11b6q2n8tv!19sChIJmSUTOIB02jER6In8EiT5e_g?authuser=0&hl=en&rclk=1,KFC Mutiara Rini DT,3.7,"(1,692)",Operating
Johor,Johor Bahru,https://www.google.com/maps/place/KFC+Seri+Alam+DT/data=!4m7!3m6!1s0x31da6ae736d150f3:0xeee2c1b06b0ba445!8m2!3d1.4967649!4d103.8743343!16s%2Fg%2F11cmqx_20c!19sChIJ81DRNudq2jERRaQLa7DB4u4?authuser=0&hl=en&rclk=1,KFC Seri Alam DT,3.7,"(1,383)",Operating
Johor,Johor Bahru,https://www.google.com/maps/place/KFC+Galleria+Kota+Raya/data=!4m7!3m6!1s0x31da12c2b180e0bf:0xccf987339d0340f1!8m2!3d1.4595427!4d103.7630544!16s%2Fg%2F11bvvy1nrv!19sChIJv-CAscIS2jER8UADnTOH-cw?authuser=0&hl=en&rclk=1,KFC Galleria Kota Raya,3.2,(120),Operating
Johor,Johor Bahru,https://www.google.com/maps/place/KFC+Senai+Airport/data=!4m7!3m6!1s0x31da7a719d2cd80b:0x18689a9dff154088!8m2!3d1.6354732!4d103.6664606!16s%2Fg%2F11c2qkgzwc!19sChIJC9gsnXF62jERiEAV_52aaBg?authuser=0&hl=en&rclk=1,KFC Senai Airport,2.8,(131),Operating
Johor,Johor Bahru,https://www.google.com/maps/place/KFC+Kulai/data=!4m7!3m6!1s0x31da79aa611b8c1d:0x993a78469b1ec1a9!8m2!3d1.6594381!4d103.6059027!16s%2Fg%2F1hc25hd6r!19sChIJHYwbYap52jERqcEem0Z4Opk?authuser=0&hl=en&rclk=1,KFC Kulai,3.8,(616),Operating
Johor,Johor Bahru,https://www.google.com/maps/place/KFC+Nusa+Perintis+Gelang+Patah/data=!4m7!3m6!1s0x31da0b03738e6cfb:0x6800c949091f41ce!8m2!3d1.4506371!4d103.5922588!16s%2Fg%2F1hc5qkkdb!19sChIJ-2yOcwML2jERzkEfCUnJAGg?authuser=0&hl=en&rclk=1,KFC Nusa Perintis Gelang Patah,3.8,"(1,776)",Operating
Johor,Johor Bahru,https://www.google.com/maps/place/KFC+Toppen+Mall/data=!4m7!3m6!1s0x31da6f1f15259d61:0x6bbe0d679b0f1a6!8m2!3d1.5527241!4d103.797873!16s%2Fg%2F11fpklgxkp!19sChIJYZ0lFR9v2jERpvGwedbguwY?authuser=0&hl=en&rclk=1,KFC Toppen Mall,2.2,(91),Operating
Johor,Johor Bahru,https://www.google.com/maps/place/KFC+Taman+Gaya+%28ULU+TIRAM%29/data=!4m7!3m6!1s0x31da6ebedb9f12ed:0xe52ab816c9b7672e!8m2!3d1.5684617!4d103.8033676!16s%2Fg%2F1hc32n9py!19sChIJ7RKf275u2jERLme3yRa4KuU?authuser=0&hl=en&rclk=1,KFC Taman Gaya (ULU TIRAM),3.6,(641),Operating
Johor,Johor Bahru,"https://www.google.com/maps/place/KFC+Lotus%27s+Seri+Alam,+JB/data=!4m7!3m6!1s0x31da6ae0394168ed:0xe3bd62335ee82962!8m2!3d1.4969484!4d103.8695262!16s%2Fg%2F1hc1fk2rw!19sChIJ7WhBOeBq2jERYinoXjNiveM?authuser=0&hl=en&rclk=1","KFC Lotus's Seri Alam, JB",3.7,(220),Operating
Johor,Johor Bahru,https://www.google.com/maps/place/KFC+JBCC/data=!4m7!3m6!1s0x31da12c4a5884a1f:0xeee701177c49baba!8m2!3d1.4638685!4d103.7627595!16s%2Fg%2F11bwfjngx6!19sChIJH0qIpcQS2jERurpJfBcB5-4?authuser=0&hl=en&rclk=1,KFC JBCC,2.8,(23),Temporarily Closed
Johor,Pulai,https://www.google.com/maps/place/KFC+Petronas+Taman+University+DT/data=!4m7!3m6!1s0x31da746c557a11b7:0x247fa31bdb3bbe94!8m2!3d1.5413028!4d103.628076!16s%2Fg%2F11g5_42qr9!19sChIJtxF6VWx02jERlL472xujfyQ?authuser=0&hl=en&rclk=1,KFC Petronas Taman University DT,3.6,(871),Operating
Johor,Pulai,https://www.google.com/maps/place/KFC+Damansara+Aliff+DT/data=!4m7!3m6!1s0x31da7283de2324c9:0x82740d38b99d74af!8m2!3d1.5102714!4d103.7246808!16s%2Fg%2F1hc22l9pp!19sChIJySQj3oNy2jERr3SduTgNdII?authuser=0&hl=en&rclk=1,KFC Damansara Aliff DT,4.0,"(1,454)",Operating
Johor,Pulai,https://www.google.com/maps/place/KFC+Paradigm+Mall/data=!4m7!3m6!1s0x31da72ff7beb5169:0x9e906340ef6f78c9!8m2!3d1.516239!4d103.6851193!16s%2Fg%2F11hbgb986k!19sChIJaVHre_9y2jERyXhv70BjkJ4?authuser=0&hl=en&rclk=1,KFC Paradigm Mall,2.5,(240),Operating
Johor,Pulai,https://www.google.com/maps/place/KFC+Puteri+Wangsa+DT/data=!4m7!3m6!1s0x31da6ec97331743d:0xf78bfd239d1b1cb9!8m2!3d1.5738455!4d103.814424!16s%2Fg%2F11b5zs6x3d!19sChIJPXQxc8lu2jERuRwbnSP9i_c?authuser=0&hl=en&rclk=1,KFC Puteri Wangsa DT,4.0,"(1,515)",Operating
Johor,Pulai,https://www.google.com/maps/place/KFC+Nusa+Bestari/data=!4m7!3m6!1s0x31da736a70c54bf7:0x489811523b7cd541!8m2!3d1.4969984!4d103.6557305!16s%2Fg%2F1hc5wr84r!19sChIJ90vFcGpz2jERQdV8O1IRmEg?authuser=0&hl=en&rclk=1,KFC Nusa Bestari,3.7,(873),Operating
Johor,Pulai,https://www.google.com/maps/place/KFC+Tun+Aminah/data=!4m7!3m6!1s0x31da73a3433f5c41:0x58e1d2136ee612b7!8m2!3d1.5238431!4d103.6644591!16s%2Fg%2F1tdnhnb8!19sChIJQVw_Q6Nz2jERtxLmbhPS4Vg?authuser=0&hl=en&rclk=1,KFC Tun Aminah,3.7,(765),Operating
Johor,Pulai,https://www.google.com/maps/place/KFC+Mutiara+Rini+DT/data=!4m7!3m6!1s0x31da748038132599:0xf87bf92412fc89e8!8m2!3d1.5141344!4d103.6350875!16s%2Fg%2F11b6q2n8tv!19sChIJmSUTOIB02jER6In8EiT5e_g?authuser=0&hl=en&rclk=1,KFC Mutiara Rini DT,3.7,"(1,692)",Operating
Johor,Pulai,https://www.google.com/maps/place/KFC+Kulai/data=!4m7!3m6!1s0x31da79aa611b8c1d:0x993a78469b1ec1a9!8m2!3d1.6594381!4d103.6059027!16s%2Fg%2F1hc25hd6r!19sChIJHYwbYap52jERqcEem0Z4Opk?authuser=0&hl=en&rclk=1,KFC Kulai,3.8,(616),Operating
Johor,Pulai,https://www.google.com/maps/place/KFC+Plaza+Angsana/data=!4m7!3m6!1s0x31da72c0757563d7:0x443744f27c749716!8m2!3d1.495057!4d103.7054656!16s%2Fg%2F1hc19_wkl!19sChIJ12N1dcBy2jERFpd0fPJEN0Q?authuser=0&hl=en&rclk=1,KFC Plaza Angsana,4.2,(295),Operating
Johor,Pulai,https://www.google.com/maps/place/KFC+Stulang+Laut/data=!4m7!3m6!1s0x31da13264eb07c75:0xe7f5cc4cf3c42a4a!8m2!3d1.4664343!4d103.7788006!16s%2Fg%2F1q62gzw6r!19sChIJdXywTiYT2jERSirE80zM9ec?authuser=0&hl=en&rclk=1,KFC Stulang Laut,4.1,"(3,205)",Operating
Johor,Pulai,https://www.google.com/maps/place/KFC+Teluk+Pulai/data=!4m7!3m6!1s0x31cc54aa0829da9b:0xb7ba9855c015e20a!8m2!3d3.0427358!4d101.4268044!16s%2Fg%2F1hc737m3m!19sChIJm9opCKpUzDERCuIVwFWYurc?authuser=0&hl=en&rclk=1,KFC Teluk Pulai,3.7,(956),Operating
Johor,Pulai,https://www.google.com/maps/place/KFC+Taman+Perling+DT/data=!4m7!3m6!1s0x31da72d59fc37d3b:0xea6111d4ce34e764!8m2!3d1.4984487!4d103.682441!16s%2Fg%2F1vk6wqxn!19sChIJO33Dn9Vy2jERZOc0ztQRYeo?authuser=0&hl=en&rclk=1,KFC Taman Perling DT,3.7,"(1,786)",Operating
Johor,Pulai,https://www.google.com/maps/place/KFC+Caltex+Nusajaya+DT/data=!4m7!3m6!1s0x31da09edbda154cf:0x44dd0cb6f0389294!8m2!3d1.3965721!4d103.6313077!16s%2Fg%2F11kljh4qw3!19sChIJz1Shve0J2jERlJI48LYM3UQ?authuser=0&hl=en&rclk=1,KFC Caltex Nusajaya DT,2.9,(191),Operating
Johor,Iskandar Puteri,https://www.google.com/maps/place/KFC+Iskandar+Puteri/data=!4m7!3m6!1s0x31da0afa4e6bf917:0x640ebc6b3de074a6!8m2!3d1.4732789!4d103.5861531!16s%2Fg%2F11csqcp2b4!19sChIJF_lrTvoK2jERpnTgPWu8DmQ?authuser=0&hl=en&rclk=1,KFC Iskandar Puteri,3.5,(768),Operating
Johor,Iskandar Puteri,https://www.google.com/maps/place/KFC+Medini+Mall/data=!4m7!3m6!1s0x31da0b8c1f1c2a4f:0xd9fa78e2a326edf4!8m2!3d1.4279045!4d103.6323418!16s%2Fg%2F12qh15831!19sChIJTyocH4wL2jER9O0mo-J4-tk?authuser=0&hl=en&rclk=1,KFC Medini Mall,2.7,(333),Operating
Johor,Iskandar Puteri,https://www.google.com/maps/place/KFC+Caltex+Nusajaya+DT/data=!4m7!3m6!1s0x31da09edbda154cf:0x44dd0cb6f0389294!8m2!3d1.3965721!4d103.6313077!16s%2Fg%2F11kljh4qw3!19sChIJz1Shve0J2jERlJI48LYM3UQ?authuser=0&hl=en&rclk=1,KFC Caltex Nusajaya DT,2.9,(191),Operating
Johor,Iskandar Puteri,https://www.google.com/maps/place/KFC+Petron+Bukit+Indah+DT/data=!4m7!3m6!1s0x31da0dece46c5f51:0xc93719a3ad343f75!8m2!3d1.4700701!4d103.6541663!16s%2Fg%2F11rzbycdv5!19sChIJUV9s5OwN2jERdT80raMZN8k?authuser=0&hl=en&rclk=1,KFC Petron Bukit Indah DT,2.4,(360),Operating
Johor,Kulai,https://www.google.com/maps/place/KFC+Kulai/data=!4m7!3m6!1s0x31da79aa611b8c1d:0x993a78469b1ec1a9!8m2!3d1.6594381!4d103.6059027!16s%2Fg%2F1hc25hd6r!19sChIJHYwbYap52jERqcEem0Z4Opk?authuser=0&hl=en&rclk=1,KFC Kulai,3.8,(616),Operating
Johor,Kulai,https://www.google.com/maps/place/KFC+Taman+Impiana+Kulai/data=!4m7!3m6!1s0x31d0832280845b87:0xde2e71171a95c190!8m2!3d1.6744927!4d103.5329427!16s%2Fg%2F11kpld8crj!19sChIJh1uEgCKD0DERkMGVGhdxLt4?authuser=0&hl=en&rclk=1,KFC Taman Impiana Kulai,4.0,(60),Operating
Johor,Kulai,"https://www.google.com/maps/place/KFC+SHELL+LAGENDA+PUTRA+DT,+KULAI/data=!4m7!3m6!1s0x31da790bf00bc681:0xb6e9bfec80a1dc2d!8m2!3d1.6609265!4d103.5709076!16s%2Fg%2F11sklxgx93!19sChIJgcYL8At52jERLdyhgOy_6bY?authuser=0&hl=en&rclk=1","KFC SHELL LAGENDA PUTRA DT, KULAI",3.6,(196),Operating
Johor,Kulai,https://www.google.com/maps/place/KFC+Kulai+DT/data=!4m7!3m6!1s0x31da79fec4f3a3d5:0x898433fdbff4093b!8m2!3d1.6326105!4d103.6324183!16s%2Fg%2F1hc1kz2d1!19sChIJ1aPzxP552jEROwn0v_0zhIk?authuser=0&hl=en&rclk=1,KFC Kulai DT,3.4,"(1,034)",Operating
Johor,Kulai,https://www.google.com/maps/place/KFC+AEON+Kulaijaya/data=!4m7!3m6!1s0x31da79e8dfc35267:0x535e32266379336a!8m2!3d1.6405946!4d103.6175987!16s%2Fg%2F11bwc0q6gb!19sChIJZ1LD3-h52jERajN5YyYyXlM?authuser=0&hl=en&rclk=1,KFC AEON Kulaijaya,3.2,(325),Operating
Johor,Kulai,https://www.google.com/maps/place/KFC+Kulai+2+IOI+Mall/data=!4m7!3m6!1s0x31da798d329ecd83:0x13b9ddf8ca60ce23!8m2!3d1.6481166!4d103.6265682!16s%2Fg%2F11g5_3wfjw!19sChIJg82eMo152jERI85gyvjduRM?authuser=0&hl=en&rclk=1,KFC Kulai 2 IOI Mall,2.6,(61),Temporarily Closed
Johor,Pontian,https://www.google.com/maps/place/KFC+Benut/data=!4m7!3m6!1s0x31d08de6f193ccdd:0xa86eaa230b0f6d9d!8m2!3d1.649718!4d103.2598082!16s%2Fg%2F11c610_2d4!19sChIJ3cyT8eaN0DERnW0PCyOqbqg?authuser=0&hl=en&rclk=1,KFC Benut,3.7,(180),Operating
Johor,Pontian,https://www.google.com/maps/place/KFC+Pontian+Drive+Thru/data=!4m7!3m6!1s0x31d0987f4fceb0db:0xd7bded3a72f11d78!8m2!3d1.4804105!4d103.3996568!16s%2Fg%2F11c0rwnj5m!19sChIJ27DOT3-Y0DEReB3xcjrtvdc?authuser=0&hl=en&rclk=1,KFC Pontian Drive Thru,3.8,(727),Operating
Johor,Pontian,https://www.google.com/maps/place/KFC+Pontian/data=!4m7!3m6!1s0x31d09870de0472d1:0x42357e638032bf6a!8m2!3d1.4853605!4d103.3908043!16s%2Fg%2F1vcl18lz!19sChIJ0XIE3nCY0DERar8ygGN-NUI?authuser=0&hl=en&rclk=1,KFC Pontian,3.9,(225),Operating
Johor,Tanjung Piai,https://www.google.com/maps/place/KFC+Pontian+Drive+Thru/data=!4m7!3m6!1s0x31d0987f4fceb0db:0xd7bded3a72f11d78!8m2!3d1.4804105!4d103.3996568!16s%2Fg%2F11c0rwnj5m!19sChIJ27DOT3-Y0DEReB3xcjrtvdc?authuser=0&hl=en&rclk=1,KFC Pontian Drive Thru,3.8,(727),Operating
Johor,Tanjung Piai,https://www.google.com/maps/place/KFC+Pontian/data=!4m7!3m6!1s0x31d09870de0472d1:0x42357e638032bf6a!8m2!3d1.4853605!4d103.3908043!16s%2Fg%2F1vcl18lz!19sChIJ0XIE3nCY0DERar8ygGN-NUI?authuser=0&hl=en&rclk=1,KFC Pontian,3.9,(225),Operating
Johor,Tanjung Piai,https://www.google.com/maps/place/KFC+Benut/data=!4m7!3m6!1s0x31d08de6f193ccdd:0xa86eaa230b0f6d9d!8m2!3d1.649718!4d103.2598082!16s%2Fg%2F11c610_2d4!19sChIJ3cyT8eaN0DERnW0PCyOqbqg?authuser=0&hl=en&rclk=1,KFC Benut,3.7,(180),Operating
Johor,Tanjung Piai,https://www.google.com/maps/place/KFC+Senai+Impian+Johor+Drive+Thru/data=!4m7!3m6!1s0x31da70d76d01bfa7:0x9c3ec17b2451eb1!8m2!3d1.5935086!4d103.6473022!16s%2Fg%2F11bvt3vvm9!19sChIJp78Bbddw2jERsR5Fshfswwk?authuser=0&hl=en&rclk=1,KFC Senai Impian Johor Drive Thru,3.8,"(1,459)",Operating
Johor,Tanjung Piai,https://www.google.com/maps/place/KFC+SHELL+PEKAN+NANAS+DRIVE+THRU/data=!4m7!3m6!1s0x31d09f5f94cb1237:0xcace71a6e4c17858!8m2!3d1.4961535!4d103.5236513!16s%2Fg%2F11sds48swt!19sChIJNxLLlF-f0DERWHjB5KZxzso?authuser=0&hl=en&rclk=1,KFC SHELL PEKAN NANAS DRIVE THRU,3.2,(77),Operating
Johor,Tanjung Piai,https://www.google.com/maps/place/KFC+Nusa+Perintis+Gelang+Patah/data=!4m7!3m6!1s0x31da0b03738e6cfb:0x6800c949091f41ce!8m2!3d1.4506371!4d103.5922588!16s%2Fg%2F1hc5qkkdb!19sChIJ-2yOcwML2jERzkEfCUnJAGg?authuser=0&hl=en&rclk=1,KFC Nusa Perintis Gelang Patah,3.8,"(1,776)",Operating
Johor,Tanjung Piai,https://www.google.com/maps/place/KFC/data=!4m7!3m6!1s0x31da870013e4b9a3:0xe2b7ad82c9217cc1!8m2!3d1.7834466!4d103.6811384!16s%2Fg%2F11mdq1xwv2!19sChIJo7nkEwCH2jERwXwhyYKtt-I?authuser=0&hl=en&rclk=1,KFC,0,0,No status
Johor,Tanjung Piai,https://www.google.com/maps/place/KFC+Petronas+Senai+Airport+DT/data=!4m7!3m6!1s0x31da7bf82af03f43:0x13ea074037b82c6a!8m2!3d1.6339472!4d103.661958!16s%2Fg%2F11hyrh_j8y!19sChIJQz_wKvh72jERaiy4N0AH6hM?authuser=0&hl=en&rclk=1,KFC Petronas Senai Airport DT,3.6,(380),Operating
Johor,Tanjung Piai,https://www.google.com/maps/place/KFC+STADIUM+JDT/data=!4m7!3m6!1s0x31da75e311ea5d31:0xcbf6a15d9f6af742!8m2!3d1.4818427!4d103.620332!16s%2Fg%2F11k3m7w4yl!19sChIJMV3qEeN12jERQvdqn12h9ss?authuser=0&hl=en&rclk=1,KFC STADIUM JDT,4.5,(182),Operating
Johor,Tanjung Piai,https://www.google.com/maps/place/KFC+Kulai+DT/data=!4m7!3m6!1s0x31da79fec4f3a3d5:0x898433fdbff4093b!8m2!3d1.6326105!4d103.6324183!16s%2Fg%2F1hc1kz2d1!19sChIJ1aPzxP552jEROwn0v_0zhIk?authuser=0&hl=en&rclk=1,KFC Kulai DT,3.4,"(1,034)",Operating
Kedah,Langkawi,"https://www.google.com/maps/place/KFC+Kuah,+Langkawi/data=!4m7!3m6!1s0x304c7f6ed3e146fd:0xab3b73be3f9d2399!8m2!3d6.3271398!4d99.8404771!16s%2Fg%2F1hc1v5f6q!19sChIJ_Ubh025_TDARmSOdP75zO6s?authuser=0&hl=en&rclk=1","KFC Kuah, Langkawi",3.9,"(1,533)",Operating
Kedah,Langkawi,https://www.google.com/maps/place/KFC+Langkawi/data=!4m7!3m6!1s0x304c7f7a90269227:0xf263bf160c212e47!8m2!3d6.3065425!4d99.8523478!16s%2Fg%2F1hc4ddz5x!19sChIJJ5ImkHp_TDARRy4hDBa_Y_I?authuser=0&hl=en&rclk=1,KFC Langkawi,3.2,(154),Operating
Kedah,Langkawi,"https://www.google.com/maps/place/KFC+PADANG+MAT+SIRAT,+LANGKAWI/data=!4m7!3m6!1s0x304c79393c8814a3:0x63e06501b1ae58fc!8m2!3d6.3504389!4d99.7313231!16s%2Fg%2F11rmv15v2j!19sChIJoxSIPDl5TDAR_FiusQFl4GM?authuser=0&hl=en&rclk=1","KFC PADANG MAT SIRAT, LANGKAWI",3.8,(113),Operating
Kedah,Langkawi,https://www.google.com/maps/place/KFC+Cenang+Mall+Langkawi/data=!4m7!3m6!1s0x304b87deba63714f:0x59d106b846d67ea5!8m2!3d6.2905962!4d99.7279143!16s%2Fg%2F11c48769cp!19sChIJT3Fjut6HSzARpX7WRrgG0Vk?authuser=0&hl=en&rclk=1,KFC Cenang Mall Langkawi,3.6,(909),Operating
Kedah,Jerlun,"https://www.google.com/maps/search/KFC+near+Jerlun,+Kedah",KFC Jerlun,4.0,(478),Operating
Kedah,Kubang Pasu,https://www.google.com/maps/place/KFC+Jitra/data=!4m7!3m6!1s0x304b5835b86c1793:0xda3a21577090b728!8m2!3d6.2648766!4d100.4191971!16s%2Fg%2F1vh7jzns!19sChIJkxdsuDVYSzARKLeQcFchOto?authuser=0&hl=en&rclk=1,KFC Jitra,4.1,"(1,018)",Operating
Kedah,Kubang Pasu,https://www.google.com/maps/place/KFC+Bandar+Darulaman+Jaya+Jitra/data=!4m7!3m6!1s0x304b59c90072e33b:0x2661b6a2ee7755c2!8m2!3d6.2439885!4d100.4201046!16s%2Fg%2F11gz6r5wq!19sChIJO-NyAMlZSzARwlV37qK2YSY?authuser=0&hl=en&rclk=1,KFC Bandar Darulaman Jaya Jitra,4.1,"(1,111)",Operating
Kedah,Kubang Pasu,https://www.google.com/maps/place/KFC+Jalan+Stadium+%28Alor+Star%29+DT/data=!4m7!3m6!1s0x304b44919a157c99:0xbe57b0ff312152e0!8m2!3d6.1347999!4d100.3727624!16s%2Fg%2F1td8nv99!19sChIJmXwVmpFESzAR4FIhMf-wV74?authuser=0&hl=en&rclk=1,KFC Jalan Stadium (Alor Star) DT,4.2,"(1,739)",Operating
Kedah,Kubang Pasu,https://www.google.com/maps/place/KFC+Caltex+Alor+Mengkudu+DT/data=!4m7!3m6!1s0x304b44f5a889731b:0xc9db4b470bb98c82!8m2!3d6.0965577!4d100.3751741!16s%2Fg%2F11bbx5037j!19sChIJG3OJqPVESzARgoy5C0dL28k?authuser=0&hl=en&rclk=1,KFC Caltex Alor Mengkudu DT,3.8,(762),Operating
Kedah,Kubang Pasu,https://www.google.com/maps/place/KFC+Changlun/data=!4m7!3m6!1s0x304ca579cda0933d:0x1e29decfdcd3f635!8m2!3d6.431444!4d100.4293112!16s%2Fg%2F1tqvxhlb!19sChIJPZOgzXmlTDARNfbT3M_eKR4?authuser=0&hl=en&rclk=1,KFC Changlun,4.0,"(1,307)",Operating
Kedah,Kubang Pasu,https://www.google.com/maps/place/KFC+Kuala+Kedah/data=!4m7!3m6!1s0x304b438c75bb4d47:0x5b164c5483d186a!8m2!3d6.0968873!4d100.3024725!16s%2Fg%2F11gwmk3vlg!19sChIJR027dYxDSzARahg9SMVksQU?authuser=0&hl=en&rclk=1,KFC Kuala Kedah,3.9,(354),Operating
Kedah,Kubang Pasu,https://www.google.com/maps/place/KFC+Anak+Bukit/data=!4m7!3m6!1s0x304b5bff7efff197:0xad5677be4c650cd7!8m2!3d6.1960574!4d100.3862885!16s%2Fg%2F11h5nmn_hr!19sChIJl_H_fv9bSzAR1wxlTL53Vq0?authuser=0&hl=en&rclk=1,KFC Anak Bukit,4.2,(301),Temporarily Closed
Kedah,Padang Terap,https://www.google.com/maps/place/KFC+Kuala+Nerang/data=!4m7!3m6!1s0x304b552816d272cd:0xc98ea1a61e090258!8m2!3d6.2579911!4d100.6096685!16s%2Fg%2F11b62v0zxy!19sChIJzXLSFihVSzARWAIJHqahjsk?authuser=0&hl=en&rclk=1,KFC Kuala Nerang,4.2,(672),Operating
Kedah,Padang Terap,https://www.google.com/maps/place/KFC+Guar+Chempedak/data=!4m7!3m6!1s0x304b30925c2455d1:0x707d0029cabe42bf!8m2!3d5.8549428!4d100.4590228!16s%2Fg%2F11g7_j0lkl!19sChIJ0VUkXJIwSzARv0K-yikAfXA?authuser=0&hl=en&rclk=1,KFC Guar Chempedak,4.0,(733),Operating
Kedah,Padang Terap,https://www.google.com/maps/place/KFC+Simpang+Perdana/data=!4m7!3m6!1s0x304b47c8d2137971:0xbb9a4d700e9930dc!8m2!3d6.018784!4d100.3843034!16s%2Fg%2F11f7dtbnj1!19sChIJcXkT0shHSzAR3DCZDnBNmrs?authuser=0&hl=en&rclk=1,KFC Simpang Perdana,3.8,(296),Operating
Kedah,Padang Terap,https://www.google.com/maps/place/KFC+Pokok+Sena/data=!4m7!3m6!1s0x304b51a3119f3e59:0xb0d8e6f22aeb1f17!8m2!3d6.167076!4d100.5034504!16s%2Fg%2F11cjk38hwc!19sChIJWT6fEaNRSzARFx_rKvLm2LA?authuser=0&hl=en&rclk=1,KFC Pokok Sena,3.9,(825),Operating
Kedah,Padang Terap,https://www.google.com/maps/place/KFC+Jalan+Stadium+%28Alor+Star%29+DT/data=!4m7!3m6!1s0x304b44919a157c99:0xbe57b0ff312152e0!8m2!3d6.1347999!4d100.3727624!16s%2Fg%2F1td8nv99!19sChIJmXwVmpFESzAR4FIhMf-wV74?authuser=0&hl=en&rclk=1,KFC Jalan Stadium (Alor Star) DT,4.2,"(1,739)",Operating
Kedah,Padang Terap,https://www.google.com/maps/place/KFC+Padang+Serai/data=!4m7!3m6!1s0x304ad3ce87760071:0x322c582066826620!8m2!3d5.5154307!4d100.5437187!16s%2Fg%2F11b7q7pn4q!19sChIJcQB2h87TSjARIGaCZiBYLDI?authuser=0&hl=en&rclk=1,KFC Padang Serai,3.6,(988),Operating
Kedah,Padang Terap,https://www.google.com/maps/place/KFC+Limbong+Kapal+DT/data=!4m7!3m6!1s0x304b44be03e2e5e5:0xddaaf7ff3194303c!8m2!3d6.1153904!4d100.3669118!16s%2Fg%2F1tf20xfr!19sChIJ5eXiA75ESzARPDCUMf_3qt0?authuser=0&hl=en&rclk=1,KFC Limbong Kapal DT,4.0,"(1,152)",Operating
Kedah,Padang Terap,https://www.google.com/maps/place/KFC+Kuala+Kedah/data=!4m7!3m6!1s0x304b438c75bb4d47:0x5b164c5483d186a!8m2!3d6.0968873!4d100.3024725!16s%2Fg%2F11gwmk3vlg!19sChIJR027dYxDSzARahg9SMVksQU?authuser=0&hl=en&rclk=1,KFC Kuala Kedah,3.9,(354),Operating
Kedah,Pokok Sena,"https://www.google.com/maps/search/KFC+near+Pokok Sena,+Kedah",KFC Pokok Sena,3.9,(825),Operating
Kedah,Alor Setar,https://www.google.com/maps/place/KFC+Jalan+Stadium+%28Alor+Star%29+DT/data=!4m7!3m6!1s0x304b44919a157c99:0xbe57b0ff312152e0!8m2!3d6.1347999!4d100.3727624!16s%2Fg%2F1td8nv99!19sChIJmXwVmpFESzAR4FIhMf-wV74?authuser=0&hl=en&rclk=1,KFC Jalan Stadium (Alor Star) DT,4.2,"(1,739)",Operating
Kedah,Alor Setar,https://www.google.com/maps/place/KFC+Caltex+Alor+Mengkudu+DT/data=!4m7!3m6!1s0x304b44f5a889731b:0xc9db4b470bb98c82!8m2!3d6.0965577!4d100.3751741!16s%2Fg%2F11bbx5037j!19sChIJG3OJqPVESzARgoy5C0dL28k?authuser=0&hl=en&rclk=1,KFC Caltex Alor Mengkudu DT,3.8,(762),Operating
Kedah,Alor Setar,https://www.google.com/maps/place/KFC+Lotus%27s+Alor+Setar+%28Mergong%29/data=!4m7!3m6!1s0x304b4350e544b9bf:0x65468971b2327221!8m2!3d6.1283778!4d100.3420217!16s%2Fg%2F1hc1m4tmd!19sChIJv7lE5VBDSzARIXIysnGJRmU?authuser=0&hl=en&rclk=1,KFC Lotus's Alor Setar (Mergong),4.0,(397),Operating
Kedah,Alor Setar,https://www.google.com/maps/place/KFC+Alor+Star+Mall/data=!4m7!3m6!1s0x304b446e29dbe1db:0xbb2aac8f2217573f!8m2!3d6.0813007!4d100.3612966!16s%2Fg%2F1hc3zqdz8!19sChIJ2-HbKW5ESzARP1cXIo-sKrs?authuser=0&hl=en&rclk=1,KFC Alor Star Mall,3.9,(157),Operating
Kedah,Alor Setar,https://www.google.com/maps/place/KFC+Limbong+Kapal+DT/data=!4m7!3m6!1s0x304b44be03e2e5e5:0xddaaf7ff3194303c!8m2!3d6.1153904!4d100.3669118!16s%2Fg%2F1tf20xfr!19sChIJ5eXiA75ESzARPDCUMf_3qt0?authuser=0&hl=en&rclk=1,KFC Limbong Kapal DT,4.0,"(1,152)",Operating
Kedah,Alor Setar,https://www.google.com/maps/place/KFC+Simpang+Perdana/data=!4m7!3m6!1s0x304b47c8d2137971:0xbb9a4d700e9930dc!8m2!3d6.018784!4d100.3843034!16s%2Fg%2F11f7dtbnj1!19sChIJcXkT0shHSzAR3DCZDnBNmrs?authuser=0&hl=en&rclk=1,KFC Simpang Perdana,3.8,(296),Operating
Kedah,Alor Setar,https://www.google.com/maps/place/KFC+Aman+Central/data=!4m7!3m6!1s0x304b44b9ff3ae047:0x96e40ff812fd71f8!8m2!3d6.1248121!4d100.3666392!16s%2Fg%2F11c1_w0r57!19sChIJR-A6_7lESzAR-HH9EvgP5JY?authuser=0&hl=en&rclk=1,KFC Aman Central,4.2,(207),Operating
Kedah,Alor Setar,https://www.google.com/maps/place/KFC+Guar+Chempedak/data=!4m7!3m6!1s0x304b30925c2455d1:0x707d0029cabe42bf!8m2!3d5.8549428!4d100.4590228!16s%2Fg%2F11g7_j0lkl!19sChIJ0VUkXJIwSzARv0K-yikAfXA?authuser=0&hl=en&rclk=1,KFC Guar Chempedak,4.0,(733),Operating
Kedah,Alor Setar,https://www.google.com/maps/place/KFC+Pokok+Sena/data=!4m7!3m6!1s0x304b51a3119f3e59:0xb0d8e6f22aeb1f17!8m2!3d6.167076!4d100.5034504!16s%2Fg%2F11cjk38hwc!19sChIJWT6fEaNRSzARFx_rKvLm2LA?authuser=0&hl=en&rclk=1,KFC Pokok Sena,3.9,(825),Operating
Kedah,Alor Setar,https://www.google.com/maps/place/KFC+Shahab+Perdana/data=!4m7!3m6!1s0x304b5b56a7e05403:0x56d8ae6ffd46c9d6!8m2!3d6.1420208!4d100.3546907!16s%2Fg%2F11c2l_l535!19sChIJA1Tgp1ZbSzAR1slG_W-u2FY?authuser=0&hl=en&rclk=1,KFC Shahab Perdana,4.0,(406),Temporarily Closed
Kedah,Alor Setar,https://www.google.com/maps/place/KFC+Anak+Bukit/data=!4m7!3m6!1s0x304b5bff7efff197:0xad5677be4c650cd7!8m2!3d6.1960574!4d100.3862885!16s%2Fg%2F11h5nmn_hr!19sChIJl_H_fv9bSzAR1wxlTL53Vq0?authuser=0&hl=en&rclk=1,KFC Anak Bukit,4.2,(301),Temporarily Closed
Kedah,Kuala Kedah,https://www.google.com/maps/place/KFC+Kuala+Nerang/data=!4m7!3m6!1s0x304b552816d272cd:0xc98ea1a61e090258!8m2!3d6.2579911!4d100.6096685!16s%2Fg%2F11b62v0zxy!19sChIJzXLSFihVSzARWAIJHqahjsk?authuser=0&hl=en&rclk=1,KFC Kuala Nerang,4.2,(672),Operating
Kedah,Kuala Kedah,https://www.google.com/maps/place/KFC+Kuala+Kedah/data=!4m7!3m6!1s0x304b438c75bb4d47:0x5b164c5483d186a!8m2!3d6.0968873!4d100.3024725!16s%2Fg%2F11gwmk3vlg!19sChIJR027dYxDSzARahg9SMVksQU?authuser=0&hl=en&rclk=1,KFC Kuala Kedah,3.9,(354),Operating
Kedah,Pendang,https://www.google.com/maps/place/KFC+DT+Caltex+Pendang/data=!4m7!3m6!1s0x304b49fcdce29667:0x921dfafb906a8e27!8m2!3d5.978504!4d100.4505211!16s%2Fg%2F11kq6qxg2q!19sChIJZ5bi3PxJSzARJ45qkPv6HZI?authuser=0&hl=en&rclk=1,KFC DT Caltex Pendang,4.4,(86),Operating
Kedah,Pendang,https://www.google.com/maps/place/KFC+Pendang+Kedah/data=!4m7!3m6!1s0x304b481661fa5bef:0x4e148925cc6eed08!8m2!3d5.9908173!4d100.4810201!16s%2Fg%2F12qhbgd99!19sChIJ71v6YRZISzARCO1uzCWJFE4?authuser=0&hl=en&rclk=1,KFC Pendang Kedah,4.1,(465),Permanently Closed
Kedah,Jerai,https://www.google.com/maps/place/KFC+Guar+Chempedak/data=!4m7!3m6!1s0x304b30925c2455d1:0x707d0029cabe42bf!8m2!3d5.8549428!4d100.4590228!16s%2Fg%2F11g7_j0lkl!19sChIJ0VUkXJIwSzARv0K-yikAfXA?authuser=0&hl=en&rclk=1,KFC Guar Chempedak,4.0,(733),Operating
Kedah,Jerai,https://www.google.com/maps/place/KFC+Jalan+Stadium+%28Alor+Star%29+DT/data=!4m7!3m6!1s0x304b44919a157c99:0xbe57b0ff312152e0!8m2!3d6.1347999!4d100.3727624!16s%2Fg%2F1td8nv99!19sChIJmXwVmpFESzAR4FIhMf-wV74?authuser=0&hl=en&rclk=1,KFC Jalan Stadium (Alor Star) DT,4.2,"(1,739)",Operating
Kedah,Jerai,https://www.google.com/maps/place/KFC+Aman+Central/data=!4m7!3m6!1s0x304b44b9ff3ae047:0x96e40ff812fd71f8!8m2!3d6.1248121!4d100.3666392!16s%2Fg%2F11c1_w0r57!19sChIJR-A6_7lESzAR-HH9EvgP5JY?authuser=0&hl=en&rclk=1,KFC Aman Central,4.2,(207),Operating
Kedah,Jerai,https://www.google.com/maps/place/KFC+Caltex+Alor+Mengkudu+DT/data=!4m7!3m6!1s0x304b44f5a889731b:0xc9db4b470bb98c82!8m2!3d6.0965577!4d100.3751741!16s%2Fg%2F11bbx5037j!19sChIJG3OJqPVESzARgoy5C0dL28k?authuser=0&hl=en&rclk=1,KFC Caltex Alor Mengkudu DT,3.8,(762),Operating
Kedah,Jerai,https://www.google.com/maps/place/KFC+Limbong+Kapal+DT/data=!4m7!3m6!1s0x304b44be03e2e5e5:0xddaaf7ff3194303c!8m2!3d6.1153904!4d100.3669118!16s%2Fg%2F1tf20xfr!19sChIJ5eXiA75ESzARPDCUMf_3qt0?authuser=0&hl=en&rclk=1,KFC Limbong Kapal DT,4.0,"(1,152)",Operating
Kedah,Jerai,https://www.google.com/maps/place/KFC+Alor+Star+Mall/data=!4m7!3m6!1s0x304b446e29dbe1db:0xbb2aac8f2217573f!8m2!3d6.0813007!4d100.3612966!16s%2Fg%2F1hc3zqdz8!19sChIJ2-HbKW5ESzARP1cXIo-sKrs?authuser=0&hl=en&rclk=1,KFC Alor Star Mall,3.9,(157),Operating
Kedah,Jerai,https://www.google.com/maps/place/KFC+Simpang+Perdana/data=!4m7!3m6!1s0x304b47c8d2137971:0xbb9a4d700e9930dc!8m2!3d6.018784!4d100.3843034!16s%2Fg%2F11f7dtbnj1!19sChIJcXkT0shHSzAR3DCZDnBNmrs?authuser=0&hl=en&rclk=1,KFC Simpang Perdana,3.8,(296),Operating
Kedah,Jerai,https://www.google.com/maps/place/KFC+Lotus%27s+Alor+Setar+%28Mergong%29/data=!4m7!3m6!1s0x304b4350e544b9bf:0x65468971b2327221!8m2!3d6.1283778!4d100.3420217!16s%2Fg%2F1hc1m4tmd!19sChIJv7lE5VBDSzARIXIysnGJRmU?authuser=0&hl=en&rclk=1,KFC Lotus's Alor Setar (Mergong),4.0,(397),Operating
Kedah,Jerai,"https://www.google.com/maps/place/KFC+Gurun+,+Kedah/data=!4m7!3m6!1s0x304b304400000001:0x923d62a71708aa57!8m2!3d5.8101444!4d100.4786898!16s%2Fg%2F1hc1s1cf3!19sChIJAQAAAEQwSzARV6oIF6diPZI?authuser=0&hl=en&rclk=1","KFC Gurun , Kedah",3.9,(628),Operating
Kedah,Jerai,https://www.google.com/maps/place/KFC+Jerlun/data=!4m7!3m6!1s0x304b60bc7b6044e5:0xc20104b22bf59050!8m2!3d6.2388333!4d100.2456763!16s%2Fg%2F11c59vy83_!19sChIJ5URge7xgSzARUJD1K7IEAcI?authuser=0&hl=en&rclk=1,KFC Jerlun,4.0,(478),Operating
Kedah,Jerai,https://www.google.com/maps/place/KFC+Kuala+Kedah/data=!4m7!3m6!1s0x304b438c75bb4d47:0x5b164c5483d186a!8m2!3d6.0968873!4d100.3024725!16s%2Fg%2F11gwmk3vlg!19sChIJR027dYxDSzARahg9SMVksQU?authuser=0&hl=en&rclk=1,KFC Kuala Kedah,3.9,(354),Operating
Kedah,Jerai,https://www.google.com/maps/place/KFC+Jitra/data=!4m7!3m6!1s0x304b5835b86c1793:0xda3a21577090b728!8m2!3d6.2648766!4d100.4191971!16s%2Fg%2F1vh7jzns!19sChIJkxdsuDVYSzARKLeQcFchOto?authuser=0&hl=en&rclk=1,KFC Jitra,4.1,"(1,018)",Operating
Kedah,Jerai,https://www.google.com/maps/place/KFC+Anak+Bukit/data=!4m7!3m6!1s0x304b5bff7efff197:0xad5677be4c650cd7!8m2!3d6.1960574!4d100.3862885!16s%2Fg%2F11h5nmn_hr!19sChIJl_H_fv9bSzAR1wxlTL53Vq0?authuser=0&hl=en&rclk=1,KFC Anak Bukit,4.2,(301),Temporarily Closed
Kedah,Jerai,https://www.google.com/maps/place/KFC+Shahab+Perdana/data=!4m7!3m6!1s0x304b5b56a7e05403:0x56d8ae6ffd46c9d6!8m2!3d6.1420208!4d100.3546907!16s%2Fg%2F11c2l_l535!19sChIJA1Tgp1ZbSzAR1slG_W-u2FY?authuser=0&hl=en&rclk=1,KFC Shahab Perdana,4.0,(406),Temporarily Closed
Kedah,Jerai,https://www.google.com/maps/place/KFC+Aman+Jaya+DT/data=!4m7!3m6!1s0x304b2998ba5963bf:0x73cab9e2b66fa29!8m2!3d5.6702208!4d100.5077023!16s%2Fg%2F11hbnsfyzk!19sChIJv2NZupgpSzARKfpmK56rPAc?authuser=0&hl=en&rclk=1,KFC Aman Jaya DT,3.8,"(2,378)",Operating
Kedah,Jerai,https://www.google.com/maps/place/KFC+Padang+Serai/data=!4m7!3m6!1s0x304ad3ce87760071:0x322c582066826620!8m2!3d5.5154307!4d100.5437187!16s%2Fg%2F11b7q7pn4q!19sChIJcQB2h87TSjARIGaCZiBYLDI?authuser=0&hl=en&rclk=1,KFC Padang Serai,3.6,(988),Operating
Kedah,Jerai,"https://www.google.com/maps/place/KFC+Central+Square,+Sungai+Petani/data=!4m7!3m6!1s0x304b29d5baf9d21f:0x484d09559a73dbfe!8m2!3d5.6369693!4d100.4884994!16s%2Fg%2F11g65ccs2l!19sChIJH9L5utUpSzAR_ttzmlUJTUg?authuser=0&hl=en&rclk=1","KFC Central Square, Sungai Petani",3.7,(356),Operating
Kedah,Jerai,https://www.google.com/maps/place/KFC+Sungai+Petani+1/data=!4m7!3m6!1s0x304b29d23ac1f38f:0x910157c7d6be55d0!8m2!3d5.6434834!4d100.4893934!16s%2Fg%2F1hc7rd35l!19sChIJj_PBOtIpSzAR0FW-1sdXAZE?authuser=0&hl=en&rclk=1,KFC Sungai Petani 1,4.0,"(1,020)",Operating
Kedah,Sik,https://www.google.com/maps/place/KFC+Pokok+Sena/data=!4m7!3m6!1s0x304b51a3119f3e59:0xb0d8e6f22aeb1f17!8m2!3d6.167076!4d100.5034504!16s%2Fg%2F11cjk38hwc!19sChIJWT6fEaNRSzARFx_rKvLm2LA?authuser=0&hl=en&rclk=1,KFC Pokok Sena,3.9,(825),Operating
Kedah,Sik,https://www.google.com/maps/place/KFC+Guar+Chempedak/data=!4m7!3m6!1s0x304b30925c2455d1:0x707d0029cabe42bf!8m2!3d5.8549428!4d100.4590228!16s%2Fg%2F11g7_j0lkl!19sChIJ0VUkXJIwSzARv0K-yikAfXA?authuser=0&hl=en&rclk=1,KFC Guar Chempedak,4.0,(733),Operating
Kedah,Sik,https://www.google.com/maps/place/KFC+Jalan+Stadium+%28Alor+Star%29+DT/data=!4m7!3m6!1s0x304b44919a157c99:0xbe57b0ff312152e0!8m2!3d6.1347999!4d100.3727624!16s%2Fg%2F1td8nv99!19sChIJmXwVmpFESzAR4FIhMf-wV74?authuser=0&hl=en&rclk=1,KFC Jalan Stadium (Alor Star) DT,4.2,"(1,739)",Operating
Kedah,Sik,https://www.google.com/maps/place/KFC+Changlun/data=!4m7!3m6!1s0x304ca579cda0933d:0x1e29decfdcd3f635!8m2!3d6.431444!4d100.4293112!16s%2Fg%2F1tqvxhlb!19sChIJPZOgzXmlTDARNfbT3M_eKR4?authuser=0&hl=en&rclk=1,KFC Changlun,4.0,"(1,307)",Operating
Kedah,Sik,"https://www.google.com/maps/place/KFC+Gurun+,+Kedah/data=!4m7!3m6!1s0x304b304400000001:0x923d62a71708aa57!8m2!3d5.8101444!4d100.4786898!16s%2Fg%2F1hc1s1cf3!19sChIJAQAAAEQwSzARV6oIF6diPZI?authuser=0&hl=en&rclk=1","KFC Gurun , Kedah",3.9,(628),Operating
Kedah,Sik,https://www.google.com/maps/place/KFC+Limbong+Kapal+DT/data=!4m7!3m6!1s0x304b44be03e2e5e5:0xddaaf7ff3194303c!8m2!3d6.1153904!4d100.3669118!16s%2Fg%2F1tf20xfr!19sChIJ5eXiA75ESzARPDCUMf_3qt0?authuser=0&hl=en&rclk=1,KFC Limbong Kapal DT,4.0,"(1,152)",Operating
Kedah,Sik,https://www.google.com/maps/place/KFC+Shahab+Perdana/data=!4m7!3m6!1s0x304b5b56a7e05403:0x56d8ae6ffd46c9d6!8m2!3d6.1420208!4d100.3546907!16s%2Fg%2F11c2l_l535!19sChIJA1Tgp1ZbSzAR1slG_W-u2FY?authuser=0&hl=en&rclk=1,KFC Shahab Perdana,4.0,(406),Temporarily Closed
Kedah,Sik,https://www.google.com/maps/place/KFC+Kuala+Kedah/data=!4m7!3m6!1s0x304b438c75bb4d47:0x5b164c5483d186a!8m2!3d6.0968873!4d100.3024725!16s%2Fg%2F11gwmk3vlg!19sChIJR027dYxDSzARahg9SMVksQU?authuser=0&hl=en&rclk=1,KFC Kuala Kedah,3.9,(354),Operating
Kedah,Sik,https://www.google.com/maps/place/KFC+Jitra/data=!4m7!3m6!1s0x304b5835b86c1793:0xda3a21577090b728!8m2!3d6.2648766!4d100.4191971!16s%2Fg%2F1vh7jzns!19sChIJkxdsuDVYSzARKLeQcFchOto?authuser=0&hl=en&rclk=1,KFC Jitra,4.1,"(1,018)",Operating
Kedah,Sik,"https://www.google.com/maps/place/KFC+Sik,+Kedah/data=!4m7!3m6!1s0x31b4ce38f543a53d:0xd854d8b639865c09!8m2!3d5.8154654!4d100.7405052!16s%2Fg%2F11c67s4q2_!19sChIJPaVD9TjOtDERCVyGObbYVNg?authuser=0&hl=en&rclk=1","KFC Sik, Kedah",4.0,(594),Permanently Closed
Kedah,Sik,https://www.google.com/maps/place/KFC/data=!4m7!3m6!1s0x31b4cdb0f2d7db51:0xff915eed24fc8281!8m2!3d5.7978941!4d100.6876343!16s%2Fg%2F11flbpzfnr!19sChIJUdvX8rDNtDERgYL8JO1ekf8?authuser=0&hl=en&rclk=1,KFC,5.0,(1),Permanently Closed
Kedah,Merbok,https://www.google.com/maps/place/KFC+Sungai+Petani+1/data=!4m7!3m6!1s0x304b29d23ac1f38f:0x910157c7d6be55d0!8m2!3d5.6434834!4d100.4893934!16s%2Fg%2F1hc7rd35l!19sChIJj_PBOtIpSzAR0FW-1sdXAZE?authuser=0&hl=en&rclk=1,KFC Sungai Petani 1,4.0,"(1,020)",Operating
Kedah,Merbok,https://www.google.com/maps/place/KFC+Aman+Jaya+DT/data=!4m7!3m6!1s0x304b2998ba5963bf:0x73cab9e2b66fa29!8m2!3d5.6702208!4d100.5077023!16s%2Fg%2F11hbnsfyzk!19sChIJv2NZupgpSzARKfpmK56rPAc?authuser=0&hl=en&rclk=1,KFC Aman Jaya DT,3.8,"(2,378)",Operating
Kedah,Merbok,https://www.google.com/maps/place/KFC+Taman+Sejati/data=!4m7!3m6!1s0x304ad7b55f93259f:0x2eb2bca47dbf052!8m2!3d5.614201!4d100.4832783!16s%2Fg%2F11c2y56w3w!19sChIJnyWTX7XXSjARUvDbR8or6wI?authuser=0&hl=en&rclk=1,KFC Taman Sejati,3.9,(691),Operating
Kedah,Merbok,https://www.google.com/maps/place/KFC+Tuanku+Haminah+Sungai+Petani/data=!4m7!3m6!1s0x304b29ecb89e2819:0x3599f289c3540a9!8m2!3d5.6541986!4d100.5141558!16s%2Fg%2F11bv3vfd86!19sChIJGSieuOwpSzARqUA1nCifWQM?authuser=0&hl=en&rclk=1,KFC Tuanku Haminah Sungai Petani,3.7,(572),Operating
Kedah,Merbok,https://www.google.com/maps/place/KFC+Bandar+Puteri+Jaya+DT/data=!4m7!3m6!1s0x304ad5e57286047d:0xca87d4c81a67cbbe!8m2!3d5.6215483!4d100.5395401!16s%2Fg%2F11bxb9mc00!19sChIJfQSGcuXVSjARvstnGsjUh8o?authuser=0&hl=en&rclk=1,KFC Bandar Puteri Jaya DT,3.7,"(1,801)",Operating
Kedah,Merbok,"https://www.google.com/maps/place/KFC+Gurun+,+Kedah/data=!4m7!3m6!1s0x304b304400000001:0x923d62a71708aa57!8m2!3d5.8101444!4d100.4786898!16s%2Fg%2F1hc1s1cf3!19sChIJAQAAAEQwSzARV6oIF6diPZI?authuser=0&hl=en&rclk=1","KFC Gurun , Kedah",3.9,(628),Operating
Kedah,Merbok,https://www.google.com/maps/place/KFC+Kuala+Kedah/data=!4m7!3m6!1s0x304b438c75bb4d47:0x5b164c5483d186a!8m2!3d6.0968873!4d100.3024725!16s%2Fg%2F11gwmk3vlg!19sChIJR027dYxDSzARahg9SMVksQU?authuser=0&hl=en&rclk=1,KFC Kuala Kedah,3.9,(354),Operating
Kedah,Sungai Petani,https://www.google.com/maps/place/KFC+Aman+Jaya+DT/data=!4m7!3m6!1s0x304b2998ba5963bf:0x73cab9e2b66fa29!8m2!3d5.6702208!4d100.5077023!16s%2Fg%2F11hbnsfyzk!19sChIJv2NZupgpSzARKfpmK56rPAc?authuser=0&hl=en&rclk=1,KFC Aman Jaya DT,3.8,"(2,378)",Operating
Kedah,Sungai Petani,https://www.google.com/maps/place/KFC+Bandar+Puteri+Jaya+DT/data=!4m7!3m6!1s0x304ad5e57286047d:0xca87d4c81a67cbbe!8m2!3d5.6215483!4d100.5395401!16s%2Fg%2F11bxb9mc00!19sChIJfQSGcuXVSjARvstnGsjUh8o?authuser=0&hl=en&rclk=1,KFC Bandar Puteri Jaya DT,3.7,"(1,801)",Operating
Kedah,Sungai Petani,https://www.google.com/maps/place/KFC+Sungai+Petani+1/data=!4m7!3m6!1s0x304b29d23ac1f38f:0x910157c7d6be55d0!8m2!3d5.6434834!4d100.4893934!16s%2Fg%2F1hc7rd35l!19sChIJj_PBOtIpSzAR0FW-1sdXAZE?authuser=0&hl=en&rclk=1,KFC Sungai Petani 1,4.0,"(1,020)",Operating
Kedah,Sungai Petani,"https://www.google.com/maps/place/KFC+Central+Square,+Sungai+Petani/data=!4m7!3m6!1s0x304b29d5baf9d21f:0x484d09559a73dbfe!8m2!3d5.6369693!4d100.4884994!16s%2Fg%2F11g65ccs2l!19sChIJH9L5utUpSzAR_ttzmlUJTUg?authuser=0&hl=en&rclk=1","KFC Central Square, Sungai Petani",3.7,(356),Operating
Kedah,Sungai Petani,https://www.google.com/maps/place/KFC+Lotus%27s+Sungai+Petani+Mutiara+Plaza/data=!4m7!3m6!1s0x304ad7cf09350985:0x6496b3ecadd78922!8m2!3d5.6222892!4d100.476042!16s%2Fg%2F11c0r2k4t7!19sChIJhQk1Cc_XSjARIonXreyzlmQ?authuser=0&hl=en&rclk=1,KFC Lotus's Sungai Petani Mutiara Plaza,4.1,(185),Operating
Kedah,Sungai Petani,https://www.google.com/maps/place/KFC+Tuanku+Haminah+Sungai+Petani/data=!4m7!3m6!1s0x304b29ecb89e2819:0x3599f289c3540a9!8m2!3d5.6541986!4d100.5141558!16s%2Fg%2F11bv3vfd86!19sChIJGSieuOwpSzARqUA1nCifWQM?authuser=0&hl=en&rclk=1,KFC Tuanku Haminah Sungai Petani,3.7,(572),Operating
Kedah,Sungai Petani,https://www.google.com/maps/place/KFC+LOTUS+SG+PETANI/data=!4m7!3m6!1s0x304b29cf42afc9ab:0xf5914b0bd0971b69!8m2!3d5.6615026!4d100.5015887!16s%2Fg%2F1pzr1wmq4!19sChIJq8mvQs8pSzARaRuX0AtLkfU?authuser=0&hl=en&rclk=1,KFC LOTUS SG PETANI,4.0,(435),Operating
Kedah,Sungai Petani,https://www.google.com/maps/place/KFC+Taman+Sejati/data=!4m7!3m6!1s0x304ad7b55f93259f:0x2eb2bca47dbf052!8m2!3d5.614201!4d100.4832783!16s%2Fg%2F11c2y56w3w!19sChIJnyWTX7XXSjARUvDbR8or6wI?authuser=0&hl=en&rclk=1,KFC Taman Sejati,3.9,(691),Operating
Kedah,Sungai Petani,https://www.google.com/maps/place/KFC+Guar+Chempedak/data=!4m7!3m6!1s0x304b30925c2455d1:0x707d0029cabe42bf!8m2!3d5.8549428!4d100.4590228!16s%2Fg%2F11g7_j0lkl!19sChIJ0VUkXJIwSzARv0K-yikAfXA?authuser=0&hl=en&rclk=1,KFC Guar Chempedak,4.0,(733),Operating
Kedah,Sungai Petani,https://www.google.com/maps/place/KFC+Simpang+Perdana/data=!4m7!3m6!1s0x304b47c8d2137971:0xbb9a4d700e9930dc!8m2!3d6.018784!4d100.3843034!16s%2Fg%2F11f7dtbnj1!19sChIJcXkT0shHSzAR3DCZDnBNmrs?authuser=0&hl=en&rclk=1,KFC Simpang Perdana,3.8,(296),Operating
Kedah,Sungai Petani,https://www.google.com/maps/place/KFC+TF+Value-Mart+Sungai+Petani/data=!4m7!3m6!1s0x304ad7c7c02d464f:0xbf02f4db684b2581!8m2!3d5.6157798!4d100.4710901!16s%2Fg%2F11c2y5d612!19sChIJT0YtwMfXSjARgSVLaNv0Ar8?authuser=0&hl=en&rclk=1,KFC TF Value-Mart Sungai Petani,4.1,(240),Operating
Kedah,Baling,"https://www.google.com/maps/search/KFC+near+Baling,+Kedah",KFC Baling,4.0,(999),Operating
Kedah,Padang Serai,"https://www.google.com/maps/search/KFC+near+Padang Serai,+Kedah",KFC Padang Serai,3.6,(988),Operating
Kedah,Kulim-Bandar Baharu,https://www.google.com/maps/place/KFC+Kulim+1/data=!4m7!3m6!1s0x304acb93053b1603:0xe052b5eb5b528595!8m2!3d5.3721202!4d100.5543863!16s%2Fg%2F1hc0w10c3!19sChIJAxY7BZPLSjARlYVSW-u1UuA?authuser=0&hl=en&rclk=1,KFC Kulim 1,3.9,"(1,006)",Operating
Kedah,Kulim-Bandar Baharu,https://www.google.com/maps/place/KFC+Landmark+Kulim/data=!4m7!3m6!1s0x304acc79e03ddd39:0xc0adea565659886e!8m2!3d5.3856726!4d100.546507!16s%2Fg%2F1hc21v566!19sChIJOd094HnMSjARbohZVlbqrcA?authuser=0&hl=en&rclk=1,KFC Landmark Kulim,3.6,(365),Operating
Kedah,Kulim-Bandar Baharu,https://www.google.com/maps/place/KFC+Lotus%27s+Kulim/data=!4m7!3m6!1s0x304ac961af4af205:0x5dd1cffb03a8d76!8m2!3d5.3618603!4d100.527002!16s%2Fg%2F11btlzhtd8!19sChIJBfJKr2HJSjARdo06sP8c3QU?authuser=0&hl=en&rclk=1,KFC Lotus's Kulim,3.8,(160),Operating
Kedah,Kulim-Bandar Baharu,https://www.google.com/maps/place/KFC+Taman+Semarak/data=!4m7!3m6!1s0x304acbfa9d4b4b65:0x8f225c9f38f1eab1!8m2!3d5.3774333!4d100.5407772!16s%2Fg%2F1tpfgbcn!19sChIJZUtLnfrLSjARserxOJ9cIo8?authuser=0&hl=en&rclk=1,KFC Taman Semarak,3.8,(543),Operating
Kedah,Kulim-Bandar Baharu,https://www.google.com/maps/place/KFC+Petron+Kulim+DT/data=!4m7!3m6!1s0x304acd8aa4fbaf9d:0x2557e72fecd6ebae!8m2!3d5.412472!4d100.544711!16s%2Fg%2F11fq9m70hw!19sChIJna_7pIrNSjARruvW7C_nVyU?authuser=0&hl=en&rclk=1,KFC Petron Kulim DT,3.5,(583),Operating
Kedah,Kulim-Bandar Baharu,https://www.google.com/maps/place/KFC+Bandar+Serdang+Kedah/data=!4m7!3m6!1s0x304ab34d8314bb6d:0xeaee9b91e117c10d!8m2!3d5.212368!4d100.6130886!16s%2Fg%2F1hc23hl2v!19sChIJbbsUg02zSjARDcEX4ZGb7uo?authuser=0&hl=en&rclk=1,KFC Bandar Serdang Kedah,3.9,(481),Operating
Kelantan,Tumpat,"https://www.google.com/maps/search/KFC+near+Tumpat,+Kelantan",KFC Tumpat,4.0,(423),Operating
Kelantan,Pengkalan Chepa,https://www.google.com/maps/place/KFC+Stadium+Kota+Bharu+DT/data=!4m7!3m6!1s0x31b6afdcaff98579:0xba4a823dff9ff9a!8m2!3d6.1222199!4d102.2440104!16s%2Fg%2F11ggs2hq7v!19sChIJeYX5r9yvtjERmv_53yOopAs?authuser=0&hl=en&rclk=1,KFC Stadium Kota Bharu DT,3.9,"(1,321)",Operating
Kelantan,Pengkalan Chepa,https://www.google.com/maps/place/KFC+PETRON+SALOR+DT/data=!4m7!3m6!1s0x31b6a5001db1591b:0x1ea6e67de0b2a657!8m2!3d6.0296249!4d102.1872818!16s%2Fg%2F11wb2qt64p!19sChIJG1mxHQCltjERV6ay4H3mph4?authuser=0&hl=en&rclk=1,KFC PETRON SALOR DT,4.9,(57),Operating
Kelantan,Pengkalan Chepa,https://www.google.com/maps/place/KFC+Kota+Bharu+Mall/data=!4m7!3m6!1s0x31b6afe9cc10ed1f:0xebf4695f622885e9!8m2!3d6.117125!4d102.2403301!16s%2Fg%2F1hc11y29p!19sChIJH-0QzOmvtjER6YUoYl9p9Os?authuser=0&hl=en&rclk=1,KFC Kota Bharu Mall,4.1,(124),Operating
Kelantan,Pengkalan Chepa,https://www.google.com/maps/place/KFC+AEON+Mall+Kota+Bharu/data=!4m7!3m6!1s0x31b6af92dc884b4b:0x7f75c5a6c27688ce!8m2!3d6.1094436!4d102.2307934!16s%2Fg%2F11c5rw4pb4!19sChIJS0uI3JKvtjERzoh2wqbFdX8?authuser=0&hl=en&rclk=1,KFC AEON Mall Kota Bharu,3.8,(82),Operating
Kelantan,Pengkalan Chepa,https://www.google.com/maps/place/KFC+Kubang+Kerian+DT/data=!4m7!3m6!1s0x31b6baa1d6825203:0x657392acef5ef870!8m2!3d6.0917246!4d102.2763961!16s%2Fg%2F1hc1p0bwc!19sChIJA1KC1qG6tjERcPhe76ySc2U?authuser=0&hl=en&rclk=1,KFC Kubang Kerian DT,4.0,"(1,788)",Operating
Kelantan,Pengkalan Chepa,https://www.google.com/maps/place/KFC+Jelawat/data=!4m7!3m6!1s0x31b6b9a5d3511d07:0x1041dbfaf9f2d363!8m2!3d6.0122152!4d102.3815569!16s%2Fg%2F11js_hs57b!19sChIJBx1R06W5tjERY9Py-frbQRA?authuser=0&hl=en&rclk=1,KFC Jelawat,4.0,(106),Operating
Kelantan,Pengkalan Chepa,https://www.google.com/maps/place/KFC+Tumpat/data=!4m7!3m6!1s0x31b6ac0141e816fb:0x7f699415707ec2ef!8m2!3d6.1854951!4d102.1678665!16s%2Fg%2F11c4y60vh9!19sChIJ-xboQQGstjER78J-cBWUaX8?authuser=0&hl=en&rclk=1,KFC Tumpat,4.0,(423),Operating
Kelantan,Pengkalan Chepa,https://www.google.com/maps/place/KFC+Tanah+Merah/data=!4m7!3m6!1s0x31b69c89a7f20397:0xc8c575e645dd1ef6!8m2!3d5.8065201!4d102.1476511!16s%2Fg%2F1hc1n_rdb!19sChIJlwPyp4mctjER9h7dReZ1xcg?authuser=0&hl=en&rclk=1,KFC Tanah Merah,4.0,(790),Operating
Kelantan,Pengkalan Chepa,https://www.google.com/maps/place/KFC+Pengkalan+Chepa+Drive+Thru/data=!4m7!3m6!1s0x31b6b1cfeb420091:0x75ff3f78f7dd00b3!8m2!3d6.1473027!4d102.2674122!16s%2Fg%2F11ckfgmdnb!19sChIJkQBC68-xtjERswDd93g__3U?authuser=0&hl=en&rclk=1,KFC Pengkalan Chepa Drive Thru,3.8,"(1,212)",Permanently Closed
Kelantan,Pengkalan Chepa,https://www.google.com/maps/place/KFC+Kota+Bharu/data=!4m7!3m6!1s0x31b6afcfac416855:0x6f31d84735390bd1!8m2!3d6.1303035!4d102.240956!16s%2Fg%2F1vyn1c7f!19sChIJVWhBrM-vtjER0Qs5NUfYMW8?authuser=0&hl=en&rclk=1,KFC Kota Bharu,3.8,(416),Permanently Closed
Kelantan,Kota Bharu,https://www.google.com/maps/place/KFC+Stadium+Kota+Bharu+DT/data=!4m7!3m6!1s0x31b6afdcaff98579:0xba4a823dff9ff9a!8m2!3d6.1222199!4d102.2440104!16s%2Fg%2F11ggs2hq7v!19sChIJeYX5r9yvtjERmv_53yOopAs?authuser=0&hl=en&rclk=1,KFC Stadium Kota Bharu DT,3.9,"(1,321)",Operating
Kelantan,Kota Bharu,https://www.google.com/maps/place/KFC+Kota+Bharu+Mall/data=!4m7!3m6!1s0x31b6afe9cc10ed1f:0xebf4695f622885e9!8m2!3d6.117125!4d102.2403301!16s%2Fg%2F1hc11y29p!19sChIJH-0QzOmvtjER6YUoYl9p9Os?authuser=0&hl=en&rclk=1,KFC Kota Bharu Mall,4.1,(124),Operating
Kelantan,Kota Bharu,https://www.google.com/maps/place/KFC+PETRON+SALOR+DT/data=!4m7!3m6!1s0x31b6a5001db1591b:0x1ea6e67de0b2a657!8m2!3d6.0296249!4d102.1872818!16s%2Fg%2F11wb2qt64p!19sChIJG1mxHQCltjERV6ay4H3mph4?authuser=0&hl=en&rclk=1,KFC PETRON SALOR DT,4.9,(57),Operating
Kelantan,Kota Bharu,https://www.google.com/maps/place/KFC+AEON+Mall+Kota+Bharu/data=!4m7!3m6!1s0x31b6af92dc884b4b:0x7f75c5a6c27688ce!8m2!3d6.1094436!4d102.2307934!16s%2Fg%2F11c5rw4pb4!19sChIJS0uI3JKvtjERzoh2wqbFdX8?authuser=0&hl=en&rclk=1,KFC AEON Mall Kota Bharu,3.8,(82),Operating
Kelantan,Kota Bharu,https://www.google.com/maps/place/KFC+Jelawat/data=!4m7!3m6!1s0x31b6b9a5d3511d07:0x1041dbfaf9f2d363!8m2!3d6.0122152!4d102.3815569!16s%2Fg%2F11js_hs57b!19sChIJBx1R06W5tjERY9Py-frbQRA?authuser=0&hl=en&rclk=1,KFC Jelawat,4.0,(106),Operating
Kelantan,Kota Bharu,https://www.google.com/maps/place/KFC+Kubang+Kerian+DT/data=!4m7!3m6!1s0x31b6baa1d6825203:0x657392acef5ef870!8m2!3d6.0917246!4d102.2763961!16s%2Fg%2F1hc1p0bwc!19sChIJA1KC1qG6tjERcPhe76ySc2U?authuser=0&hl=en&rclk=1,KFC Kubang Kerian DT,4.0,"(1,788)",Operating
Kelantan,Kota Bharu,https://www.google.com/maps/place/KFC+Kota+Bharu/data=!4m7!3m6!1s0x31b6afcfac416855:0x6f31d84735390bd1!8m2!3d6.1303035!4d102.240956!16s%2Fg%2F1vyn1c7f!19sChIJVWhBrM-vtjER0Qs5NUfYMW8?authuser=0&hl=en&rclk=1,KFC Kota Bharu,3.8,(416),Permanently Closed
Kelantan,Pasir Mas,"https://www.google.com/maps/search/KFC+near+Pasir Mas,+Kelantan",KFC Pasir Mas,4.0,(614),Operating
Kelantan,Rantau Panjang,https://www.google.com/maps/place/KFC+Gua+Musang+Drive+Thru/data=!4m7!3m6!1s0x31ca0418bff8d6f1:0xb9278e1879520806!8m2!3d4.8768619!4d101.9622264!16s%2Fg%2F11c67rwml9!19sChIJ8db4vxgEyjERBghSeRiOJ7k?authuser=0&hl=en&rclk=1,KFC Gua Musang Drive Thru,4.0,"(1,664)",Operating
Kelantan,Rantau Panjang,https://www.google.com/maps/place/KFC+Rantau+Panjang+Drive+Thru/data=!4m7!3m6!1s0x31b41e9683d63aab:0x6b72dc68623ea9dc!8m2!3d6.0037383!4d102.006465!16s%2Fg%2F11b7g46b34!19sChIJqzrWg5YetDER3Kk-Ymjccms?authuser=0&hl=en&rclk=1,KFC Rantau Panjang Drive Thru,4.1,(559),Temporarily Closed
Kelantan,Kubang Kerian,"https://www.google.com/maps/search/KFC+near+Kubang Kerian,+Kelantan",KFC Kubang Kerian DT,4.0,"(1,788)",Operating
Kelantan,Bachok,https://www.google.com/maps/place/KFC+Gua+Musang+Drive+Thru/data=!4m7!3m6!1s0x31ca0418bff8d6f1:0xb9278e1879520806!8m2!3d4.8768619!4d101.9622264!16s%2Fg%2F11c67rwml9!19sChIJ8db4vxgEyjERBghSeRiOJ7k?authuser=0&hl=en&rclk=1,KFC Gua Musang Drive Thru,4.0,"(1,664)",Operating
Kelantan,Bachok,https://www.google.com/maps/place/KFC+Jelawat/data=!4m7!3m6!1s0x31b6b9a5d3511d07:0x1041dbfaf9f2d363!8m2!3d6.0122152!4d102.3815569!16s%2Fg%2F11js_hs57b!19sChIJBx1R06W5tjERY9Py-frbQRA?authuser=0&hl=en&rclk=1,KFC Jelawat,4.0,(106),Operating
Kelantan,Bachok,https://www.google.com/maps/place/KFC+Bachok+Drive+Thru/data=!4m7!3m6!1s0x31b6b84e56f5b933:0x9d1c406df2d84171!8m2!3d6.0647097!4d102.4003442!16s%2Fg%2F11ckr598mw!19sChIJM7n1Vk64tjERcUHY8m1AHJ0?authuser=0&hl=en&rclk=1,KFC Bachok Drive Thru,3.8,"(1,112)",Permanently Closed
Kelantan,Ketereh,https://www.google.com/maps/place/KFC+Tumpat/data=!4m7!3m6!1s0x31b6ac0141e816fb:0x7f699415707ec2ef!8m2!3d6.1854951!4d102.1678665!16s%2Fg%2F11c4y60vh9!19sChIJ-xboQQGstjER78J-cBWUaX8?authuser=0&hl=en&rclk=1,KFC Tumpat,4.0,(423),Operating
Kelantan,Ketereh,https://www.google.com/maps/place/KFC+Tanah+Merah/data=!4m7!3m6!1s0x31b69c89a7f20397:0xc8c575e645dd1ef6!8m2!3d5.8065201!4d102.1476511!16s%2Fg%2F1hc1n_rdb!19sChIJlwPyp4mctjER9h7dReZ1xcg?authuser=0&hl=en&rclk=1,KFC Tanah Merah,4.0,(790),Operating
Kelantan,Ketereh,https://www.google.com/maps/place/KFC+Stadium+Kota+Bharu+DT/data=!4m7!3m6!1s0x31b6afdcaff98579:0xba4a823dff9ff9a!8m2!3d6.1222199!4d102.2440104!16s%2Fg%2F11ggs2hq7v!19sChIJeYX5r9yvtjERmv_53yOopAs?authuser=0&hl=en&rclk=1,KFC Stadium Kota Bharu DT,3.9,"(1,321)",Operating
Kelantan,Ketereh,https://www.google.com/maps/place/KFC+PLAZA+BUKIT+BUNGA/data=!4m7!3m6!1s0x31b4251c32a37499:0x5fffc5b08c0c6b5a!8m2!3d5.8317423!4d101.8995718!16s%2Fg%2F11sjdfbhbw!19sChIJmXSjMhwltDERWmsMjLDF_18?authuser=0&hl=en&rclk=1,KFC PLAZA BUKIT BUNGA,4.2,(30),Temporarily Closed
Kelantan,Ketereh,https://www.google.com/maps/place/KFC+Kota+Bharu+Mall/data=!4m7!3m6!1s0x31b6afe9cc10ed1f:0xebf4695f622885e9!8m2!3d6.117125!4d102.2403301!16s%2Fg%2F1hc11y29p!19sChIJH-0QzOmvtjER6YUoYl9p9Os?authuser=0&hl=en&rclk=1,KFC Kota Bharu Mall,4.1,(124),Operating
Kelantan,Ketereh,https://www.google.com/maps/place/KFC+Machang/data=!4m7!3m6!1s0x31b6852cc27bb79d:0x97ab340c26aeaa33!8m2!3d5.7651579!4d102.2192927!16s%2Fg%2F1hc30tqnr!19sChIJnbd7wiyFtjERM6quJgw0q5c?authuser=0&hl=en&rclk=1,KFC Machang,3.9,(556),Temporarily Closed
Kelantan,Ketereh,https://www.google.com/maps/place/KFC+Kuala+Krai/data=!4m7!3m6!1s0x31b67c5ba0f6132f:0x7af056aa304bb832!8m2!3d5.5461475!4d102.2006364!16s%2Fg%2F1hc59fb2s!19sChIJLxP2oFt8tjERMrhLMKpW8Ho?authuser=0&hl=en&rclk=1,KFC Kuala Krai,3.9,(669),Operating
Kelantan,Ketereh,https://www.google.com/maps/place/MARYAM+FRIED+CHICKEN/data=!4m7!3m6!1s0x31b6a3059c91618b:0x77c46aee496b4c11!8m2!3d5.9197389!4d102.2447847!16s%2Fg%2F11w3y_1f1v!19sChIJi2GRnAWjtjEREUxrSe5qxHc?authuser=0&hl=en&rclk=1,MARYAM FRIED CHICKEN,4.7,(187),Operating
Kelantan,Ketereh,https://www.google.com/maps/place/My%27s+Fried+Chicken+%26+Coffee/data=!4m7!3m6!1s0x31b69965aefbedbf:0x6a0682f95aaeca68!8m2!3d5.918303!4d102.2447128!16s%2Fg%2F11jrh54p0d!19sChIJv-37rmWZtjERaMquWvmCBmo?authuser=0&hl=en&rclk=1,My's Fried Chicken & Coffee,4.6,(12),Temporarily Closed
Kelantan,Ketereh,https://www.google.com/maps/place/Bandar+Ketereh/data=!4m7!3m6!1s0x31b6a3c6c25dc1c3:0x6f9f26220bca8079!8m2!3d5.957974!4d102.249882!16s%2Fg%2F11l88gh200!19sChIJw8FdwsajtjEReYDKCyImn28?authuser=0&hl=en&rclk=1,Bandar Ketereh,0,0,No status
Kelantan,Ketereh,https://www.google.com/maps/place/Edlee+Fried+Chicken+Kadok/data=!4m7!3m6!1s0x31b6a3630e48afcf:0x538350fc096ed786!8m2!3d5.9893171!4d102.2474931!16s%2Fg%2F11l6f5zqny!19sChIJz69IDmOjtjERhtduCfxQg1M?authuser=0&hl=en&rclk=1,Edlee Fried Chicken Kadok,3.8,(16),Operating
Kelantan,Ketereh,https://www.google.com/maps/place/McDonald%27s+Kok+Lanas+DT/data=!4m7!3m6!1s0x31b6980540d51e5d:0x391b2bfca6120969!8m2!3d5.921904!4d102.2446452!16s%2Fg%2F1ptyxgvfh!19sChIJXR7VQAWYtjERaQkSpvwrGzk?authuser=0&hl=en&rclk=1,McDonald's Kok Lanas DT,4.0,"(2,683)",Operating
Kelantan,Ketereh,https://www.google.com/maps/place/KFC+Kok+Lanas+Drive+Thru/data=!4m7!3m6!1s0x31b698198439be9b:0x9fbc7766d354e6a8!8m2!3d5.9148876!4d102.2455323!16s%2Fg%2F11bw61rl4f!19sChIJm745hBmYtjERqOZU02Z3vJ8?authuser=0&hl=en&rclk=1,KFC Kok Lanas Drive Thru,3.9,(894),Permanently Closed
Kelantan,Tanah Merah,"https://www.google.com/maps/search/KFC+near+Tanah Merah,+Kelantan",KFC Tanah Merah,4.0,(790),Operating
Kelantan,Pasir Puteh,"https://www.google.com/maps/search/KFC+near+Pasir Puteh,+Kelantan",KFC Shell Pasir Puteh DT drive-thru,3.9,(786),Temporarily Closed
Kelantan,Machang,https://www.google.com/maps/place/KFC+Gua+Musang+Drive+Thru/data=!4m7!3m6!1s0x31ca0418bff8d6f1:0xb9278e1879520806!8m2!3d4.8768619!4d101.9622264!16s%2Fg%2F11c67rwml9!19sChIJ8db4vxgEyjERBghSeRiOJ7k?authuser=0&hl=en&rclk=1,KFC Gua Musang Drive Thru,4.0,"(1,664)",Operating
Kelantan,Machang,https://www.google.com/maps/place/KFC+Shell+Machang+DT/data=!4m7!3m6!1s0x31b69b3cdb498037:0xfb91708556c81b4d!8m2!3d5.7948495!4d102.2213244!16s%2Fg%2F11tdz8jwd9!19sChIJN4BJ2zybtjERTRvIVoVwkfs?authuser=0&hl=en&rclk=1,KFC Shell Machang DT,4.3,(204),Operating
Kelantan,Machang,https://www.google.com/maps/place/KFC+Machang/data=!4m7!3m6!1s0x31b6852cc27bb79d:0x97ab340c26aeaa33!8m2!3d5.7651579!4d102.2192927!16s%2Fg%2F1hc30tqnr!19sChIJnbd7wiyFtjERM6quJgw0q5c?authuser=0&hl=en&rclk=1,KFC Machang,3.9,(556),Temporarily Closed
Kelantan,Jeli,"https://www.google.com/maps/search/KFC+near+Jeli,+Kelantan",KFC Jeli,4.0,(558),Permanently Closed
Kelantan,Kuala Krai,https://www.google.com/maps/place/KFC+Gua+Musang+Drive+Thru/data=!4m7!3m6!1s0x31ca0418bff8d6f1:0xb9278e1879520806!8m2!3d4.8768619!4d101.9622264!16s%2Fg%2F11c67rwml9!19sChIJ8db4vxgEyjERBghSeRiOJ7k?authuser=0&hl=en&rclk=1,KFC Gua Musang Drive Thru,4.0,"(1,664)",Operating
Kelantan,Kuala Krai,https://www.google.com/maps/place/KFC+Five+Kuala+Krai+DT/data=!4m7!3m6!1s0x31b67bcd4066e45b:0x8591499d31b337f8!8m2!3d5.493573!4d102.2228287!16s%2Fg%2F11sv_cdwgx!19sChIJW-RmQM17tjER-DezMZ1JkYU?authuser=0&hl=en&rclk=1,KFC Five Kuala Krai DT,3.5,(77),Operating
Kelantan,Kuala Krai,https://www.google.com/maps/place/KFC+Kuala+Krai/data=!4m7!3m6!1s0x31b67c5ba0f6132f:0x7af056aa304bb832!8m2!3d5.5461475!4d102.2006364!16s%2Fg%2F1hc59fb2s!19sChIJLxP2oFt8tjERMrhLMKpW8Ho?authuser=0&hl=en&rclk=1,KFC Kuala Krai,3.9,(669),Operating
Kelantan,Gua Musang,"https://www.google.com/maps/search/KFC+near+Gua Musang,+Kelantan",KFC Gua Musang Drive Thru,4.0,"(1,664)",Operating
Melaka,Masjid Tanah,https://www.google.com/maps/place/KFC+Mahkota+Parade/data=!4m7!3m6!1s0x31d1f1e141555555:0x85157e9745ae8e53!8m2!3d2.1884116!4d102.2501426!16s%2Fg%2F1hc776kjx!19sChIJVVVVQeHx0TERU46uRZd-FYU?authuser=0&hl=en&rclk=1,KFC Mahkota Parade,4.1,(195),Operating
Melaka,Masjid Tanah,https://www.google.com/maps/place/KFC+Dataran+Pahlawan/data=!4m7!3m6!1s0x31d1f1e0e78eace5:0x5458e074c0bd7ce8!8m2!3d2.1895969!4d102.2523247!16s%2Fg%2F11g65cg7nt!19sChIJ5ayO5-Dx0TER6Hy9wHTgWFQ?authuser=0&hl=en&rclk=1,KFC Dataran Pahlawan,4.0,(228),Temporarily Closed
Melaka,Masjid Tanah,https://www.google.com/maps/place/KFC+Plaza+Melaka/data=!4m7!3m6!1s0x31d1f1cdf40e6f23:0xee1d268a20ccc246!8m2!3d2.2077674!4d102.2429779!16s%2Fg%2F1hc1m9qxk!19sChIJI28O9M3x0TERRsLMIIomHe4?authuser=0&hl=en&rclk=1,KFC Plaza Melaka,3.9,"(1,283)",Operating
Melaka,Masjid Tanah,https://www.google.com/maps/place/KFC+Masjid+Tanah/data=!4m7!3m6!1s0x31d1ff1a42ab09c7:0x628b8546e12b48c4!8m2!3d2.3522173!4d102.1095571!16s%2Fg%2F1hc32thp4!19sChIJxwmrQhr_0TERxEgr4UaFi2I?authuser=0&hl=en&rclk=1,KFC Masjid Tanah,3.9,"(1,541)",Operating
Melaka,Alor Gajah,"https://www.google.com/maps/search/KFC+near+Alor Gajah,+Melaka",KFC Prima Alor Gajah,3.9,"(1,606)",Operating
Melaka,Tangga Batu,https://www.google.com/maps/place/KFC+Mahkota+Parade/data=!4m7!3m6!1s0x31d1f1e141555555:0x85157e9745ae8e53!8m2!3d2.1884116!4d102.2501426!16s%2Fg%2F1hc776kjx!19sChIJVVVVQeHx0TERU46uRZd-FYU?authuser=0&hl=en&rclk=1,KFC Mahkota Parade,4.1,(195),Operating
Melaka,Tangga Batu,https://www.google.com/maps/place/KFC+Dataran+Pahlawan/data=!4m7!3m6!1s0x31d1f1e0e78eace5:0x5458e074c0bd7ce8!8m2!3d2.1895969!4d102.2523247!16s%2Fg%2F11g65cg7nt!19sChIJ5ayO5-Dx0TER6Hy9wHTgWFQ?authuser=0&hl=en&rclk=1,KFC Dataran Pahlawan,4.0,(228),Temporarily Closed
Melaka,Tangga Batu,https://www.google.com/maps/place/KFC+Plaza+Melaka/data=!4m7!3m6!1s0x31d1f1cdf40e6f23:0xee1d268a20ccc246!8m2!3d2.2077674!4d102.2429779!16s%2Fg%2F1hc1m9qxk!19sChIJI28O9M3x0TERRsLMIIomHe4?authuser=0&hl=en&rclk=1,KFC Plaza Melaka,3.9,"(1,283)",Operating
Melaka,Tangga Batu,https://www.google.com/maps/place/KFC+The+Shore+Melaka/data=!4m7!3m6!1s0x31d1f17bc6a66a17:0xdbf0442f338e2935!8m2!3d2.2020304!4d102.2500858!16s%2Fg%2F11j083ch_4!19sChIJF2qmxnvx0TERNSmOMy9E8Ns?authuser=0&hl=en&rclk=1,KFC The Shore Melaka,3.9,(147),Operating
Melaka,Tangga Batu,https://www.google.com/maps/place/KFC+Batu+Berendam/data=!4m7!3m6!1s0x31d1effdb0f5e759:0xa52e55e962519dd2!8m2!3d2.2434692!4d102.2571167!16s%2Fg%2F1hc3v3bxq!19sChIJWef1sP3v0TER0p1RYulVLqU?authuser=0&hl=en&rclk=1,KFC Batu Berendam,3.8,(962),Operating
Melaka,Tangga Batu,https://www.google.com/maps/place/KFC+Kota+Syahbandar/data=!4m7!3m6!1s0x31d1f15dba0c367d:0x1415028bed52acac!8m2!3d2.1952956!4d102.2353004!16s%2Fg%2F11gyxc84gs!19sChIJfTYMul3x0TERrKxS7YsCFRQ?authuser=0&hl=en&rclk=1,KFC Kota Syahbandar,4.0,(505),Operating
Melaka,Tangga Batu,https://www.google.com/maps/place/KFC+@Lotus%27s+Melaka/data=!4m7!3m6!1s0x31d1ee29eb1f2149:0xf2c74d8a3698c7c0!8m2!3d2.2185605!4d102.247144!16s%2Fg%2F11f03w_jlt!19sChIJSSEf6ynu0TERwMeYNopNx_I?authuser=0&hl=en&rclk=1,KFC @Lotus's Melaka,3.7,(122),Operating
Melaka,Tangga Batu,https://www.google.com/maps/place/KFC+Malim+Jaya/data=!4m7!3m6!1s0x31d1f041bd881df7:0xe9af20ab042b1461!8m2!3d2.2294515!4d102.2273448!16s%2Fg%2F1hc88b3yr!19sChIJ9x2IvUHw0TERYRQrBKsgr-k?authuser=0&hl=en&rclk=1,KFC Malim Jaya,4.0,(653),Operating
Melaka,Tangga Batu,https://www.google.com/maps/place/KFC+Semabok/data=!4m7!3m6!1s0x31d1ee43141215bf:0x89b1c98a21fa4235!8m2!3d2.1953898!4d102.2874017!16s%2Fg%2F11b75hdsvm!19sChIJvxUSFEPu0TERNUL6IYrJsYk?authuser=0&hl=en&rclk=1,KFC Semabok,3.9,"(1,783)",Operating
Melaka,Tangga Batu,https://www.google.com/maps/place/KFC+@Ayer+Keroh+DT/data=!4m7!3m6!1s0x31d1ef95c766903d:0x1ddbc102f581531f!8m2!3d2.25371!4d102.2908526!16s%2Fg%2F11r9n571x!19sChIJPZBmx5Xv0TERH1OB9QLB2x0?authuser=0&hl=en&rclk=1,KFC @Ayer Keroh DT,3.9,"(2,167)",Operating
Melaka,Tangga Batu,https://www.google.com/maps/place/KFC+Lotus%27s+Cheng/data=!4m7!3m6!1s0x31d1fafa34af48d7:0x54c38d90fb29fdb0!8m2!3d2.2815995!4d102.215817!16s%2Fg%2F12qg9gcw7!19sChIJ10ivNPr60TERsP0p-5CNw1Q?authuser=0&hl=en&rclk=1,KFC Lotus's Cheng,3.7,(215),Operating
Melaka,Tangga Batu,https://www.google.com/maps/place/KFC+Klebang/data=!4m7!3m6!1s0x31d1f0dd2efe640d:0xc3d483aa8e6aaed9!8m2!3d2.2212563!4d102.1838678!16s%2Fg%2F1hc547mdq!19sChIJDWT-Lt3w0TER2a5qjqqD1MM?authuser=0&hl=en&rclk=1,KFC Klebang,3.9,(589),Operating
Melaka,Tangga Batu,https://www.google.com/maps/place/KFC+Petron+Gangsa+DT/data=!4m7!3m6!1s0x31d1e5ee776d8d03:0xedffb00ef419e541!8m2!3d2.2855582!4d102.2627232!16s%2Fg%2F11h080czp8!19sChIJA41td-7l0TERQeUZ9A6w_-0?authuser=0&hl=en&rclk=1,KFC Petron Gangsa DT,3.9,(756),Operating
Melaka,Tangga Batu,https://www.google.com/maps/place/KFC+Shell+Sungai+Rambai+DT/data=!4m7!3m6!1s0x31d1c1a458609a33:0x7c1b6ca3d7cf39c6!8m2!3d2.1367025!4d102.4859743!16s%2Fg%2F11jfrwb0_p!19sChIJM5pgWKTB0TERxjnP16NsG3w?authuser=0&hl=en&rclk=1,KFC Shell Sungai Rambai DT,4.1,(590),Operating
Melaka,Tangga Batu,https://www.google.com/maps/place/KFC+Petron+Bukit+Katil+DT/data=!4m7!3m6!1s0x31d1ef760c9edf6f:0x464b5d19d7553611!8m2!3d2.2355333!4d102.3018867!16s%2Fg%2F11hbc29zn5!19sChIJb9-eDHbv0TERETZV1xldS0Y?authuser=0&hl=en&rclk=1,KFC Petron Bukit Katil DT,4.0,(746),Operating
Melaka,Tangga Batu,https://www.google.com/maps/place/Nasi+Kukus+Ayam+Berempah+Al-tirah/data=!4m7!3m6!1s0x31d1f90010751bb5:0x8b235ec421f2ab4c!8m2!3d2.2517368!4d102.1572921!16s%2Fg%2F11mdclc0x8!19sChIJtRt1EAD50TERTKvyIcReI4s?authuser=0&hl=en&rclk=1,Nasi Kukus Ayam Berempah Al-tirah,0,0,Operating
Melaka,Tangga Batu,https://www.google.com/maps/place/KFC+Sungai+Udang+Melaka/data=!4m7!3m6!1s0x31d1f90847e6cdb7:0xa7fa54f2bcb20d75!8m2!3d2.2901647!4d102.1396864!16s%2Fg%2F12qg23f6w!19sChIJt83mRwj50TERdQ2yvPJU-qc?authuser=0&hl=en&rclk=1,KFC Sungai Udang Melaka,4.0,"(1,064)",Operating
Melaka,Tangga Batu,https://www.google.com/maps/place/KFC+Masjid+Tanah/data=!4m7!3m6!1s0x31d1ff1a42ab09c7:0x628b8546e12b48c4!8m2!3d2.3522173!4d102.1095571!16s%2Fg%2F1hc32thp4!19sChIJxwmrQhr_0TERxEgr4UaFi2I?authuser=0&hl=en&rclk=1,KFC Masjid Tanah,3.9,"(1,541)",Operating
Melaka,Hang Tuah Jaya,https://www.google.com/maps/place/KFC+Mahkota+Parade/data=!4m7!3m6!1s0x31d1f1e141555555:0x85157e9745ae8e53!8m2!3d2.1884116!4d102.2501426!16s%2Fg%2F1hc776kjx!19sChIJVVVVQeHx0TERU46uRZd-FYU?authuser=0&hl=en&rclk=1,KFC Mahkota Parade,4.1,(195),Operating
Melaka,Hang Tuah Jaya,https://www.google.com/maps/place/KFC+Dataran+Pahlawan/data=!4m7!3m6!1s0x31d1f1e0e78eace5:0x5458e074c0bd7ce8!8m2!3d2.1895969!4d102.2523247!16s%2Fg%2F11g65cg7nt!19sChIJ5ayO5-Dx0TER6Hy9wHTgWFQ?authuser=0&hl=en&rclk=1,KFC Dataran Pahlawan,4.0,(228),Temporarily Closed
Melaka,Hang Tuah Jaya,https://www.google.com/maps/place/KFC+Plaza+Melaka/data=!4m7!3m6!1s0x31d1f1cdf40e6f23:0xee1d268a20ccc246!8m2!3d2.2077674!4d102.2429779!16s%2Fg%2F1hc1m9qxk!19sChIJI28O9M3x0TERRsLMIIomHe4?authuser=0&hl=en&rclk=1,KFC Plaza Melaka,3.9,"(1,283)",Operating
Melaka,Hang Tuah Jaya,https://www.google.com/maps/place/KFC+Kota+Syahbandar/data=!4m7!3m6!1s0x31d1f15dba0c367d:0x1415028bed52acac!8m2!3d2.1952956!4d102.2353004!16s%2Fg%2F11gyxc84gs!19sChIJfTYMul3x0TERrKxS7YsCFRQ?authuser=0&hl=en&rclk=1,KFC Kota Syahbandar,4.0,(505),Operating
Melaka,Hang Tuah Jaya,https://www.google.com/maps/place/KFC+@Lotus%27s+Melaka/data=!4m7!3m6!1s0x31d1ee29eb1f2149:0xf2c74d8a3698c7c0!8m2!3d2.2185605!4d102.247144!16s%2Fg%2F11f03w_jlt!19sChIJSSEf6ynu0TERwMeYNopNx_I?authuser=0&hl=en&rclk=1,KFC @Lotus's Melaka,3.7,(122),Operating
Melaka,Hang Tuah Jaya,https://www.google.com/maps/place/KFC+The+Shore+Melaka/data=!4m7!3m6!1s0x31d1f17bc6a66a17:0xdbf0442f338e2935!8m2!3d2.2020304!4d102.2500858!16s%2Fg%2F11j083ch_4!19sChIJF2qmxnvx0TERNSmOMy9E8Ns?authuser=0&hl=en&rclk=1,KFC The Shore Melaka,3.9,(147),Operating
Melaka,Hang Tuah Jaya,https://www.google.com/maps/place/KFC+@Ayer+Keroh+DT/data=!4m7!3m6!1s0x31d1ef95c766903d:0x1ddbc102f581531f!8m2!3d2.25371!4d102.2908526!16s%2Fg%2F11r9n571x!19sChIJPZBmx5Xv0TERH1OB9QLB2x0?authuser=0&hl=en&rclk=1,KFC @Ayer Keroh DT,3.9,"(2,167)",Operating
Melaka,Hang Tuah Jaya,https://www.google.com/maps/place/KFC+Semabok/data=!4m7!3m6!1s0x31d1ee43141215bf:0x89b1c98a21fa4235!8m2!3d2.1953898!4d102.2874017!16s%2Fg%2F11b75hdsvm!19sChIJvxUSFEPu0TERNUL6IYrJsYk?authuser=0&hl=en&rclk=1,KFC Semabok,3.9,"(1,783)",Operating
Melaka,Hang Tuah Jaya,https://www.google.com/maps/place/KFC+Malim+Jaya/data=!4m7!3m6!1s0x31d1f041bd881df7:0xe9af20ab042b1461!8m2!3d2.2294515!4d102.2273448!16s%2Fg%2F1hc88b3yr!19sChIJ9x2IvUHw0TERYRQrBKsgr-k?authuser=0&hl=en&rclk=1,KFC Malim Jaya,4.0,(653),Operating
Melaka,Hang Tuah Jaya,https://www.google.com/maps/place/KFC+Ayer+Keroh+-+AEON/data=!4m7!3m6!1s0x31d1ef943dec89bd:0x3270ad99798be6cf!8m2!3d2.2337405!4d102.2832409!16s%2Fg%2F12qg9_2wp!19sChIJvYnsPZTv0TERz-aLeZmtcDI?authuser=0&hl=en&rclk=1,KFC Ayer Keroh - AEON,3.4,(330),Temporarily Closed
Melaka,Hang Tuah Jaya,https://www.google.com/maps/place/KFC+Lotus%27s+Cheng/data=!4m7!3m6!1s0x31d1fafa34af48d7:0x54c38d90fb29fdb0!8m2!3d2.2815995!4d102.215817!16s%2Fg%2F12qg9gcw7!19sChIJ10ivNPr60TERsP0p-5CNw1Q?authuser=0&hl=en&rclk=1,KFC Lotus's Cheng,3.7,(215),Operating
Melaka,Hang Tuah Jaya,https://www.google.com/maps/place/KFC+Batu+Berendam/data=!4m7!3m6!1s0x31d1effdb0f5e759:0xa52e55e962519dd2!8m2!3d2.2434692!4d102.2571167!16s%2Fg%2F1hc3v3bxq!19sChIJWef1sP3v0TER0p1RYulVLqU?authuser=0&hl=en&rclk=1,KFC Batu Berendam,3.8,(962),Operating
Melaka,Hang Tuah Jaya,https://www.google.com/maps/place/KFC+Klebang/data=!4m7!3m6!1s0x31d1f0dd2efe640d:0xc3d483aa8e6aaed9!8m2!3d2.2212563!4d102.1838678!16s%2Fg%2F1hc547mdq!19sChIJDWT-Lt3w0TER2a5qjqqD1MM?authuser=0&hl=en&rclk=1,KFC Klebang,3.9,(589),Operating
Melaka,Hang Tuah Jaya,https://www.google.com/maps/place/KFC+Petron+Bukit+Katil+DT/data=!4m7!3m6!1s0x31d1ef760c9edf6f:0x464b5d19d7553611!8m2!3d2.2355333!4d102.3018867!16s%2Fg%2F11hbc29zn5!19sChIJb9-eDHbv0TERETZV1xldS0Y?authuser=0&hl=en&rclk=1,KFC Petron Bukit Katil DT,4.0,(746),Operating
Melaka,Hang Tuah Jaya,https://www.google.com/maps/place/Asam+Pedas+Lauk+Kampung/data=!4m7!3m6!1s0x31d1f1d6bba64bb7:0xd54354ac3feecc96!8m2!3d2.1902202!4d102.2474525!16s%2Fg%2F11h02961v5!19sChIJt0umu9bx0TERlszuP6xUQ9U?authuser=0&hl=en&rclk=1,Asam Pedas Lauk Kampung,4.4,(579),Operating
Melaka,Hang Tuah Jaya,https://www.google.com/maps/place/KFC+Freeport+A%27Famosa+Melaka/data=!4m7!3m6!1s0x31ce0254b3f027ad:0x19acbaae95cb5e00!8m2!3d2.4433761!4d102.2043049!16s%2Fg%2F11c45np5y1!19sChIJrSfws1QCzjERAF7Lla66rBk?authuser=0&hl=en&rclk=1,KFC Freeport A'Famosa Melaka,3.9,"(1,016)",Operating
Melaka,Kota Melaka,https://www.google.com/maps/place/KFC+Dataran+Pahlawan/data=!4m7!3m6!1s0x31d1f1e0e78eace5:0x5458e074c0bd7ce8!8m2!3d2.1895969!4d102.2523247!16s%2Fg%2F11g65cg7nt!19sChIJ5ayO5-Dx0TER6Hy9wHTgWFQ?authuser=0&hl=en&rclk=1,KFC Dataran Pahlawan,4.0,(228),Temporarily Closed
Melaka,Kota Melaka,https://www.google.com/maps/place/KFC+Kota+Syahbandar/data=!4m7!3m6!1s0x31d1f15dba0c367d:0x1415028bed52acac!8m2!3d2.1952956!4d102.2353004!16s%2Fg%2F11gyxc84gs!19sChIJfTYMul3x0TERrKxS7YsCFRQ?authuser=0&hl=en&rclk=1,KFC Kota Syahbandar,4.0,(505),Operating
Melaka,Kota Melaka,https://www.google.com/maps/place/KFC+Mahkota+Parade/data=!4m7!3m6!1s0x31d1f1e141555555:0x85157e9745ae8e53!8m2!3d2.1884116!4d102.2501426!16s%2Fg%2F1hc776kjx!19sChIJVVVVQeHx0TERU46uRZd-FYU?authuser=0&hl=en&rclk=1,KFC Mahkota Parade,4.1,(195),Operating
Melaka,Kota Melaka,https://www.google.com/maps/place/KFC+The+Shore+Melaka/data=!4m7!3m6!1s0x31d1f17bc6a66a17:0xdbf0442f338e2935!8m2!3d2.2020304!4d102.2500858!16s%2Fg%2F11j083ch_4!19sChIJF2qmxnvx0TERNSmOMy9E8Ns?authuser=0&hl=en&rclk=1,KFC The Shore Melaka,3.9,(147),Operating
Melaka,Kota Melaka,https://www.google.com/maps/place/KFC+Plaza+Melaka/data=!4m7!3m6!1s0x31d1f1cdf40e6f23:0xee1d268a20ccc246!8m2!3d2.2077674!4d102.2429779!16s%2Fg%2F1hc1m9qxk!19sChIJI28O9M3x0TERRsLMIIomHe4?authuser=0&hl=en&rclk=1,KFC Plaza Melaka,3.9,"(1,283)",Operating
Melaka,Kota Melaka,https://www.google.com/maps/place/KFC+@Lotus%27s+Melaka/data=!4m7!3m6!1s0x31d1ee29eb1f2149:0xf2c74d8a3698c7c0!8m2!3d2.2185605!4d102.247144!16s%2Fg%2F11f03w_jlt!19sChIJSSEf6ynu0TERwMeYNopNx_I?authuser=0&hl=en&rclk=1,KFC @Lotus's Melaka,3.7,(122),Operating
Melaka,Kota Melaka,https://www.google.com/maps/place/KFC+Malim+Jaya/data=!4m7!3m6!1s0x31d1f041bd881df7:0xe9af20ab042b1461!8m2!3d2.2294515!4d102.2273448!16s%2Fg%2F1hc88b3yr!19sChIJ9x2IvUHw0TERYRQrBKsgr-k?authuser=0&hl=en&rclk=1,KFC Malim Jaya,4.0,(653),Operating
Melaka,Kota Melaka,https://www.google.com/maps/place/KFC+Semabok/data=!4m7!3m6!1s0x31d1ee43141215bf:0x89b1c98a21fa4235!8m2!3d2.1953898!4d102.2874017!16s%2Fg%2F11b75hdsvm!19sChIJvxUSFEPu0TERNUL6IYrJsYk?authuser=0&hl=en&rclk=1,KFC Semabok,3.9,"(1,783)",Operating
Melaka,Kota Melaka,https://www.google.com/maps/place/KFC+Ayer+Keroh+-+AEON/data=!4m7!3m6!1s0x31d1ef943dec89bd:0x3270ad99798be6cf!8m2!3d2.2337405!4d102.2832409!16s%2Fg%2F12qg9_2wp!19sChIJvYnsPZTv0TERz-aLeZmtcDI?authuser=0&hl=en&rclk=1,KFC Ayer Keroh - AEON,3.4,(330),Temporarily Closed
Melaka,Kota Melaka,https://www.google.com/maps/place/KFC+Batu+Berendam/data=!4m7!3m6!1s0x31d1effdb0f5e759:0xa52e55e962519dd2!8m2!3d2.2434692!4d102.2571167!16s%2Fg%2F1hc3v3bxq!19sChIJWef1sP3v0TER0p1RYulVLqU?authuser=0&hl=en&rclk=1,KFC Batu Berendam,3.8,(962),Operating
Melaka,Kota Melaka,https://www.google.com/maps/place/KFC+Lotus%27s+Cheng/data=!4m7!3m6!1s0x31d1fafa34af48d7:0x54c38d90fb29fdb0!8m2!3d2.2815995!4d102.215817!16s%2Fg%2F12qg9gcw7!19sChIJ10ivNPr60TERsP0p-5CNw1Q?authuser=0&hl=en&rclk=1,KFC Lotus's Cheng,3.7,(215),Operating
Melaka,Kota Melaka,https://www.google.com/maps/place/KFC+@Ayer+Keroh+DT/data=!4m7!3m6!1s0x31d1ef95c766903d:0x1ddbc102f581531f!8m2!3d2.25371!4d102.2908526!16s%2Fg%2F11r9n571x!19sChIJPZBmx5Xv0TERH1OB9QLB2x0?authuser=0&hl=en&rclk=1,KFC @Ayer Keroh DT,3.9,"(2,167)",Operating
Melaka,Kota Melaka,https://www.google.com/maps/place/KFC+Petron+Bukit+Katil+DT/data=!4m7!3m6!1s0x31d1ef760c9edf6f:0x464b5d19d7553611!8m2!3d2.2355333!4d102.3018867!16s%2Fg%2F11hbc29zn5!19sChIJb9-eDHbv0TERETZV1xldS0Y?authuser=0&hl=en&rclk=1,KFC Petron Bukit Katil DT,4.0,(746),Operating
Melaka,Kota Melaka,https://www.google.com/maps/place/KFC+Klebang/data=!4m7!3m6!1s0x31d1f0dd2efe640d:0xc3d483aa8e6aaed9!8m2!3d2.2212563!4d102.1838678!16s%2Fg%2F1hc547mdq!19sChIJDWT-Lt3w0TER2a5qjqqD1MM?authuser=0&hl=en&rclk=1,KFC Klebang,3.9,(589),Operating
Melaka,Kota Melaka,https://www.google.com/maps/place/KFC+Sungai+Udang+Melaka/data=!4m7!3m6!1s0x31d1f90847e6cdb7:0xa7fa54f2bcb20d75!8m2!3d2.2901647!4d102.1396864!16s%2Fg%2F12qg23f6w!19sChIJt83mRwj50TERdQ2yvPJU-qc?authuser=0&hl=en&rclk=1,KFC Sungai Udang Melaka,4.0,"(1,064)",Operating
Melaka,Kota Melaka,https://www.google.com/maps/place/KFC+Petron+Gangsa+DT/data=!4m7!3m6!1s0x31d1e5ee776d8d03:0xedffb00ef419e541!8m2!3d2.2855582!4d102.2627232!16s%2Fg%2F11h080czp8!19sChIJA41td-7l0TERQeUZ9A6w_-0?authuser=0&hl=en&rclk=1,KFC Petron Gangsa DT,3.9,(756),Operating
Melaka,Kota Melaka,https://www.google.com/maps/place/KFC+Shell+Sungai+Rambai+DT/data=!4m7!3m6!1s0x31d1c1a458609a33:0x7c1b6ca3d7cf39c6!8m2!3d2.1367025!4d102.4859743!16s%2Fg%2F11jfrwb0_p!19sChIJM5pgWKTB0TERxjnP16NsG3w?authuser=0&hl=en&rclk=1,KFC Shell Sungai Rambai DT,4.1,(590),Operating
Melaka,Kota Melaka,https://www.google.com/maps/place/KFC+Freeport+A%27Famosa+Melaka/data=!4m7!3m6!1s0x31ce0254b3f027ad:0x19acbaae95cb5e00!8m2!3d2.4433761!4d102.2043049!16s%2Fg%2F11c45np5y1!19sChIJrSfws1QCzjERAF7Lla66rBk?authuser=0&hl=en&rclk=1,KFC Freeport A'Famosa Melaka,3.9,"(1,016)",Operating
Melaka,Kota Melaka,https://www.google.com/maps/place/KFC+Masjid+Tanah/data=!4m7!3m6!1s0x31d1ff1a42ab09c7:0x628b8546e12b48c4!8m2!3d2.3522173!4d102.1095571!16s%2Fg%2F1hc32thp4!19sChIJxwmrQhr_0TERxEgr4UaFi2I?authuser=0&hl=en&rclk=1,KFC Masjid Tanah,3.9,"(1,541)",Operating
Melaka,Jasin,https://www.google.com/maps/place/KFC+Dataran+Pahlawan/data=!4m7!3m6!1s0x31d1f1e0e78eace5:0x5458e074c0bd7ce8!8m2!3d2.1895969!4d102.2523247!16s%2Fg%2F11g65cg7nt!19sChIJ5ayO5-Dx0TER6Hy9wHTgWFQ?authuser=0&hl=en&rclk=1,KFC Dataran Pahlawan,4.0,(228),Temporarily Closed
Melaka,Jasin,https://www.google.com/maps/place/KFC+JASIN/data=!4m7!3m6!1s0x31d1e75bf3843ae7:0xfdbfcd0159816b6c!8m2!3d2.3120582!4d102.4320682!16s%2Fg%2F1hc79bm9w!19sChIJ5zqE81vn0TERbGuBWQHNv_0?authuser=0&hl=en&rclk=1,KFC JASIN,4.0,(873),Operating
Melaka,Jasin,https://www.google.com/maps/place/KFC+Bemban/data=!4m7!3m6!1s0x31d1e7b2888ce695:0x39ef2178fe991ac9!8m2!3d2.2772533!4d102.3948544!16s%2Fg%2F11cn9399b9!19sChIJleaMiLLn0TERyRqZ_ngh7zk?authuser=0&hl=en&rclk=1,KFC Bemban,3.9,(347),Operating
Negeri Sembilan,Jelebu,"https://www.google.com/maps/search/KFC+near+Jelebu,+Negeri Sembilan",KFC Kuala Klawang,3.8,(848),Operating
Negeri Sembilan,Jempol,https://www.google.com/maps/place/KFC+IOI+Bahau+DT/data=!4m7!3m6!1s0x31ce6977b8909361:0x4894f78c856a4bbb!8m2!3d2.8170881!4d102.4151188!16s%2Fg%2F11n59xb9j_!19sChIJYZOQuHdpzjERu0tqhYz3lEg?authuser=0&hl=en&rclk=1,KFC IOI Bahau DT,3.5,(417),Operating
Negeri Sembilan,Jempol,https://www.google.com/maps/place/KFC+Bahau/data=!4m7!3m6!1s0x31ce69a27edeb44b:0xbbd176ebb9378126!8m2!3d2.81089!4d102.4004211!16s%2Fg%2F1hc3_9p4b!19sChIJS7TefqJpzjERJoE3uet20bs?authuser=0&hl=en&rclk=1,KFC Bahau,3.9,"(1,084)",Operating
Negeri Sembilan,Seremban,https://www.google.com/maps/place/KFC+Seremban/data=!4m7!3m6!1s0x31cddd8385faf393:0xea57427b57f380c3!8m2!3d2.7245505!4d101.9400643!16s%2Fg%2F1hc46h4wx!19sChIJk_P6hYPdzTERw4DzV3tCV-o?authuser=0&hl=en&rclk=1,KFC Seremban,4.1,(702),Operating
Negeri Sembilan,Seremban,https://www.google.com/maps/place/KFC+Seremban+2+Drive+Thru/data=!4m7!3m6!1s0x31cde7b7c476b735:0xddb9bbbed7769a4c!8m2!3d2.6892684!4d101.9134166!16s%2Fg%2F11c60_hw5_!19sChIJNbd2xLfnzTERTJp21767ud0?authuser=0&hl=en&rclk=1,KFC Seremban 2 Drive Thru,3.9,(585),Operating
Negeri Sembilan,Seremban,https://www.google.com/maps/place/KFC+Wisma+Gerakan/data=!4m7!3m6!1s0x31cddd9e0ba38d49:0xfb6bddf8dac6ef34!8m2!3d2.7329534!4d101.9363717!16s%2Fg%2F1hc1ps4mb!19sChIJSY2jC57dzTERNO_G2vjda_s?authuser=0&hl=en&rclk=1,KFC Wisma Gerakan,3.9,(672),Operating
Negeri Sembilan,Seremban,https://www.google.com/maps/place/KFC+Seremban+Drive+Thru/data=!4m7!3m6!1s0x31cddd8296a75dc1:0xfc0d37b94e5e51b1!8m2!3d2.7261541!4d101.9372004!16s%2Fg%2F1hc28v60c!19sChIJwV2nloLdzTERsVFeTrk3Dfw?authuser=0&hl=en&rclk=1,KFC Seremban Drive Thru,3.8,(908),Operating
Negeri Sembilan,Seremban,https://www.google.com/maps/place/KFC+Senawang/data=!4m7!3m6!1s0x31cdde1f0dcae857:0xb5e9d634957117b9!8m2!3d2.7204174!4d102.0014889!16s%2Fg%2F1hc4d36j1!19sChIJV-jKDR_ezTERuRdxlTTW6bU?authuser=0&hl=en&rclk=1,KFC Senawang,4.1,(850),Operating
Negeri Sembilan,Seremban,"https://www.google.com/maps/place/KFC+CENTRE+POINT+MALL,+SEREMBAN/data=!4m7!3m6!1s0x31cddde3aa1e578b:0xce5a7211c4680533!8m2!3d2.7231234!4d101.9554265!16s%2Fg%2F11j64rc4y3!19sChIJi1cequPdzTERMwVoxBFyWs4?authuser=0&hl=en&rclk=1","KFC CENTRE POINT MALL, SEREMBAN",3.5,(202),Operating
Negeri Sembilan,Seremban,https://www.google.com/maps/place/KFC+KIPMall+Senawang+DT/data=!4m7!3m6!1s0x31cde1e0a425cf0b:0x5e081681e52350a4!8m2!3d2.7134208!4d102.0019666!16s%2Fg%2F11j0d7277y!19sChIJC88lpODhzTERpFAj5YEWCF4?authuser=0&hl=en&rclk=1,KFC KIPMall Senawang DT,3.9,(264),Operating
Negeri Sembilan,Seremban,https://www.google.com/maps/place/KFC+Lotus%27s+Seremban+2/data=!4m7!3m6!1s0x31cde78c892b64cf:0xda900d201989fb08!8m2!3d2.7121599!4d101.9142158!16s%2Fg%2F1hc20xlwz!19sChIJz2QriYznzTERCPuJGSANkNo?authuser=0&hl=en&rclk=1,KFC Lotus's Seremban 2,3.7,(316),Operating
Negeri Sembilan,Seremban,https://www.google.com/maps/place/KFC+AEON+Seremban+2/data=!4m7!3m6!1s0x31cde7954a7c5d7d:0xb2bdc57aa513d131!8m2!3d2.7013805!4d101.911946!16s%2Fg%2F1hc329mw7!19sChIJfV18SpXnzTERMdETpXrFvbI?authuser=0&hl=en&rclk=1,KFC AEON Seremban 2,3.6,(263),Operating
Negeri Sembilan,Seremban,https://www.google.com/maps/place/KFC+Rasah+Jaya/data=!4m7!3m6!1s0x31cde703903aa163:0xd83896146562a3b9!8m2!3d2.683182!4d101.9424025!16s%2Fg%2F1hc1ms1w3!19sChIJY6E6kAPnzTERuaNiZRSWONg?authuser=0&hl=en&rclk=1,KFC Rasah Jaya,3.7,"(1,018)",Operating
Negeri Sembilan,Seremban,https://www.google.com/maps/place/KFC+Caltex+Mambau+DT/data=!4m7!3m6!1s0x31cde70019ece07b:0xa04c6484c49c6dcb!8m2!3d2.6778202!4d101.9258593!16s%2Fg%2F11y8hmclxr!19sChIJe-DsGQDnzTERy22cxIRkTKA?authuser=0&hl=en&rclk=1,KFC Caltex Mambau DT,3.8,(75),Operating
Negeri Sembilan,Seremban,https://www.google.com/maps/place/KFC+Sendayan+Drive-Thru/data=!4m7!3m6!1s0x31cde9ce4ed0fd2b:0x368bbd6cb7c1d4f2!8m2!3d2.6863888!4d101.8472404!16s%2Fg%2F11gl63x91f!19sChIJK_3QTs7pzTER8tTBt2y9izY?authuser=0&hl=en&rclk=1,KFC Sendayan Drive-Thru,3.9,(973),Operating
Negeri Sembilan,Seremban,https://www.google.com/maps/place/KFC+Giant+Senawang/data=!4m7!3m6!1s0x31cde0b40cb393f3:0x4049e96dd63ccfa6!8m2!3d2.7018628!4d101.9848165!16s%2Fg%2F1hc1jdnbx!19sChIJ85OzDLTgzTERps881m3pSUA?authuser=0&hl=en&rclk=1,KFC Giant Senawang,3.9,(387),Operating
Negeri Sembilan,Seremban,https://www.google.com/maps/place/KFC+S2+City+Park/data=!4m7!3m6!1s0x31cde7b82298f093:0x3f2f21a210a60a0b!8m2!3d2.6894124!4d101.9133471!16s%2Fg%2F11bxdzgy6w!19sChIJk_CYIrjnzTERCwqmEKIhLz8?authuser=0&hl=en&rclk=1,KFC S2 City Park,3.9,(893),Operating
Negeri Sembilan,Seremban,"https://www.google.com/maps/place/KFC+Restaurant+R%26R,+Labu,+Negeri+Sembilan./data=!4m7!3m6!1s0x31cdc3b1fbc821a9:0x95e688a9d3b6b050!8m2!3d2.764862!4d101.8302604!16s%2Fg%2F12qhbxv90!19sChIJqSHI-7HDzTERULC206mI5pU?authuser=0&hl=en&rclk=1","KFC Restaurant R&R, Labu, Negeri Sembilan.",3.7,(560),Temporarily Closed
Negeri Sembilan,Kuala Pilah,"https://www.google.com/maps/search/KFC+near+Kuala Pilah,+Negeri Sembilan",KFC Kuala Pilah,4.0,(931),Operating
Negeri Sembilan,Rasah,https://www.google.com/maps/place/KFC+Caltex+Mambau+DT/data=!4m7!3m6!1s0x31cde70019ece07b:0xa04c6484c49c6dcb!8m2!3d2.6778202!4d101.9258593!16s%2Fg%2F11y8hmclxr!19sChIJe-DsGQDnzTERy22cxIRkTKA?authuser=0&hl=en&rclk=1,KFC Caltex Mambau DT,3.8,(75),Operating
Negeri Sembilan,Rasah,https://www.google.com/maps/place/KFC+Rasah+Jaya/data=!4m7!3m6!1s0x31cde703903aa163:0xd83896146562a3b9!8m2!3d2.683182!4d101.9424025!16s%2Fg%2F1hc1ms1w3!19sChIJY6E6kAPnzTERuaNiZRSWONg?authuser=0&hl=en&rclk=1,KFC Rasah Jaya,3.7,"(1,018)",Operating
Negeri Sembilan,Rasah,https://www.google.com/maps/place/KFC+Seremban+2+Drive+Thru/data=!4m7!3m6!1s0x31cde7b7c476b735:0xddb9bbbed7769a4c!8m2!3d2.6892684!4d101.9134166!16s%2Fg%2F11c60_hw5_!19sChIJNbd2xLfnzTERTJp21767ud0?authuser=0&hl=en&rclk=1,KFC Seremban 2 Drive Thru,3.9,(585),Operating
Negeri Sembilan,Rasah,https://www.google.com/maps/place/KFC+Seremban/data=!4m7!3m6!1s0x31cddd8385faf393:0xea57427b57f380c3!8m2!3d2.7245505!4d101.9400643!16s%2Fg%2F1hc46h4wx!19sChIJk_P6hYPdzTERw4DzV3tCV-o?authuser=0&hl=en&rclk=1,KFC Seremban,4.1,(702),Operating
Negeri Sembilan,Rembau,"https://www.google.com/maps/search/KFC+near+Rembau,+Negeri Sembilan",KFC Rembau,3.9,"(1,143)",Operating
Negeri Sembilan,Port Dickson,https://www.google.com/maps/place/KFC+Port+Dickson+Drive+Thru/data=!4m7!3m6!1s0x31cdf12264a54f7f:0xd565df49c92ef5dc!8m2!3d2.5040861!4d101.8354605!16s%2Fg%2F11c67s3l35!19sChIJf0-lZCLxzTER3PUuyUnfZdU?authuser=0&hl=en&rclk=1,KFC Port Dickson Drive Thru,3.9,"(1,555)",Operating
Negeri Sembilan,Port Dickson,https://www.google.com/maps/place/KFC+Port+Dickson/data=!4m7!3m6!1s0x31cdf3d51b3a46e7:0xc0de6b39eb4e58f2!8m2!3d2.5229263!4d101.7969016!16s%2Fg%2F1hc22ffbt!19sChIJ50Y6G9XzzTER8lhO6zlr3sA?authuser=0&hl=en&rclk=1,KFC Port Dickson,3.8,"(1,109)",Operating
Negeri Sembilan,Port Dickson,https://www.google.com/maps/place/KFC+Lukut/data=!4m7!3m6!1s0x31cdee25a3b87921:0x996f4f8733904814!8m2!3d2.5666651!4d101.8272901!16s%2Fg%2F1hc1wx255!19sChIJIXm4oyXuzTERFEiQM4dPb5k?authuser=0&hl=en&rclk=1,KFC Lukut,3.6,(870),Operating
Negeri Sembilan,Tampin,"https://www.google.com/maps/search/KFC+near+Tampin,+Negeri Sembilan",KFC Tampin Square,4.0,(987),Operating
Pahang,Cameron Highlands,"https://www.google.com/maps/search/KFC+near+Cameron Highlands,+Pahang","KFC Brinchang, Cameron",3.8,(999),Operating
Pahang,Lipis,"https://www.google.com/maps/search/KFC+near+Lipis,+Pahang",KFC Kuala Lipis 2,3.5,"(1,074)",Operating
Pahang,Raub,https://www.google.com/maps/place/KFC+Raub/data=!4m7!3m6!1s0x31cbf043c3c7b48b:0xdbee58dad7493c8!8m2!3d3.7980755!4d101.8635537!16s%2Fg%2F1hc39hr17!19sChIJi7THw0PwyzERyJN0rY3lvg0?authuser=0&hl=en&rclk=1,KFC Raub,3.8,(676),Operating
Pahang,Raub,https://www.google.com/maps/place/KFC+Raub+2/data=!4m7!3m6!1s0x31cbf05a56c02cd7:0x6304cb9f8fd0be59!8m2!3d3.7904628!4d101.8570704!16s%2Fg%2F11bxf7801f!19sChIJ1yzAVlrwyzERWb7Qj5_LBGM?authuser=0&hl=en&rclk=1,KFC Raub 2,3.6,(911),Operating
Pahang,Jerantut,"https://www.google.com/maps/search/KFC+near+Jerantut,+Pahang",KFC Jerantut,3.9,(662),Operating
Pahang,Indera Mahkota,https://www.google.com/maps/place/KFC+Indera+Mahkota+Drive+Thru/data=!4m7!3m6!1s0x31c8ba5c6a0187af:0xa94b818596a68c9e!8m2!3d3.8251895!4d103.3051269!16s%2Fg%2F11bx9vnwn7!19sChIJr4cBaly6yDERnoymloWBS6k?authuser=0&hl=en&rclk=1,KFC Indera Mahkota Drive Thru,3.9,"(1,533)",Operating
Pahang,Indera Mahkota,https://www.google.com/maps/place/KFC+The+Radiance+Kuantan/data=!4m7!3m6!1s0x31c8bbb181ecb519:0xdb9984a956d1f612!8m2!3d3.8174316!4d103.2764032!16s%2Fg%2F11h1mfystj!19sChIJGbXsgbG7yDEREvbRVqmEmds?authuser=0&hl=en&rclk=1,KFC The Radiance Kuantan,3.9,(492),Operating
Pahang,Kuantan,https://www.google.com/maps/place/KFC+Kuantan+1/data=!4m7!3m6!1s0x31c8ba9d17ed2767:0x1c08f3b47413e7bb!8m2!3d3.8041951!4d103.3266955!16s%2Fg%2F1tf7309k!19sChIJZyftF526yDERu-cTdLTzCBw?authuser=0&hl=en&rclk=1,KFC Kuantan 1,3.7,(670),Operating
Pahang,Kuantan,https://www.google.com/maps/place/KFC+Giant+Kuantan/data=!4m7!3m6!1s0x31c8b087d041bef9:0x6077cbfb8b95ad89!8m2!3d3.7915865!4d103.3099791!16s%2Fg%2F1td78ncg!19sChIJ-b5B0IewyDERia2Vi_vLd2A?authuser=0&hl=en&rclk=1,KFC Giant Kuantan,3.0,(121),Operating
Pahang,Kuantan,https://www.google.com/maps/place/KFC+Kuantan+2/data=!4m7!3m6!1s0x31c8ba8567947dbf:0x6e085376b9699568!8m2!3d3.8108208!4d103.3227216!16s%2Fg%2F11c2y5l2px!19sChIJv32UZ4W6yDERaJVpuXZTCG4?authuser=0&hl=en&rclk=1,KFC Kuantan 2,3.9,(669),Operating
Pahang,Kuantan,https://www.google.com/maps/place/KFC+The+Radiance+Kuantan/data=!4m7!3m6!1s0x31c8bbb181ecb519:0xdb9984a956d1f612!8m2!3d3.8174316!4d103.2764032!16s%2Fg%2F11h1mfystj!19sChIJGbXsgbG7yDEREvbRVqmEmds?authuser=0&hl=en&rclk=1,KFC The Radiance Kuantan,3.9,(492),Operating
Pahang,Kuantan,https://www.google.com/maps/place/KFC+Balok/data=!4m7!3m6!1s0x31c8981757e30bed:0x9390104adb005c84!8m2!3d3.9326949!4d103.3673945!16s%2Fg%2F1hc255mk4!19sChIJ7QvjVxeYyDERhFwA20oQkJM?authuser=0&hl=en&rclk=1,KFC Balok,3.6,"(1,203)",Operating
Pahang,Kuantan,https://www.google.com/maps/place/KFC+Kuantan+City+Mall/data=!4m7!3m6!1s0x31c8ba93bf64adc7:0xaceb36e15b49ee98!8m2!3d3.8176626!4d103.3283359!16s%2Fg%2F11hb6zkkdl!19sChIJx61kv5O6yDERmO5JW-E266w?authuser=0&hl=en&rclk=1,KFC Kuantan City Mall,3.5,(166),Operating
Pahang,Kuantan,https://www.google.com/maps/place/KFC+Palm+Beach+Teluk+Cempedak/data=!4m7!3m6!1s0x31c8a54572b1e007:0xe91194d5fb1eeeef!8m2!3d3.8120765!4d103.3718694!16s%2Fg%2F12qgldbvj!19sChIJB-CxckWlyDER7-4e-9WUEek?authuser=0&hl=en&rclk=1,KFC Palm Beach Teluk Cempedak,3.7,(987),Operating
Pahang,Kuantan,https://www.google.com/maps/place/KFC+Indera+Mahkota+Drive+Thru/data=!4m7!3m6!1s0x31c8ba5c6a0187af:0xa94b818596a68c9e!8m2!3d3.8251895!4d103.3051269!16s%2Fg%2F11bx9vnwn7!19sChIJr4cBaly6yDERnoymloWBS6k?authuser=0&hl=en&rclk=1,KFC Indera Mahkota Drive Thru,3.9,"(1,533)",Operating
Pahang,Kuantan,https://www.google.com/maps/place/KFC+Taman+Tas+Kuantan/data=!4m7!3m6!1s0x31c8b71b29c067c9:0xc9ffeea8b388b8fd!8m2!3d3.7705409!4d103.2322132!16s%2Fg%2F11bychj8n7!19sChIJyWfAKRu3yDER_biIs6ju_8k?authuser=0&hl=en&rclk=1,KFC Taman Tas Kuantan,3.8,"(1,364)",Operating
Pahang,Kuantan,https://www.google.com/maps/place/KFC+Megamall+Kuantan/data=!4m7!3m6!1s0x31c8ba96aeb6d823:0xde46dadac9a9e122!8m2!3d3.8158845!4d103.3303071!16s%2Fg%2F1td1yrpv!19sChIJI9i2rpa6yDERIuGpydraRt4?authuser=0&hl=en&rclk=1,KFC Megamall Kuantan,3.3,(38),Operating
Pahang,Kuantan,https://www.google.com/maps/place/KFC+Bukit+Goh/data=!4m7!3m6!1s0x31c8b9689b69a037:0x497e6991b6ca22de!8m2!3d3.8588717!4d103.2543124!16s%2Fg%2F11g8crmmtg!19sChIJN6Bpm2i5yDER3iLKtpFpfkk?authuser=0&hl=en&rclk=1,KFC Bukit Goh,3.7,(549),Operating
Pahang,Kuantan,https://www.google.com/maps/place/KFC+Beserah/data=!4m7!3m6!1s0x31c8bac235335fcb:0x19272a5bddcb0d10!8m2!3d3.8270204!4d103.3384822!16s%2Fg%2F11b75gqfly!19sChIJy18zNcK6yDEREA3L3VsqJxk?authuser=0&hl=en&rclk=1,KFC Beserah,3.7,(671),Operating
Pahang,Kuantan,"https://www.google.com/maps/place/KFC+East+Coast+Mall,+Kuantan/data=!4m7!3m6!1s0x31c8ba92428411f1:0xa52022b7b43e662a!8m2!3d3.8180373!4d103.3269465!16s%2Fg%2F12qglgyt2!19sChIJ8RGEQpK6yDERKmY-tLciIKU?authuser=0&hl=en&rclk=1","KFC East Coast Mall, Kuantan",3.5,(289),Operating
Pahang,Kuantan,https://www.google.com/maps/place/KFC+Kuantan+Parade/data=!4m7!3m6!1s0x31c8ba8330bbc2af:0x7022ef3c2f760c86!8m2!3d3.8040699!4d103.3233226!16s%2Fg%2F1hc1wk2ly!19sChIJr8K7MIO6yDERhgx2LzzvInA?authuser=0&hl=en&rclk=1,KFC Kuantan Parade,3.7,(130),Operating
Pahang,Paya Besar,https://www.google.com/maps/place/KFC+Kuantan+1/data=!4m7!3m6!1s0x31c8ba9d17ed2767:0x1c08f3b47413e7bb!8m2!3d3.8041951!4d103.3266955!16s%2Fg%2F1tf7309k!19sChIJZyftF526yDERu-cTdLTzCBw?authuser=0&hl=en&rclk=1,KFC Kuantan 1,3.7,(670),Operating
Pahang,Paya Besar,https://www.google.com/maps/place/KFC+Kuantan+2/data=!4m7!3m6!1s0x31c8ba8567947dbf:0x6e085376b9699568!8m2!3d3.8108208!4d103.3227216!16s%2Fg%2F11c2y5l2px!19sChIJv32UZ4W6yDERaJVpuXZTCG4?authuser=0&hl=en&rclk=1,KFC Kuantan 2,3.9,(669),Operating
Pahang,Paya Besar,https://www.google.com/maps/place/KFC+Balok/data=!4m7!3m6!1s0x31c8981757e30bed:0x9390104adb005c84!8m2!3d3.9326949!4d103.3673945!16s%2Fg%2F1hc255mk4!19sChIJ7QvjVxeYyDERhFwA20oQkJM?authuser=0&hl=en&rclk=1,KFC Balok,3.6,"(1,203)",Operating
Pahang,Paya Besar,https://www.google.com/maps/place/KFC+Jerantut/data=!4m7!3m6!1s0x31c9419d08e0f255:0xf57fbd836bbfdb54!8m2!3d3.9372051!4d102.3604109!16s%2Fg%2F1hc7p7gs9!19sChIJVfLgCJ1ByTERVNu_a4O9f_U?authuser=0&hl=en&rclk=1,KFC Jerantut,3.9,(662),Operating
Pahang,Paya Besar,https://www.google.com/maps/place/KFC+Beserah/data=!4m7!3m6!1s0x31c8bac235335fcb:0x19272a5bddcb0d10!8m2!3d3.8270204!4d103.3384822!16s%2Fg%2F11b75gqfly!19sChIJy18zNcK6yDEREA3L3VsqJxk?authuser=0&hl=en&rclk=1,KFC Beserah,3.7,(671),Operating
Pahang,Paya Besar,https://www.google.com/maps/place/KFC+Taman+Tas+Kuantan/data=!4m7!3m6!1s0x31c8b71b29c067c9:0xc9ffeea8b388b8fd!8m2!3d3.7705409!4d103.2322132!16s%2Fg%2F11bychj8n7!19sChIJyWfAKRu3yDER_biIs6ju_8k?authuser=0&hl=en&rclk=1,KFC Taman Tas Kuantan,3.8,"(1,364)",Operating
Pahang,Pekan,https://www.google.com/maps/place/KFC+Pekan/data=!4m7!3m6!1s0x31cf50706808a5c9:0x700ee3cba73b89f0!8m2!3d3.4918149!4d103.3921894!16s%2Fg%2F1hc28p9x5!19sChIJyaUIaHBQzzER8Ik7p8vjDnA?authuser=0&hl=en&rclk=1,KFC Pekan,3.8,(703),Temporarily Closed
Pahang,Pekan,https://www.google.com/maps/place/KFC+Serambi+Pekan/data=!4m7!3m6!1s0x31cf519083524bef:0x7c465afb4a60ce7f!8m2!3d3.491382!4d103.4086703!16s%2Fg%2F11g1q1hxw8!19sChIJ70tSg5BRzzERf85gSvtaRnw?authuser=0&hl=en&rclk=1,KFC Serambi Pekan,4.0,(246),Operating
Pahang,Maran,"https://www.google.com/maps/search/KFC+near+Maran,+Pahang",KFC Maran,4.0,(546),Operating
Pahang,Kuala Krau,https://www.google.com/maps/place/KFC+Jerantut/data=!4m7!3m6!1s0x31c9419d08e0f255:0xf57fbd836bbfdb54!8m2!3d3.9372051!4d102.3604109!16s%2Fg%2F1hc7p7gs9!19sChIJVfLgCJ1ByTERVNu_a4O9f_U?authuser=0&hl=en&rclk=1,KFC Jerantut,3.9,(662),Operating
Pahang,Kuala Krau,https://www.google.com/maps/place/KFC+Temerloh/data=!4m7!3m6!1s0x31ceb892a99b71ef:0x30c18da5847800ab!8m2!3d3.4481141!4d102.4154657!16s%2Fg%2F1tzvt1dj!19sChIJ73GbqZK4zjERqwB4hKWNwTA?authuser=0&hl=en&rclk=1,KFC Temerloh,3.8,(633),Operating
Pahang,Kuala Krau,https://www.google.com/maps/place/KFC+Mentakab/data=!4m7!3m6!1s0x31ceb9f6f53507e1:0x8ef589d8187323a4!8m2!3d3.4849424!4d102.3493803!16s%2Fg%2F1hc5qkkcz!19sChIJ4Qc19fa5zjERpCNzGNiJ9Y4?authuser=0&hl=en&rclk=1,KFC Mentakab,4.0,(246),Operating
Pahang,Kuala Krau,https://www.google.com/maps/place/KFC+Raub+2/data=!4m7!3m6!1s0x31cbf05a56c02cd7:0x6304cb9f8fd0be59!8m2!3d3.7904628!4d101.8570704!16s%2Fg%2F11bxf7801f!19sChIJ1yzAVlrwyzERWb7Qj5_LBGM?authuser=0&hl=en&rclk=1,KFC Raub 2,3.6,(911),Operating
Pahang,Kuala Krau,https://www.google.com/maps/place/KFC+Karak/data=!4m7!3m6!1s0x31cc1e6569acf915:0xa6bc63acd4bc0540!8m2!3d3.4138283!4d102.034898!16s%2Fg%2F1tlwc488!19sChIJFfmsaWUezDERQAW81KxjvKY?authuser=0&hl=en&rclk=1,KFC Karak,3.7,(530),Operating
Pahang,Kuala Krau,https://www.google.com/maps/place/KFC+Mentakab+Star+Mall/data=!4m7!3m6!1s0x31ceba3af676df2d:0xd04ca011a6c0dac3!8m2!3d3.4707888!4d102.3323416!16s%2Fg%2F11byxgxjyx!19sChIJLd929jq6zjERw9rAphGgTNA?authuser=0&hl=en&rclk=1,KFC Mentakab Star Mall,3.7,(309),Operating
Pahang,Temerloh,https://www.google.com/maps/place/KFC+Temerloh/data=!4m7!3m6!1s0x31ceb892a99b71ef:0x30c18da5847800ab!8m2!3d3.4481141!4d102.4154657!16s%2Fg%2F1tzvt1dj!19sChIJ73GbqZK4zjERqwB4hKWNwTA?authuser=0&hl=en&rclk=1,KFC Temerloh,3.8,(633),Operating
Pahang,Temerloh,https://www.google.com/maps/place/KFC+Temerloh+Drive+Thru/data=!4m7!3m6!1s0x31ceb9ad21905841:0x22060e58c8a3537a!8m2!3d3.4662926!4d102.3910668!16s%2Fg%2F11c3_84_dy!19sChIJQViQIa25zjERelOjyFgOBiI?authuser=0&hl=en&rclk=1,KFC Temerloh Drive Thru,3.6,(941),Temporarily Closed
Pahang,Bentong,https://www.google.com/maps/place/KFC+Bentong/data=!4m7!3m6!1s0x31cc0541e7ed4e65:0x31b14febcf0abc8f!8m2!3d3.5218178!4d101.9088864!16s%2Fg%2F1hc1fk2nt!19sChIJZU7t50EFzDERj7wKz-tPsTE?authuser=0&hl=en&rclk=1,KFC Bentong,3.6,"(1,139)",Operating
Pahang,Bentong,https://www.google.com/maps/place/KFC/data=!4m7!3m6!1s0x31cc1a8835d01167:0xb00d00bcffe78d72!8m2!3d3.4661133!4d101.9034319!16s%2Fg%2F11f3jx_md1!19sChIJZxHQNYgazDERco3n_7wADbA?authuser=0&hl=en&rclk=1,KFC,3.7,"(1,261)",Operating
Pahang,Bentong,https://www.google.com/maps/place/KFC+Petronas+Bentong+Drive+Thru/data=!4m7!3m6!1s0x31cc0541aa54afdb:0xcd1d69ad97c4b63a!8m2!3d3.4431356!4d101.8931346!16s%2Fg%2F11c67sj3c6!19sChIJ269UqkEFzDEROrbEl61pHc0?authuser=0&hl=en&rclk=1,KFC Petronas Bentong Drive Thru,3.4,(675),Operating
Pahang,Bera,https://www.google.com/maps/place/KFC+Jerantut/data=!4m7!3m6!1s0x31c9419d08e0f255:0xf57fbd836bbfdb54!8m2!3d3.9372051!4d102.3604109!16s%2Fg%2F1hc7p7gs9!19sChIJVfLgCJ1ByTERVNu_a4O9f_U?authuser=0&hl=en&rclk=1,KFC Jerantut,3.9,(662),Operating
Pahang,Bera,https://www.google.com/maps/place/KFC+Triang+Drive+Thru/data=!4m7!3m6!1s0x31ce9355ae67e9d3:0x98a4663fdbbbf105!8m2!3d3.2587181!4d102.4344528!16s%2Fg%2F11b7hwhwzj!19sChIJ0-lnrlWTzjERBfG72z9mpJg?authuser=0&hl=en&rclk=1,KFC Triang Drive Thru,3.6,(669),Operating
Pahang,Bera,https://www.google.com/maps/place/KFC+Jengka/data=!4m7!3m6!1s0x31c93126aee5296b:0xef16c0b3ec4cb093!8m2!3d3.768642!4d102.5460801!16s%2Fg%2F1hc6mw1bj!19sChIJaynlriYxyTERk7BM7LPAFu8?authuser=0&hl=en&rclk=1,KFC Jengka,3.8,(550),Operating
Pahang,Bera,https://www.google.com/maps/place/KFC+Mentakab/data=!4m7!3m6!1s0x31ceb9f6f53507e1:0x8ef589d8187323a4!8m2!3d3.4849424!4d102.3493803!16s%2Fg%2F1hc5qkkcz!19sChIJ4Qc19fa5zjERpCNzGNiJ9Y4?authuser=0&hl=en&rclk=1,KFC Mentakab,4.0,(246),Operating
Pahang,Bera,https://www.google.com/maps/place/KFC+Temerloh/data=!4m7!3m6!1s0x31ceb892a99b71ef:0x30c18da5847800ab!8m2!3d3.4481141!4d102.4154657!16s%2Fg%2F1tzvt1dj!19sChIJ73GbqZK4zjERqwB4hKWNwTA?authuser=0&hl=en&rclk=1,KFC Temerloh,3.8,(633),Operating
Pahang,Bera,https://www.google.com/maps/place/KFC+Raub+2/data=!4m7!3m6!1s0x31cbf05a56c02cd7:0x6304cb9f8fd0be59!8m2!3d3.7904628!4d101.8570704!16s%2Fg%2F11bxf7801f!19sChIJ1yzAVlrwyzERWb7Qj5_LBGM?authuser=0&hl=en&rclk=1,KFC Raub 2,3.6,(911),Operating
Pahang,Bera,https://www.google.com/maps/place/KFC+Kemayan/data=!4m7!3m6!1s0x31ce8c30d11b5609:0xc8926b07a151da41!8m2!3d3.1355439!4d102.3625305!16s%2Fg%2F11bzr97j0f!19sChIJCVYb0TCMzjERQdpRoQdrksg?authuser=0&hl=en&rclk=1,KFC Kemayan,3.7,(402),Temporarily Closed
Pahang,Bera,https://www.google.com/maps/place/KFC+Temerloh+Drive+Thru/data=!4m7!3m6!1s0x31ceb9ad21905841:0x22060e58c8a3537a!8m2!3d3.4662926!4d102.3910668!16s%2Fg%2F11c3_84_dy!19sChIJQViQIa25zjERelOjyFgOBiI?authuser=0&hl=en&rclk=1,KFC Temerloh Drive Thru,3.6,(941),Temporarily Closed
Pahang,Bera,https://www.google.com/maps/place/KFC+Mentakab+Star+Mall/data=!4m7!3m6!1s0x31ceba3af676df2d:0xd04ca011a6c0dac3!8m2!3d3.4707888!4d102.3323416!16s%2Fg%2F11byxgxjyx!19sChIJLd929jq6zjERw9rAphGgTNA?authuser=0&hl=en&rclk=1,KFC Mentakab Star Mall,3.7,(309),Operating
Pahang,Bera,https://www.google.com/maps/place/KFC+Maran/data=!4m7!3m6!1s0x31ced5e9c9333e5b:0x219a0f8470603cab!8m2!3d3.5845428!4d102.7834434!16s%2Fg%2F11c0w10gmv!19sChIJWz4zyenVzjERqzxgcIQPmiE?authuser=0&hl=en&rclk=1,KFC Maran,4.0,(546),Operating
Pahang,Rompin,"https://www.google.com/maps/search/KFC+near+Rompin,+Pahang",KFC Rompin,3.8,(505),Operating
Perak,Gerik,"https://www.google.com/maps/search/KFC+near+Gerik,+Perak",KFC Gerik,4.2,"(1,122)",Operating
Perak,Lenggong,https://www.google.com/maps/place/KFC+Taiping/data=!4m7!3m6!1s0x31caaef65180f9c9:0x1780a465121ea350!8m2!3d4.8512791!4d100.7405522!16s%2Fg%2F1tfk6hxs!19sChIJyfmAUfauyjERUKMeEmWkgBc?authuser=0&hl=en&rclk=1,KFC Taiping,3.9,"(1,134)",Operating
Perak,Lenggong,https://www.google.com/maps/place/KFC+Gerik/data=!4m7!3m6!1s0x31b51044bd3b37f3:0xb2f2d7ac4fdf509b!8m2!3d5.4312456!4d101.1289687!16s%2Fg%2F1hc12vpmj!19sChIJ8zc7vUQQtTERm1DfT6zX8rI?authuser=0&hl=en&rclk=1,KFC Gerik,4.2,"(1,122)",Operating
Perak,Lenggong,https://www.google.com/maps/place/Tok+Ali+Fried+Chicken+Lenggong/data=!4m7!3m6!1s0x31b55d5d578463e1:0x124a1b34b5bab75a!8m2!3d5.1113089!4d100.9700712!16s%2Fg%2F11gfjrdd05!19sChIJ4WOEV11dtTERWre6tTQbShI?authuser=0&hl=en&rclk=1,Tok Ali Fried Chicken Lenggong,4.4,(15),Operating
Perak,Lenggong,https://www.google.com/maps/place/KFC+Batu+Kurau/data=!4m7!3m6!1s0x31b5570c09f19a59:0x4a8748876c424e80!8m2!3d4.9765988!4d100.7893031!16s%2Fg%2F11tg6d6gbh!19sChIJWZrxCQxXtTERgE5CbIdIh0o?authuser=0&hl=en&rclk=1,KFC Batu Kurau,4.7,(13),Temporarily Closed
Perak,Lenggong,"https://www.google.com/maps/place/KFC+Taman+Lavender,+Kuala+Kangsar/data=!4m7!3m6!1s0x31cabcf2eef8197f:0x9efb63f7ff57a573!8m2!3d4.7734441!4d100.9147415!16s%2Fg%2F11cks1s5vr!19sChIJfxn47vK8yjERc6VX__dj-54?authuser=0&hl=en&rclk=1","KFC Taman Lavender, Kuala Kangsar",3.8,(744),Operating
Perak,Lenggong,https://www.google.com/maps/place/KFC+Bagan+Serai/data=!4m7!3m6!1s0x304aaa2b944b996f:0x8a66a14cbea76487!8m2!3d5.0127719!4d100.5344637!16s%2Fg%2F1tdf3njk!19sChIJb5lLlCuqSjARh2SnvkyhZoo?authuser=0&hl=en&rclk=1,KFC Bagan Serai,4.0,(823),Operating
Perak,Lenggong,https://www.google.com/maps/place/KFC+Ipoh+Garden/data=!4m7!3m6!1s0x31caece4540af3ab:0x6ba59bc273684325!8m2!3d4.6119667!4d101.1082084!16s%2Fg%2F1hc3gtqjx!19sChIJq_MKVOTsyjERJUNoc8KbpWs?authuser=0&hl=en&rclk=1,KFC Ipoh Garden,3.9,(858),Operating
Perak,Lenggong,https://www.google.com/maps/place/KFC+Tasek+Ipoh+Drive+Thru/data=!4m7!3m6!1s0x31ca93248bd6f80b:0x6a7f0f3f6e2ab215!8m2!3d4.6537333!4d101.1075793!16s%2Fg%2F11btms5zwl!19sChIJC_jWiySTyjERFbIqbj8Pf2o?authuser=0&hl=en&rclk=1,KFC Tasek Ipoh Drive Thru,3.7,"(1,238)",Operating
Perak,Lenggong,https://www.google.com/maps/place/KFC+Gopeng/data=!4m7!3m6!1s0x31cafaaa376e6f15:0x10c2a8afd4a7e8ca!8m2!3d4.4744588!4d101.1662996!16s%2Fg%2F11cnd4ps2d!19sChIJFW9uN6r6yjERyuin1K-owhA?authuser=0&hl=en&rclk=1,KFC Gopeng,3.7,(385),Operating
Perak,Lenggong,https://www.google.com/maps/place/LENGGONG+STATION+WESTERN+%26+SIZZLING/data=!4m7!3m6!1s0x31b55dbf48508bd3:0x563e52300e34bed1!8m2!3d5.1159141!4d100.9741527!16s%2Fg%2F11kxqcjc5d!19sChIJ04tQSL9dtTER0b40DjBSPlY?authuser=0&hl=en&rclk=1,LENGGONG STATION WESTERN & SIZZLING,4.4,(5),Operating
Perak,Lenggong,https://www.google.com/maps/place/KFC+Batu+Gajah/data=!4m7!3m6!1s0x31cae62431c67b4b:0xad3c88f6678b3134!8m2!3d4.4729956!4d101.0402696!16s%2Fg%2F1hc2qf201!19sChIJS3vGMSTmyjERNDGLZ_aIPK0?authuser=0&hl=en&rclk=1,KFC Batu Gajah,3.8,"(1,156)",Operating
Perak,Larut,https://www.google.com/maps/place/KFC+Lotus%27s+Taiping/data=!4m7!3m6!1s0x31caae94f3aaca37:0x5582f00b809bd3ba!8m2!3d4.8662059!4d100.7304553!16s%2Fg%2F1hc0_5hhj!19sChIJN8qq85SuyjERutObgAvwglU?authuser=0&hl=en&rclk=1,KFC Lotus's Taiping,3.3,(50),Temporarily Closed
Perak,Larut,https://www.google.com/maps/place/KFC+Taiping/data=!4m7!3m6!1s0x31caaef65180f9c9:0x1780a465121ea350!8m2!3d4.8512791!4d100.7405522!16s%2Fg%2F1tfk6hxs!19sChIJyfmAUfauyjERUKMeEmWkgBc?authuser=0&hl=en&rclk=1,KFC Taiping,3.9,"(1,134)",Operating
Perak,Larut,https://www.google.com/maps/place/KFC+Taiping+Lake+Garden+DT/data=!4m7!3m6!1s0x31caafb49b850f4b:0x9c6b5a59d5e88808!8m2!3d4.8526137!4d100.7459677!16s%2Fg%2F11fp4qnd4t!19sChIJSw-Fm7SvyjERCIjo1Vlaa5w?authuser=0&hl=en&rclk=1,KFC Taiping Lake Garden DT,3.8,(372),Operating
Perak,Larut,https://www.google.com/maps/place/KFC+Simpang+Taiping+Drive+Thru/data=!4m7!3m6!1s0x31caade2dfed5ca5:0x8363e6970a4bbdf7!8m2!3d4.8202028!4d100.7064262!16s%2Fg%2F11b6gcbymk!19sChIJpVzt3-KtyjER971LCpfmY4M?authuser=0&hl=en&rclk=1,KFC Simpang Taiping Drive Thru,3.8,"(1,737)",Operating
Perak,Parit Buntar,"https://www.google.com/maps/place/KFC+Komplek+Parit+Buntar+%28+Parit+Buntar,+Perak+%29/data=!4m7!3m6!1s0x304aafa68c9110a1:0x26be53e2bb955f2e!8m2!3d5.1275084!4d100.4894099!16s%2Fg%2F11spvt0v92!19sChIJoRCRjKavSjARLl-Vu-JTviY?authuser=0&hl=en&rclk=1","KFC Komplek Parit Buntar ( Parit Buntar, Perak )",3.1,(122),Operating
Perak,Parit Buntar,https://www.google.com/maps/place/KFC+Parit+Buntar+2/data=!4m7!3m6!1s0x304aae4a8494869d:0x9f3356361011f812!8m2!3d5.1170152!4d100.4864436!16s%2Fg%2F11g65bxdz_!19sChIJnYaUhEquSjAREvgREDZWM58?authuser=0&hl=en&rclk=1,KFC Parit Buntar 2,3.8,"(1,067)",Operating
Perak,Parit Buntar,https://www.google.com/maps/place/KFC+Taman+Wawasan/data=!4m7!3m6!1s0x304aafb3a7cec7cd:0x6ece8618bb49ad82!8m2!3d5.1123269!4d100.481646!16s%2Fg%2F11b64s7jyb!19sChIJzcfOp7OvSjARgq1JuxiGzm4?authuser=0&hl=en&rclk=1,KFC Taman Wawasan,3.9,(848),Operating
Perak,Bagan Serai,"https://www.google.com/maps/search/KFC+near+Bagan Serai,+Perak",KFC Bagan Serai,4.0,(823),Operating
Perak,Bukit Gantang,https://www.google.com/maps/place/KFC+Lotus%27s+Taiping/data=!4m7!3m6!1s0x31caae94f3aaca37:0x5582f00b809bd3ba!8m2!3d4.8662059!4d100.7304553!16s%2Fg%2F1hc0_5hhj!19sChIJN8qq85SuyjERutObgAvwglU?authuser=0&hl=en&rclk=1,KFC Lotus's Taiping,3.3,(50),Temporarily Closed
Perak,Bukit Gantang,https://www.google.com/maps/place/KFC+Taiping/data=!4m7!3m6!1s0x31caaef65180f9c9:0x1780a465121ea350!8m2!3d4.8512791!4d100.7405522!16s%2Fg%2F1tfk6hxs!19sChIJyfmAUfauyjERUKMeEmWkgBc?authuser=0&hl=en&rclk=1,KFC Taiping,3.9,"(1,134)",Operating
Perak,Bukit Gantang,https://www.google.com/maps/place/KFC+Taiping+Lake+Garden+DT/data=!4m7!3m6!1s0x31caafb49b850f4b:0x9c6b5a59d5e88808!8m2!3d4.8526137!4d100.7459677!16s%2Fg%2F11fp4qnd4t!19sChIJSw-Fm7SvyjERCIjo1Vlaa5w?authuser=0&hl=en&rclk=1,KFC Taiping Lake Garden DT,3.8,(372),Operating
Perak,Bukit Gantang,https://www.google.com/maps/place/KFC+Simpang+Taiping+Drive+Thru/data=!4m7!3m6!1s0x31caade2dfed5ca5:0x8363e6970a4bbdf7!8m2!3d4.8202028!4d100.7064262!16s%2Fg%2F11b6gcbymk!19sChIJpVzt3-KtyjER971LCpfmY4M?authuser=0&hl=en&rclk=1,KFC Simpang Taiping Drive Thru,3.8,"(1,737)",Operating
Perak,Bukit Gantang,https://www.google.com/maps/place/KFC+The+Store+Kamunting/data=!4m7!3m6!1s0x31caa94c436ccf65:0x63ee7bcc9595419c!8m2!3d4.8767969!4d100.727985!16s%2Fg%2F1hc1cd3k_!19sChIJZc9sQ0ypyjERnEGVlcx77mM?authuser=0&hl=en&rclk=1,KFC The Store Kamunting,3.9,(476),Temporarily Closed
Perak,Bukit Gantang,https://www.google.com/maps/place/KFC+TF+Value-Mart+Taiping/data=!4m7!3m6!1s0x31caac271be95dd7:0x2edfb8c342ef6a34!8m2!3d4.8628595!4d100.7069012!16s%2Fg%2F1hc4pf_13!19sChIJ113pGyesyjERNGrvQsO43y4?authuser=0&hl=en&rclk=1,KFC TF Value-Mart Taiping,3.1,(116),Operating
Perak,Bukit Gantang,https://www.google.com/maps/place/KFC+Kamunting/data=!4m7!3m6!1s0x31caa9856ad626b1:0xa066ff30c084956d!8m2!3d4.8934628!4d100.725002!16s%2Fg%2F11j2c2b1ws!19sChIJsSbWaoWpyjERbZWEwDD_ZqA?authuser=0&hl=en&rclk=1,KFC Kamunting,4.1,(361),Operating
Perak,Bukit Gantang,https://www.google.com/maps/place/KFC+RSA+Gunung+Semanggol/data=!4m7!3m6!1s0x31b5559e2810dbe9:0xc6c44267ba261a8!8m2!3d4.9907237!4d100.6645235!16s%2Fg%2F11b69_vh4x!19sChIJ6dsQKJ5VtTERqGGieyZEbAw?authuser=0&hl=en&rclk=1,KFC RSA Gunung Semanggol,3.8,(644),Operating
Perak,Bukit Gantang,https://www.google.com/maps/place/KFC+Ipoh+Garden/data=!4m7!3m6!1s0x31caece4540af3ab:0x6ba59bc273684325!8m2!3d4.6119667!4d101.1082084!16s%2Fg%2F1hc3gtqjx!19sChIJq_MKVOTsyjERJUNoc8KbpWs?authuser=0&hl=en&rclk=1,KFC Ipoh Garden,3.9,(858),Operating
Perak,Bukit Gantang,https://www.google.com/maps/place/KFC+Gunung+Rapat+Drive+Thru/data=!4m7!3m6!1s0x31caec33a4b2ca23:0x7473caca0b3aa870!8m2!3d4.5692967!4d101.1141572!16s%2Fg%2F11g5_3xyfd!19sChIJI8qypDPsyjERcKg6C8rKc3Q?authuser=0&hl=en&rclk=1,KFC Gunung Rapat Drive Thru,3.8,"(2,277)",Operating
Perak,Bukit Gantang,"https://www.google.com/maps/place/Bukit+Gantang+Lay-By+%28+Southbound,+Bukit+Gantang,+Perak+%29/data=!4m7!3m6!1s0x31cab054a659394b:0x59203bde0e268f9f!8m2!3d4.773678!4d100.7539218!16s%2Fg%2F11c55chj04!19sChIJSzlZplSwyjERn48mDt47IFk?authuser=0&hl=en&rclk=1","Bukit Gantang Lay-By ( Southbound, Bukit Gantang, Perak )",4.1,"(5,213)",Operating
Perak,Bukit Gantang,https://www.google.com/maps/place/KFC+Bercham/data=!4m7!3m6!1s0x31caed2fe5838acd:0x2461f91a72d68205!8m2!3d4.6300458!4d101.1270713!16s%2Fg%2F1hc18hbwt!19sChIJzYqD5S_tyjERBYLWchr5YSQ?authuser=0&hl=en&rclk=1,KFC Bercham,3.8,(765),Operating
Perak,Bukit Gantang,https://www.google.com/maps/place/KFC+Bagan+Serai/data=!4m7!3m6!1s0x304aaa2b944b996f:0x8a66a14cbea76487!8m2!3d5.0127719!4d100.5344637!16s%2Fg%2F1tdf3njk!19sChIJb5lLlCuqSjARh2SnvkyhZoo?authuser=0&hl=en&rclk=1,KFC Bagan Serai,4.0,(823),Operating
Perak,Bukit Gantang,https://www.google.com/maps/place/KFC+Cockman/data=!4m7!3m6!1s0x31caec62bdd9a983:0x4a2aceaac0c955d4!8m2!3d4.5984397!4d101.0838243!16s%2Fg%2F1tf_qcn0!19sChIJg6nZvWLsyjER1FXJwKrOKko?authuser=0&hl=en&rclk=1,KFC Cockman,3.7,"(1,182)",Operating
Perak,Taiping,https://www.google.com/maps/place/KFC+Taiping/data=!4m7!3m6!1s0x31caaef65180f9c9:0x1780a465121ea350!8m2!3d4.8512791!4d100.7405522!16s%2Fg%2F1tfk6hxs!19sChIJyfmAUfauyjERUKMeEmWkgBc?authuser=0&hl=en&rclk=1,KFC Taiping,3.9,"(1,134)",Operating
Perak,Taiping,https://www.google.com/maps/place/KFC+Taiping+Lake+Garden+DT/data=!4m7!3m6!1s0x31caafb49b850f4b:0x9c6b5a59d5e88808!8m2!3d4.8526137!4d100.7459677!16s%2Fg%2F11fp4qnd4t!19sChIJSw-Fm7SvyjERCIjo1Vlaa5w?authuser=0&hl=en&rclk=1,KFC Taiping Lake Garden DT,3.8,(372),Operating
Perak,Taiping,https://www.google.com/maps/place/KFC+Lotus%27s+Taiping/data=!4m7!3m6!1s0x31caae94f3aaca37:0x5582f00b809bd3ba!8m2!3d4.8662059!4d100.7304553!16s%2Fg%2F1hc0_5hhj!19sChIJN8qq85SuyjERutObgAvwglU?authuser=0&hl=en&rclk=1,KFC Lotus's Taiping,3.3,(50),Temporarily Closed
Perak,Taiping,https://www.google.com/maps/place/KFC+The+Store+Kamunting/data=!4m7!3m6!1s0x31caa94c436ccf65:0x63ee7bcc9595419c!8m2!3d4.8767969!4d100.727985!16s%2Fg%2F1hc1cd3k_!19sChIJZc9sQ0ypyjERnEGVlcx77mM?authuser=0&hl=en&rclk=1,KFC The Store Kamunting,3.9,(476),Temporarily Closed
Perak,Taiping,https://www.google.com/maps/place/KFC+Simpang+Taiping+Drive+Thru/data=!4m7!3m6!1s0x31caade2dfed5ca5:0x8363e6970a4bbdf7!8m2!3d4.8202028!4d100.7064262!16s%2Fg%2F11b6gcbymk!19sChIJpVzt3-KtyjER971LCpfmY4M?authuser=0&hl=en&rclk=1,KFC Simpang Taiping Drive Thru,3.8,"(1,737)",Operating
Perak,Taiping,https://www.google.com/maps/place/Domino%27s+Taiping/data=!4m7!3m6!1s0x31caaeecbfc03dff:0xb1e82e0e51e21f06!8m2!3d4.8486435!4d100.7439687!16s%2Fg%2F12qfrpswq!19sChIJ_z3Av-yuyjERBh_iUQ4u6LE?authuser=0&hl=en&rclk=1,Domino's Taiping,4.1,(372),Operating
Perak,Taiping,https://www.google.com/maps/place/KFC+TF+Value-Mart+Taiping/data=!4m7!3m6!1s0x31caac271be95dd7:0x2edfb8c342ef6a34!8m2!3d4.8628595!4d100.7069012!16s%2Fg%2F1hc4pf_13!19sChIJ113pGyesyjERNGrvQsO43y4?authuser=0&hl=en&rclk=1,KFC TF Value-Mart Taiping,3.1,(116),Operating
Perak,Padang Rengas,https://www.google.com/maps/place/KFC+Taiping/data=!4m7!3m6!1s0x31caaef65180f9c9:0x1780a465121ea350!8m2!3d4.8512791!4d100.7405522!16s%2Fg%2F1tfk6hxs!19sChIJyfmAUfauyjERUKMeEmWkgBc?authuser=0&hl=en&rclk=1,KFC Taiping,3.9,"(1,134)",Operating
Perak,Padang Rengas,https://www.google.com/maps/place/KFC+Kuala+Kangsar/data=!4m7!3m6!1s0x31cabd03f96cc777:0xb200cf041f6a3fa9!8m2!3d4.7694376!4d100.9402431!16s%2Fg%2F1hc2d6vng!19sChIJd8ds-QO9yjERqT9qHwTPALI?authuser=0&hl=en&rclk=1,KFC Kuala Kangsar,4.0,(911),Operating
Perak,Padang Rengas,"https://www.google.com/maps/place/KFC+Taman+Lavender,+Kuala+Kangsar/data=!4m7!3m6!1s0x31cabcf2eef8197f:0x9efb63f7ff57a573!8m2!3d4.7734441!4d100.9147415!16s%2Fg%2F11cks1s5vr!19sChIJfxn47vK8yjERc6VX__dj-54?authuser=0&hl=en&rclk=1","KFC Taman Lavender, Kuala Kangsar",3.8,(744),Operating
Perak,Padang Rengas,https://www.google.com/maps/place/KFC+Kamunting/data=!4m7!3m6!1s0x31caa9856ad626b1:0xa066ff30c084956d!8m2!3d4.8934628!4d100.725002!16s%2Fg%2F11j2c2b1ws!19sChIJsSbWaoWpyjERbZWEwDD_ZqA?authuser=0&hl=en&rclk=1,KFC Kamunting,4.1,(361),Operating
Perak,Padang Rengas,https://www.google.com/maps/place/KFC+Bagan+Serai/data=!4m7!3m6!1s0x304aaa2b944b996f:0x8a66a14cbea76487!8m2!3d5.0127719!4d100.5344637!16s%2Fg%2F1tdf3njk!19sChIJb5lLlCuqSjARh2SnvkyhZoo?authuser=0&hl=en&rclk=1,KFC Bagan Serai,4.0,(823),Operating
Perak,Padang Rengas,https://www.google.com/maps/place/KFC+Tasek+Ipoh+Drive+Thru/data=!4m7!3m6!1s0x31ca93248bd6f80b:0x6a7f0f3f6e2ab215!8m2!3d4.6537333!4d101.1075793!16s%2Fg%2F11btms5zwl!19sChIJC_jWiySTyjERFbIqbj8Pf2o?authuser=0&hl=en&rclk=1,KFC Tasek Ipoh Drive Thru,3.7,"(1,238)",Operating
Perak,Padang Rengas,"https://www.google.com/maps/place/KFC+Pantai+Remis+%28+Pantai+Remis,+Perak+%29/data=!4m7!3m6!1s0x31cad2d66f39d82d:0xbcdc95c5fe1add01!8m2!3d4.4458337!4d100.6264789!16s%2Fg%2F11bxfjlyg1!19sChIJLdg5b9bSyjERAd0a_sWV3Lw?authuser=0&hl=en&rclk=1","KFC Pantai Remis ( Pantai Remis, Perak )",3.5,(499),Operating
Perak,Padang Rengas,https://www.google.com/maps/place/KFC+Sungai+Siput/data=!4m7!3m6!1s0x31ca9a1e652b5323:0xd73a3a1bb509d088!8m2!3d4.8187988!4d101.0735054!16s%2Fg%2F1hc3d2fjx!19sChIJI1MrZR6ayjERiNAJtRs6Otc?authuser=0&hl=en&rclk=1,KFC Sungai Siput,3.8,(886),Operating
Perak,Padang Rengas,https://www.google.com/maps/place/KFC+Batu+Kurau/data=!4m7!3m6!1s0x31b5570c09f19a59:0x4a8748876c424e80!8m2!3d4.9765988!4d100.7893031!16s%2Fg%2F11tg6d6gbh!19sChIJWZrxCQxXtTERgE5CbIdIh0o?authuser=0&hl=en&rclk=1,KFC Batu Kurau,4.7,(13),Temporarily Closed
Perak,Padang Rengas,https://www.google.com/maps/place/KFC+Ipoh+Garden/data=!4m7!3m6!1s0x31caece4540af3ab:0x6ba59bc273684325!8m2!3d4.6119667!4d101.1082084!16s%2Fg%2F1hc3gtqjx!19sChIJq_MKVOTsyjERJUNoc8KbpWs?authuser=0&hl=en&rclk=1,KFC Ipoh Garden,3.9,(858),Operating
Perak,Padang Rengas,https://www.google.com/maps/place/KFC+Gopeng/data=!4m7!3m6!1s0x31cafaaa376e6f15:0x10c2a8afd4a7e8ca!8m2!3d4.4744588!4d101.1662996!16s%2Fg%2F11cnd4ps2d!19sChIJFW9uN6r6yjERyuin1K-owhA?authuser=0&hl=en&rclk=1,KFC Gopeng,3.7,(385),Operating
Perak,Padang Rengas,https://www.google.com/maps/place/KFC+Gunung+Rapat+Drive+Thru/data=!4m7!3m6!1s0x31caec33a4b2ca23:0x7473caca0b3aa870!8m2!3d4.5692967!4d101.1141572!16s%2Fg%2F11g5_3xyfd!19sChIJI8qypDPsyjERcKg6C8rKc3Q?authuser=0&hl=en&rclk=1,KFC Gunung Rapat Drive Thru,3.8,"(2,277)",Operating
Perak,Padang Rengas,https://www.google.com/maps/place/KFC+Langkap/data=!4m7!3m6!1s0x31cb11ed5ed69a05:0xa44754a11102f897!8m2!3d4.070624!4d101.1466374!16s%2Fg%2F1hc2hcw00!19sChIJBZrWXu0RyzERl_gCEaFUR6Q?authuser=0&hl=en&rclk=1,KFC Langkap,3.8,(568),Operating
Perak,Padang Rengas,https://www.google.com/maps/place/Warung+Pak+Menawer+%28Mee+Bandung+Udang+Galah%29/data=!4m7!3m6!1s0x31cabb90659fe9a5:0xac9e4d77604719c2!8m2!3d4.7833714!4d100.8430311!16s%2Fg%2F11jdnc3cwz!19sChIJpemfZZC7yjERwhlHYHdNnqw?authuser=0&hl=en&rclk=1,Warung Pak Menawer (Mee Bandung Udang Galah),4.6,(34),Operating
Perak,Padang Rengas,https://www.google.com/maps/place/KFC+Hutan+Melintang+Perak/data=!4m7!3m6!1s0x31cb424ae7d41415:0xdab685814d566e5e!8m2!3d3.8935343!4d100.9369635!16s%2Fg%2F11b6gk8csh!19sChIJFRTU50pCyzERXm5WTYGFtto?authuser=0&hl=en&rclk=1,KFC Hutan Melintang Perak,3.9,(753),Operating
Perak,Padang Rengas,https://www.google.com/maps/place/Sham+StarBurger/data=!4m7!3m6!1s0x31cabbe81955ba97:0xf093a8dcea55f995!8m2!3d4.776018!4d100.8602834!16s%2Fg%2F11v68dpk3_!19sChIJl7pVGei7yjERlflV6tyok_A?authuser=0&hl=en&rclk=1,Sham StarBurger,5.0,(3),Operating
Perak,Padang Rengas,https://www.google.com/maps/place/KFC+Bercham/data=!4m7!3m6!1s0x31caed2fe5838acd:0x2461f91a72d68205!8m2!3d4.6300458!4d101.1270713!16s%2Fg%2F1hc18hbwt!19sChIJzYqD5S_tyjERBYLWchr5YSQ?authuser=0&hl=en&rclk=1,KFC Bercham,3.8,(765),Operating
Perak,Padang Rengas,https://www.google.com/maps/place/KFC+Gerik/data=!4m7!3m6!1s0x31b51044bd3b37f3:0xb2f2d7ac4fdf509b!8m2!3d5.4312456!4d101.1289687!16s%2Fg%2F1hc12vpmj!19sChIJ8zc7vUQQtTERm1DfT6zX8rI?authuser=0&hl=en&rclk=1,KFC Gerik,4.2,"(1,122)",Operating
Perak,Padang Rengas,https://www.google.com/maps/place/KFC+Ayer+Tawar/data=!4m7!3m6!1s0x31cb29e3a83bd755:0x1b9b5b1e48bb7588!8m2!3d4.3020105!4d100.7589296!16s%2Fg%2F11fqy3dksf!19sChIJVdc7qOMpyzERiHW7SB5bmxs?authuser=0&hl=en&rclk=1,KFC Ayer Tawar,3.7,(288),Operating
Perak,Padang Rengas,https://www.google.com/maps/place/KFC+Batu+Gajah/data=!4m7!3m6!1s0x31cae62431c67b4b:0xad3c88f6678b3134!8m2!3d4.4729956!4d101.0402696!16s%2Fg%2F1hc2qf201!19sChIJS3vGMSTmyjERNDGLZ_aIPK0?authuser=0&hl=en&rclk=1,KFC Batu Gajah,3.8,"(1,156)",Operating
Perak,Sungai Siput,"https://www.google.com/maps/search/KFC+near+Sungai Siput,+Perak",KFC Sungai Siput,3.8,(886),Operating
Perak,Tambun,"https://www.google.com/maps/search/KFC+near+Tambun,+Perak",KFC Sunway Tambun,3.7,"(1,024)",Operating
Perak,Ipoh Timor,https://www.google.com/maps/place/KFC+Ipoh+Garden/data=!4m7!3m6!1s0x31caece4540af3ab:0x6ba59bc273684325!8m2!3d4.6119667!4d101.1082084!16s%2Fg%2F1hc3gtqjx!19sChIJq_MKVOTsyjERJUNoc8KbpWs?authuser=0&hl=en&rclk=1,KFC Ipoh Garden,3.9,(858),Operating
Perak,Ipoh Timor,"https://www.google.com/maps/place/KFC+Meru+Raya+Drive+Thru,+Ipoh/data=!4m7!3m6!1s0x31ca937c8e1631db:0xe9f872a8d003106f!8m2!3d4.6723981!4d101.0757969!16s%2Fg%2F11bw82n6mk!19sChIJ2zEWjnyTyjERbxAD0Khy-Ok?authuser=0&hl=en&rclk=1","KFC Meru Raya Drive Thru, Ipoh",3.7,"(1,438)",Operating
Perak,Ipoh Timor,https://www.google.com/maps/place/KFC+Lotus%27s+Ipoh/data=!4m7!3m6!1s0x31caed1e5a98fed7:0xf247219030d697a7!8m2!3d4.6167149!4d101.1187446!16s%2Fg%2F1hcb31q82!19sChIJ1_6YWh7tyjERp5fWMJAhR_I?authuser=0&hl=en&rclk=1,KFC Lotus's Ipoh,3.7,(82),Operating
Perak,Ipoh Timor,https://www.google.com/maps/place/KFC+Tasek+Ipoh+Drive+Thru/data=!4m7!3m6!1s0x31ca93248bd6f80b:0x6a7f0f3f6e2ab215!8m2!3d4.6537333!4d101.1075793!16s%2Fg%2F11btms5zwl!19sChIJC_jWiySTyjERFbIqbj8Pf2o?authuser=0&hl=en&rclk=1,KFC Tasek Ipoh Drive Thru,3.7,"(1,238)",Operating
Perak,Ipoh Timor,"https://www.google.com/maps/place/KFC+AEON+Pasir+Putih,+Perak/data=!4m7!3m6!1s0x31cae94ccb0f2bb1:0xdf85e265c35320cd!8m2!3d4.5461606!4d101.0704814!16s%2Fg%2F11bw7d00__!19sChIJsSsPy0zpyjERzSBTw2Xihd8?authuser=0&hl=en&rclk=1","KFC AEON Pasir Putih, Perak",1.9,(121),Operating
Perak,Ipoh Timor,https://www.google.com/maps/place/KFC+Cockman/data=!4m7!3m6!1s0x31caec62bdd9a983:0x4a2aceaac0c955d4!8m2!3d4.5984397!4d101.0838243!16s%2Fg%2F1tf_qcn0!19sChIJg6nZvWLsyjER1FXJwKrOKko?authuser=0&hl=en&rclk=1,KFC Cockman,3.7,"(1,182)",Operating
Perak,Ipoh Timor,https://www.google.com/maps/place/KFC+Gunung+Rapat+Drive+Thru/data=!4m7!3m6!1s0x31caec33a4b2ca23:0x7473caca0b3aa870!8m2!3d4.5692967!4d101.1141572!16s%2Fg%2F11g5_3xyfd!19sChIJI8qypDPsyjERcKg6C8rKc3Q?authuser=0&hl=en&rclk=1,KFC Gunung Rapat Drive Thru,3.8,"(2,277)",Operating
Perak,Ipoh Timor,https://www.google.com/maps/place/KFC+Silibin+DT/data=!4m7!3m6!1s0x31caebabe5328073:0x119092203e075a37!8m2!3d4.6060379!4d101.0657169!16s%2Fg%2F11k3wr1592!19sChIJc4Ay5avryjERN1oHPiCSkBE?authuser=0&hl=en&rclk=1,KFC Silibin DT,3.1,(212),Operating
Perak,Ipoh Timor,https://www.google.com/maps/place/Kopitiam+Macho/data=!4m7!3m6!1s0x31caebbe24ebeaa7:0x10fab5872456c9ee!8m2!3d4.5844481!4d101.0459664!16s%2Fg%2F1hc3qyqwt!19sChIJp-rrJL7ryjER7slWJIe1-hA?authuser=0&hl=en&rclk=1,Kopitiam Macho,3.6,(566),Operating
Perak,Ipoh Timor,https://www.google.com/maps/place/KFC+Lotus%27s+Pasir+Putih+Perak/data=!4m7!3m6!1s0x31cae94c61d2def3:0xa15068b27056837b!8m2!3d4.5436628!4d101.0686113!16s%2Fg%2F12qh8frnz!19sChIJ897SYUzpyjERe4NWcLJoUKE?authuser=0&hl=en&rclk=1,KFC Lotus's Pasir Putih Perak,3.6,(151),Operating
Perak,Ipoh Timor,https://www.google.com/maps/place/KFC+Bercham/data=!4m7!3m6!1s0x31caed2fe5838acd:0x2461f91a72d68205!8m2!3d4.6300458!4d101.1270713!16s%2Fg%2F1hc18hbwt!19sChIJzYqD5S_tyjERBYLWchr5YSQ?authuser=0&hl=en&rclk=1,KFC Bercham,3.8,(765),Operating
Perak,Ipoh Timor,https://www.google.com/maps/place/KFC+Sunway+Tambun/data=!4m7!3m6!1s0x31caed43187b1ad1:0x8ae82755036fd60a!8m2!3d4.6215439!4d101.1490529!16s%2Fg%2F11f5v4xqvz!19sChIJ0Rp7GEPtyjERCtZvA1Un6Io?authuser=0&hl=en&rclk=1,KFC Sunway Tambun,3.7,"(1,024)",Operating
Perak,Ipoh Timor,https://www.google.com/maps/place/KFC+Silibin/data=!4m7!3m6!1s0x31caeb7acf99c9e7:0x901bcb303a565faf!8m2!3d4.6094381!4d101.0618875!16s%2Fg%2F1hc0r6_24!19sChIJ58mZz3rryjERr19WOjDLG5A?authuser=0&hl=en&rclk=1,KFC Silibin,3.6,(999),Operating
Perak,Ipoh Timor,https://www.google.com/maps/place/KFC+Jelapang+Square/data=!4m7!3m6!1s0x31ca9599d57ef4ef:0xa8516790590d1bd5!8m2!3d4.6413982!4d101.0646172!16s%2Fg%2F11hf02qyrk!19sChIJ7_R-1ZmVyjER1RsNWZBnUag?authuser=0&hl=en&rclk=1,KFC Jelapang Square,3.5,(151),Temporarily Closed
Perak,Ipoh Barat,https://www.google.com/maps/place/KFC+Ipoh+Garden/data=!4m7!3m6!1s0x31caece4540af3ab:0x6ba59bc273684325!8m2!3d4.6119667!4d101.1082084!16s%2Fg%2F1hc3gtqjx!19sChIJq_MKVOTsyjERJUNoc8KbpWs?authuser=0&hl=en&rclk=1,KFC Ipoh Garden,3.9,(858),Operating
Perak,Ipoh Barat,https://www.google.com/maps/place/KFC+Gunung+Rapat+Drive+Thru/data=!4m7!3m6!1s0x31caec33a4b2ca23:0x7473caca0b3aa870!8m2!3d4.5692967!4d101.1141572!16s%2Fg%2F11g5_3xyfd!19sChIJI8qypDPsyjERcKg6C8rKc3Q?authuser=0&hl=en&rclk=1,KFC Gunung Rapat Drive Thru,3.8,"(2,277)",Operating
Perak,Ipoh Barat,"https://www.google.com/maps/place/KFC+Meru+Raya+Drive+Thru,+Ipoh/data=!4m7!3m6!1s0x31ca937c8e1631db:0xe9f872a8d003106f!8m2!3d4.6723981!4d101.0757969!16s%2Fg%2F11bw82n6mk!19sChIJ2zEWjnyTyjERbxAD0Khy-Ok?authuser=0&hl=en&rclk=1","KFC Meru Raya Drive Thru, Ipoh",3.7,"(1,438)",Operating
Perak,Ipoh Barat,https://www.google.com/maps/place/KFC+Lotus%27s+Ipoh/data=!4m7!3m6!1s0x31caed1e5a98fed7:0xf247219030d697a7!8m2!3d4.6167149!4d101.1187446!16s%2Fg%2F1hcb31q82!19sChIJ1_6YWh7tyjERp5fWMJAhR_I?authuser=0&hl=en&rclk=1,KFC Lotus's Ipoh,3.7,(82),Operating
Perak,Ipoh Barat,https://www.google.com/maps/place/KFC+Tasek+Ipoh+Drive+Thru/data=!4m7!3m6!1s0x31ca93248bd6f80b:0x6a7f0f3f6e2ab215!8m2!3d4.6537333!4d101.1075793!16s%2Fg%2F11btms5zwl!19sChIJC_jWiySTyjERFbIqbj8Pf2o?authuser=0&hl=en&rclk=1,KFC Tasek Ipoh Drive Thru,3.7,"(1,238)",Operating
Perak,Ipoh Barat,https://www.google.com/maps/place/KFC+Cockman/data=!4m7!3m6!1s0x31caec62bdd9a983:0x4a2aceaac0c955d4!8m2!3d4.5984397!4d101.0838243!16s%2Fg%2F1tf_qcn0!19sChIJg6nZvWLsyjER1FXJwKrOKko?authuser=0&hl=en&rclk=1,KFC Cockman,3.7,"(1,182)",Operating
Perak,Ipoh Barat,https://www.google.com/maps/place/KFC+Bercham/data=!4m7!3m6!1s0x31caed2fe5838acd:0x2461f91a72d68205!8m2!3d4.6300458!4d101.1270713!16s%2Fg%2F1hc18hbwt!19sChIJzYqD5S_tyjERBYLWchr5YSQ?authuser=0&hl=en&rclk=1,KFC Bercham,3.8,(765),Operating
Perak,Ipoh Barat,https://www.google.com/maps/place/KFC+Sunway+Tambun/data=!4m7!3m6!1s0x31caed43187b1ad1:0x8ae82755036fd60a!8m2!3d4.6215439!4d101.1490529!16s%2Fg%2F11f5v4xqvz!19sChIJ0Rp7GEPtyjERCtZvA1Un6Io?authuser=0&hl=en&rclk=1,KFC Sunway Tambun,3.7,"(1,024)",Operating
Perak,Ipoh Barat,https://www.google.com/maps/place/Kopitiam+Macho/data=!4m7!3m6!1s0x31caebbe24ebeaa7:0x10fab5872456c9ee!8m2!3d4.5844481!4d101.0459664!16s%2Fg%2F1hc3qyqwt!19sChIJp-rrJL7ryjER7slWJIe1-hA?authuser=0&hl=en&rclk=1,Kopitiam Macho,3.6,(566),Operating
Perak,Ipoh Barat,https://www.google.com/maps/place/KFC+Silibin/data=!4m7!3m6!1s0x31caeb7acf99c9e7:0x901bcb303a565faf!8m2!3d4.6094381!4d101.0618875!16s%2Fg%2F1hc0r6_24!19sChIJ58mZz3rryjERr19WOjDLG5A?authuser=0&hl=en&rclk=1,KFC Silibin,3.6,(999),Operating
Perak,Ipoh Barat,"https://www.google.com/maps/place/KFC+AEON+Pasir+Putih,+Perak/data=!4m7!3m6!1s0x31cae94ccb0f2bb1:0xdf85e265c35320cd!8m2!3d4.5461606!4d101.0704814!16s%2Fg%2F11bw7d00__!19sChIJsSsPy0zpyjERzSBTw2Xihd8?authuser=0&hl=en&rclk=1","KFC AEON Pasir Putih, Perak",1.9,(121),Operating
Perak,Ipoh Barat,https://www.google.com/maps/place/KFC+Lotus%27s+Pasir+Putih+Perak/data=!4m7!3m6!1s0x31cae94c61d2def3:0xa15068b27056837b!8m2!3d4.5436628!4d101.0686113!16s%2Fg%2F12qh8frnz!19sChIJ897SYUzpyjERe4NWcLJoUKE?authuser=0&hl=en&rclk=1,KFC Lotus's Pasir Putih Perak,3.6,(151),Operating
Perak,Ipoh Barat,https://www.google.com/maps/place/KFC+Jelapang+Square/data=!4m7!3m6!1s0x31ca9599d57ef4ef:0xa8516790590d1bd5!8m2!3d4.6413982!4d101.0646172!16s%2Fg%2F11hf02qyrk!19sChIJ7_R-1ZmVyjER1RsNWZBnUag?authuser=0&hl=en&rclk=1,KFC Jelapang Square,3.5,(151),Temporarily Closed
Perak,Ipoh Barat,https://www.google.com/maps/place/KFC+Kuala+Kangsar/data=!4m7!3m6!1s0x31cabd03f96cc777:0xb200cf041f6a3fa9!8m2!3d4.7694376!4d100.9402431!16s%2Fg%2F1hc2d6vng!19sChIJd8ds-QO9yjERqT9qHwTPALI?authuser=0&hl=en&rclk=1,KFC Kuala Kangsar,4.0,(911),Operating
Perak,Batu Gajah,"https://www.google.com/maps/search/KFC+near+Batu Gajah,+Perak",KFC Batu Gajah,3.8,"(1,156)",Operating
Perak,Kuala Kangsar,https://www.google.com/maps/place/KFC+Kuala+Kangsar/data=!4m7!3m6!1s0x31cabd03f96cc777:0xb200cf041f6a3fa9!8m2!3d4.7694376!4d100.9402431!16s%2Fg%2F1hc2d6vng!19sChIJd8ds-QO9yjERqT9qHwTPALI?authuser=0&hl=en&rclk=1,KFC Kuala Kangsar,4.0,(911),Operating
Perak,Kuala Kangsar,"https://www.google.com/maps/place/KFC+Taman+Lavender,+Kuala+Kangsar/data=!4m7!3m6!1s0x31cabcf2eef8197f:0x9efb63f7ff57a573!8m2!3d4.7734441!4d100.9147415!16s%2Fg%2F11cks1s5vr!19sChIJfxn47vK8yjERc6VX__dj-54?authuser=0&hl=en&rclk=1","KFC Taman Lavender, Kuala Kangsar",3.8,(744),Operating
Perak,Beruas,"https://www.google.com/maps/search/KFC+near+Beruas,+Perak","KFC Pantai Remis ( Pantai Remis, Perak )",3.5,(499),Operating
Perak,Parit,"https://www.google.com/maps/place/KFC+Komplek+Parit+Buntar+%28+Parit+Buntar,+Perak+%29/data=!4m7!3m6!1s0x304aafa68c9110a1:0x26be53e2bb955f2e!8m2!3d5.1275084!4d100.4894099!16s%2Fg%2F11spvt0v92!19sChIJoRCRjKavSjARLl-Vu-JTviY?authuser=0&hl=en&rclk=1","KFC Komplek Parit Buntar ( Parit Buntar, Perak )",3.1,(122),Operating
Perak,Parit,https://www.google.com/maps/place/KFC+Parit+Buntar+2/data=!4m7!3m6!1s0x304aae4a8494869d:0x9f3356361011f812!8m2!3d5.1170152!4d100.4864436!16s%2Fg%2F11g65bxdz_!19sChIJnYaUhEquSjAREvgREDZWM58?authuser=0&hl=en&rclk=1,KFC Parit Buntar 2,3.8,"(1,067)",Operating
Perak,Parit,https://www.google.com/maps/place/KFC+Taman+Wawasan/data=!4m7!3m6!1s0x304aafb3a7cec7cd:0x6ece8618bb49ad82!8m2!3d5.1123269!4d100.481646!16s%2Fg%2F11b64s7jyb!19sChIJzcfOp7OvSjARgq1JuxiGzm4?authuser=0&hl=en&rclk=1,KFC Taman Wawasan,3.9,(848),Operating
Perak,Kampar,https://www.google.com/maps/place/KFC+Kampar/data=!4m7!3m6!1s0x31cb1d57d8fa9d63:0x2cfc22c82b3c30e8!8m2!3d4.3147775!4d101.1523059!16s%2Fg%2F1hc5c7mb5!19sChIJY5362FcdyzER6DA8K8gi_Cw?authuser=0&hl=en&rclk=1,KFC Kampar,4.0,(485),Operating
Perak,Kampar,https://www.google.com/maps/place/KFC+BHP+Kampar+Drive+Thru/data=!4m7!3m6!1s0x31cae2bad0abc28b:0xf3131ac574d6b942!8m2!3d4.3256901!4d101.1477843!16s%2Fg%2F11g8ddjxd6!19sChIJi8Kr0LriyjERQrnWdMUaE_M?authuser=0&hl=en&rclk=1,KFC BHP Kampar Drive Thru,3.6,(743),Operating
Perak,Kampar,https://www.google.com/maps/place/KFC+Lotus%27s+Kampar/data=!4m7!3m6!1s0x31cae2c9e560523f:0x9ea68789eb6fa54e!8m2!3d4.3353802!4d101.1542371!16s%2Fg%2F1hc1mm5j7!19sChIJP1Jg5cniyjERTqVv64mHpp4?authuser=0&hl=en&rclk=1,KFC Lotus's Kampar,2.9,(83),Temporarily Closed
Perak,Gopeng,https://www.google.com/maps/place/KFC+Gopeng/data=!4m7!3m6!1s0x31cafaaa376e6f15:0x10c2a8afd4a7e8ca!8m2!3d4.4744588!4d101.1662996!16s%2Fg%2F11cnd4ps2d!19sChIJFW9uN6r6yjERyuin1K-owhA?authuser=0&hl=en&rclk=1,KFC Gopeng,3.7,(385),Operating
Perak,Gopeng,https://www.google.com/maps/place/KFC+RTC+Gopeng+Drive+Thru/data=!4m7!3m6!1s0x31caefe66d015f7f:0xfa2bcb2be6c051dc!8m2!3d4.4938498!4d101.1523777!16s%2Fg%2F12qh6my1t!19sChIJf18BbebvyjER3FHA5ivLK_o?authuser=0&hl=en&rclk=1,KFC RTC Gopeng Drive Thru,3.7,(597),Operating
Perak,Tapah,https://www.google.com/maps/place/KFC+Tapah/data=!4m7!3m6!1s0x31cb069ae18b39ad:0x2cb2c6fbd114814d!8m2!3d4.1970099!4d101.2610703!16s%2Fg%2F1hc1_jnkr!19sChIJrTmL4ZoGyzERTYEU0fvGsiw?authuser=0&hl=en&rclk=1,KFC Tapah,3.7,(972),Operating
Perak,Tapah,https://www.google.com/maps/place/KFC+R%26R+Tapah/data=!4m7!3m6!1s0x31cb064ee8f75fdd:0xcd509e9b7371fe64!8m2!3d4.1775952!4d101.2901326!16s%2Fg%2F12qfxs_r7!19sChIJ3V_36E4GyzERZP5xc5ueUM0?authuser=0&hl=en&rclk=1,KFC R&R Tapah,3.8,"(1,193)",Operating
Perak,Pasir Salak,https://www.google.com/maps/place/KFC+Lotus%27s+Pasir+Putih+Perak/data=!4m7!3m6!1s0x31cae94c61d2def3:0xa15068b27056837b!8m2!3d4.5436628!4d101.0686113!16s%2Fg%2F12qh8frnz!19sChIJ897SYUzpyjERe4NWcLJoUKE?authuser=0&hl=en&rclk=1,KFC Lotus's Pasir Putih Perak,3.6,(151),Operating
Perak,Pasir Salak,https://www.google.com/maps/place/KFC+Silibin+DT/data=!4m7!3m6!1s0x31caebabe5328073:0x119092203e075a37!8m2!3d4.6060379!4d101.0657169!16s%2Fg%2F11k3wr1592!19sChIJc4Ay5avryjERN1oHPiCSkBE?authuser=0&hl=en&rclk=1,KFC Silibin DT,3.1,(212),Operating
Perak,Pasir Salak,https://www.google.com/maps/place/KFC+Silibin/data=!4m7!3m6!1s0x31caeb7acf99c9e7:0x901bcb303a565faf!8m2!3d4.6094381!4d101.0618875!16s%2Fg%2F1hc0r6_24!19sChIJ58mZz3rryjERr19WOjDLG5A?authuser=0&hl=en&rclk=1,KFC Silibin,3.6,(999),Operating
Perak,Pasir Salak,https://www.google.com/maps/place/KFC+Lumut/data=!4m7!3m6!1s0x31cb2cdd4e766d51:0x16a880034094fbe2!8m2!3d4.2349075!4d100.6310727!16s%2Fg%2F1hc2t5l4g!19sChIJUW12Tt0syzER4vuUQAOAqBY?authuser=0&hl=en&rclk=1,KFC Lumut,3.8,(889),Operating
Perak,Pasir Salak,https://www.google.com/maps/place/Kopitiam+Macho/data=!4m7!3m6!1s0x31caebbe24ebeaa7:0x10fab5872456c9ee!8m2!3d4.5844481!4d101.0459664!16s%2Fg%2F1hc3qyqwt!19sChIJp-rrJL7ryjER7slWJIe1-hA?authuser=0&hl=en&rclk=1,Kopitiam Macho,3.6,(566),Operating
Perak,Pasir Salak,https://www.google.com/maps/place/KFC+Bercham/data=!4m7!3m6!1s0x31caed2fe5838acd:0x2461f91a72d68205!8m2!3d4.6300458!4d101.1270713!16s%2Fg%2F1hc18hbwt!19sChIJzYqD5S_tyjERBYLWchr5YSQ?authuser=0&hl=en&rclk=1,KFC Bercham,3.8,(765),Operating
Perak,Pasir Salak,https://www.google.com/maps/place/KFC+Gerik/data=!4m7!3m6!1s0x31b51044bd3b37f3:0xb2f2d7ac4fdf509b!8m2!3d5.4312456!4d101.1289687!16s%2Fg%2F1hc12vpmj!19sChIJ8zc7vUQQtTERm1DfT6zX8rI?authuser=0&hl=en&rclk=1,KFC Gerik,4.2,"(1,122)",Operating
Perak,Pasir Salak,https://www.google.com/maps/place/KFC+Kampar/data=!4m7!3m6!1s0x31cb1d57d8fa9d63:0x2cfc22c82b3c30e8!8m2!3d4.3147775!4d101.1523059!16s%2Fg%2F1hc5c7mb5!19sChIJY5362FcdyzER6DA8K8gi_Cw?authuser=0&hl=en&rclk=1,KFC Kampar,4.0,(485),Operating
Perak,Pasir Salak,https://www.google.com/maps/place/KFC+Seri+Iskandar+Drive+Thru/data=!4m7!3m6!1s0x31cade28186314b1:0x8b04cadd155746cd!8m2!3d4.3670277!4d100.9802425!16s%2Fg%2F11c2ly6m49!19sChIJsRRjGCjeyjERzUZXFd3KBIs?authuser=0&hl=en&rclk=1,KFC Seri Iskandar Drive Thru,3.4,"(1,379)",Operating
Perak,Pasir Salak,"https://www.google.com/maps/place/KFC+AEON+Pasir+Putih,+Perak/data=!4m7!3m6!1s0x31cae94ccb0f2bb1:0xdf85e265c35320cd!8m2!3d4.5461606!4d101.0704814!16s%2Fg%2F11bw7d00__!19sChIJsSsPy0zpyjERzSBTw2Xihd8?authuser=0&hl=en&rclk=1","KFC AEON Pasir Putih, Perak",1.9,(121),Operating
Perak,Pasir Salak,"https://www.google.com/maps/place/KFC+TF+Value+Mart+Manjung+%28+Seri+Manjung,+Perak+%29/data=!4m7!3m6!1s0x31cb2c59bc355b79:0x8e51221b1065e617!8m2!3d4.2131696!4d100.6691103!16s%2Fg%2F1hc1q7dwk!19sChIJeVs1vFksyzERF-ZlEBsiUY4?authuser=0&hl=en&rclk=1","KFC TF Value Mart Manjung ( Seri Manjung, Perak )",3.8,(411),Operating
Perak,Pasir Salak,https://www.google.com/maps/place/KFC+Gunung+Rapat+Drive+Thru/data=!4m7!3m6!1s0x31caec33a4b2ca23:0x7473caca0b3aa870!8m2!3d4.5692967!4d101.1141572!16s%2Fg%2F11g5_3xyfd!19sChIJI8qypDPsyjERcKg6C8rKc3Q?authuser=0&hl=en&rclk=1,KFC Gunung Rapat Drive Thru,3.8,"(2,277)",Operating
Perak,Pasir Salak,https://www.google.com/maps/place/KFC+Taman+Wawasan/data=!4m7!3m6!1s0x304aafb3a7cec7cd:0x6ece8618bb49ad82!8m2!3d5.1123269!4d100.481646!16s%2Fg%2F11b64s7jyb!19sChIJzcfOp7OvSjARgq1JuxiGzm4?authuser=0&hl=en&rclk=1,KFC Taman Wawasan,3.9,(848),Operating
Perak,Pasir Salak,https://www.google.com/maps/place/KFC+Parit+Buntar+2/data=!4m7!3m6!1s0x304aae4a8494869d:0x9f3356361011f812!8m2!3d5.1170152!4d100.4864436!16s%2Fg%2F11g65bxdz_!19sChIJnYaUhEquSjAREvgREDZWM58?authuser=0&hl=en&rclk=1,KFC Parit Buntar 2,3.8,"(1,067)",Operating
Perak,Lumut,"https://www.google.com/maps/search/KFC+near+Lumut,+Perak",KFC Lumut,3.8,(889),Operating
Perak,Bagan Datuk,https://www.google.com/maps/place/KFC+Bagan+Serai/data=!4m7!3m6!1s0x304aaa2b944b996f:0x8a66a14cbea76487!8m2!3d5.0127719!4d100.5344637!16s%2Fg%2F1tdf3njk!19sChIJb5lLlCuqSjARh2SnvkyhZoo?authuser=0&hl=en&rclk=1,KFC Bagan Serai,4.0,(823),Operating
Perak,Bagan Datuk,https://www.google.com/maps/place/KFC+Hutan+Melintang+Perak/data=!4m7!3m6!1s0x31cb424ae7d41415:0xdab685814d566e5e!8m2!3d3.8935343!4d100.9369635!16s%2Fg%2F11b6gk8csh!19sChIJFRTU50pCyzERXm5WTYGFtto?authuser=0&hl=en&rclk=1,KFC Hutan Melintang Perak,3.9,(753),Operating
Perak,Bagan Datuk,https://www.google.com/maps/place/KFC+Batu+Kurau/data=!4m7!3m6!1s0x31b5570c09f19a59:0x4a8748876c424e80!8m2!3d4.9765988!4d100.7893031!16s%2Fg%2F11tg6d6gbh!19sChIJWZrxCQxXtTERgE5CbIdIh0o?authuser=0&hl=en&rclk=1,KFC Batu Kurau,4.7,(13),Temporarily Closed
Perak,Bagan Datuk,https://www.google.com/maps/place/KFC+Batu+Gajah/data=!4m7!3m6!1s0x31cae62431c67b4b:0xad3c88f6678b3134!8m2!3d4.4729956!4d101.0402696!16s%2Fg%2F1hc2qf201!19sChIJS3vGMSTmyjERNDGLZ_aIPK0?authuser=0&hl=en&rclk=1,KFC Batu Gajah,3.8,"(1,156)",Operating
Perak,Teluk Intan,https://www.google.com/maps/place/KFC+Teluk+Intan/data=!4m7!3m6!1s0x31cb15035a04387f:0x720b6c7bed3e9a36!8m2!3d4.0254569!4d101.0206369!16s%2Fg%2F1th25x06!19sChIJfzgEWgMVyzERNpo-7XtsC3I?authuser=0&hl=en&rclk=1,KFC Teluk Intan,4.1,"(1,139)",Operating
Perak,Teluk Intan,https://www.google.com/maps/place/KFC+Teluk+Intan+DT/data=!4m7!3m6!1s0x31cb153c005c4669:0xe73cc13c1e89b50b!8m2!3d4.0006673!4d101.0102417!16s%2Fg%2F11c2qh80s_!19sChIJaUZcADwVyzERC7WJHjzBPOc?authuser=0&hl=en&rclk=1,KFC Teluk Intan DT,3.7,(817),Operating
Perak,Tanjong Malim,https://www.google.com/maps/place/KFC+Tanjung+Malim/data=!4m7!3m6!1s0x31cb87e3a99c84d3:0x910b374b6b06e92b!8m2!3d3.6808837!4d101.5214883!16s%2Fg%2F1hc0yb92b!19sChIJ04ScqeOHyzERK-kGa0s3C5E?authuser=0&hl=en&rclk=1,KFC Tanjung Malim,3.9,(899),Operating
Perak,Tanjong Malim,https://www.google.com/maps/place/KFC+BHPetrol+Tanjung+Malim/data=!4m7!3m6!1s0x31cb87db0364f389:0x751a5299b7758425!8m2!3d3.695326!4d101.5157724!16s%2Fg%2F12qhb4t1z!19sChIJifNkA9uHyzERJYR1t5lSGnU?authuser=0&hl=en&rclk=1,KFC BHPetrol Tanjung Malim,3.6,"(1,162)",Operating
Perlis,Padang Besar,"https://www.google.com/maps/search/KFC+near+Padang Besar,+Perlis",KFC Padang Besar,3.8,(373),Operating
Perlis,Kangar,https://www.google.com/maps/place/KFC+Kangar/data=!4m7!3m6!1s0x304c99a03529df91:0x349c25ac592f3e6e!8m2!3d6.4359444!4d100.1939877!16s%2Fg%2F1hc2mnvxf!19sChIJkd8pNaCZTDARbj4vWawlnDQ?authuser=0&hl=en&rclk=1,KFC Kangar,4.1,"(1,012)",Operating
Perlis,Kangar,https://www.google.com/maps/place/KFC+Kangar+2+-+Jalan+Penjara/data=!4m7!3m6!1s0x304c99a3d28deb07:0x6a63a56572d84ef1!8m2!3d6.4390745!4d100.1956246!16s%2Fg%2F1hc3jphrj!19sChIJB-uN0qOZTDAR8U7YcmWlY2o?authuser=0&hl=en&rclk=1,KFC Kangar 2 - Jalan Penjara,4.2,(940),Operating
Perlis,Kangar,https://www.google.com/maps/place/KFC+@+Kangar+Jaya+DT/data=!4m7!3m6!1s0x304c991cf41f4715:0xaad8f670bbbc36eb!8m2!3d6.4057084!4d100.1819112!16s%2Fg%2F11j15m5_ms!19sChIJFUcf9ByZTDAR6za8u3D22Ko?authuser=0&hl=en&rclk=1,KFC @ Kangar Jaya DT,3.9,(657),Operating
Perlis,Arau,"https://www.google.com/maps/search/KFC+near+Arau,+Perlis",KFC Arau,4.1,"(1,572)",Operating
Pulau Pinang,Kepala Batas,https://www.google.com/maps/place/KFC+Kepala+Batas+2/data=!4m7!3m6!1s0x304ada7cef0b14d5:0xcf43702d4f22d874!8m2!3d5.5151267!4d100.4303173!16s%2Fg%2F1hc0x3hxj!19sChIJ1RQL73zaSjARdNgiTy1wQ88?authuser=0&hl=en&rclk=1,KFC Kepala Batas 2,3.9,(859),Operating
Pulau Pinang,Kepala Batas,https://www.google.com/maps/place/KFC+Bertam+DT/data=!4m7!3m6!1s0x304ad083e3ec3f99:0xd6bdd43191e0824e!8m2!3d5.5171938!4d100.4442261!16s%2Fg%2F11hbgbhkh7!19sChIJmT_s44PQSjARToLgkTHUvdY?authuser=0&hl=en&rclk=1,KFC Bertam DT,3.8,"(1,308)",Operating
Pulau Pinang,Kepala Batas,https://www.google.com/maps/place/KFC+Amanputra+Kepala+Batas/data=!4m7!3m6!1s0x304ada6468197aed:0x4bdd50093b160118!8m2!3d5.5181749!4d100.4248498!16s%2Fg%2F11bv6pc76h!19sChIJ7XoZaGTaSjARGAEWOwlQ3Us?authuser=0&hl=en&rclk=1,KFC Amanputra Kepala Batas,3.9,(348),Temporarily Closed
Pulau Pinang,Tasek Gelugor,https://www.google.com/maps/place/KFC+Simpang+Ampat/data=!4m7!3m6!1s0x304ab7b6cbfffcf3:0xc2bfc0bed8434c8f!8m2!3d5.278745!4d100.4772206!16s%2Fg%2F11bvcvn1dc!19sChIJ8_z_y7a3SjARj0xD2L7Av8I?authuser=0&hl=en&rclk=1,KFC Simpang Ampat,3.7,(945),Operating
Pulau Pinang,Tasek Gelugor,https://www.google.com/maps/place/KFC+Sungai+Bakap/data=!4m7!3m6!1s0x304ab6d1aa536863:0xcd53bebf047cb91a!8m2!3d5.2300717!4d100.4929029!16s%2Fg%2F1hc5jxkdc!19sChIJY2hTqtG2SjARGrl8BL--U80?authuser=0&hl=en&rclk=1,KFC Sungai Bakap,3.8,(901),Operating
Pulau Pinang,Tasek Gelugor,https://www.google.com/maps/place/KFC+Batu+Kawan+DT/data=!4m7!3m6!1s0x304ab750b96c88f5:0xb07e56305402df4f!8m2!3d5.2350533!4d100.4419889!16s%2Fg%2F11q4c72qk8!19sChIJ9YhsuVC3SjART98CVDBWfrA?authuser=0&hl=en&rclk=1,KFC Batu Kawan DT,2.8,(253),Operating
Pulau Pinang,Tasek Gelugor,https://www.google.com/maps/place/KFC+Sungai+Dua/data=!4m7!3m6!1s0x304ac1abc7c6820f:0xc06ce5b9f5d06c94!8m2!3d5.3524124!4d100.3014272!16s%2Fg%2F1hc9wfjx7!19sChIJD4LGx6vBSjARlGzQ9bnlbMA?authuser=0&hl=en&rclk=1,KFC Sungai Dua,3.7,"(1,663)",Operating
Pulau Pinang,Tasek Gelugor,https://www.google.com/maps/place/KFC+Bertam+DT/data=!4m7!3m6!1s0x304ad083e3ec3f99:0xd6bdd43191e0824e!8m2!3d5.5171938!4d100.4442261!16s%2Fg%2F11hbgbhkh7!19sChIJmT_s44PQSjARToLgkTHUvdY?authuser=0&hl=en&rclk=1,KFC Bertam DT,3.8,"(1,308)",Operating
Pulau Pinang,Tasek Gelugor,https://www.google.com/maps/place/KFC+Kepala+Batas+2/data=!4m7!3m6!1s0x304ada7cef0b14d5:0xcf43702d4f22d874!8m2!3d5.5151267!4d100.4303173!16s%2Fg%2F1hc0x3hxj!19sChIJ1RQL73zaSjARdNgiTy1wQ88?authuser=0&hl=en&rclk=1,KFC Kepala Batas 2,3.9,(859),Operating
Pulau Pinang,Tasek Gelugor,https://www.google.com/maps/place/KFC+Lotus%27s+Jelutong/data=!4m7!3m6!1s0x304ac1703e199911:0x7072e9db8ed5b935!8m2!3d5.3777342!4d100.3148662!16s%2Fg%2F1hc16ywwq!19sChIJEZkZPnDBSjARNbnVjtvpcnA?authuser=0&hl=en&rclk=1,KFC Lotus's Jelutong,3.7,(472),Operating
Pulau Pinang,Tasek Gelugor,https://www.google.com/maps/place/KFC+Inderawasih/data=!4m7!3m6!1s0x304ac6828ac15395:0x6bf210498523f067!8m2!3d5.3870687!4d100.3860035!16s%2Fg%2F1hc2gmqlh!19sChIJlVPBioLGSjARZ_AjhUkQ8ms?authuser=0&hl=en&rclk=1,KFC Inderawasih,3.6,(581),Operating
Pulau Pinang,Tasek Gelugor,https://www.google.com/maps/place/KFC+Jalan+Raja+Uda+Butterworth/data=!4m7!3m6!1s0x304ac4445a9415f9:0xa4c1c22ebc065caa!8m2!3d5.4165587!4d100.3799806!16s%2Fg%2F1hc2clccf!19sChIJ-RWUWkTESjARqlwGvC7CwaQ?authuser=0&hl=en&rclk=1,KFC Jalan Raja Uda Butterworth,3.5,(719),Operating
Pulau Pinang,Tasek Gelugor,https://www.google.com/maps/place/KFC+Greenlane+DT/data=!4m7!3m6!1s0x304ac2349d419a75:0xc4a4d492f86c983b!8m2!3d5.4051736!4d100.3030509!16s%2Fg%2F11b7w76hpt!19sChIJdZpBnTTCSjARO5hs-JLUpMQ?authuser=0&hl=en&rclk=1,KFC Greenlane DT,3.7,"(2,077)",Operating
Pulau Pinang,Tasek Gelugor,https://www.google.com/maps/place/KFC+Desa+Ria+Sungai+Ara+Penang/data=!4m7!3m6!1s0x304ac01abf4296db:0x467f4a13e5da7246!8m2!3d5.3193247!4d100.2698815!16s%2Fg%2F1thj7bn5!19sChIJ25ZCvxrASjARRnLa5RNKf0Y?authuser=0&hl=en&rclk=1,KFC Desa Ria Sungai Ara Penang,3.5,(853),Operating
Pulau Pinang,Tasek Gelugor,https://www.google.com/maps/place/KFC+Queensbay+Mall/data=!4m7!3m6!1s0x304ac0f66965fe19:0x4a2890e5f7bfa735!8m2!3d5.3345928!4d100.3063389!16s%2Fg%2F1hc28v51_!19sChIJGf5lafbASjARNae_9-WQKEo?authuser=0&hl=en&rclk=1,KFC Queensbay Mall,3.6,(310),Operating
Pulau Pinang,Tasek Gelugor,https://www.google.com/maps/place/Darwis+Fried+Chicken+%28DFC%29+Tasek+Gelugor/data=!4m7!3m6!1s0x304ad1b8c7363b45:0xc72895065bfa352!8m2!3d5.4840555!4d100.4891735!16s%2Fg%2F11sksnbmc5!19sChIJRTs2x7jRSjARUqO_ZVCJcgw?authuser=0&hl=en&rclk=1,Darwis Fried Chicken (DFC) Tasek Gelugor,2.0,(7),No status
Pulau Pinang,Tasek Gelugor,https://www.google.com/maps/place/KFC+Batu+Lanchang/data=!4m7!3m6!1s0x304ac17fe570d305:0x335f4e5011efc1f8!8m2!3d5.3887295!4d100.3059184!16s%2Fg%2F1hc1n795g!19sChIJBdNw5X_BSjAR-MHvEVBOXzM?authuser=0&hl=en&rclk=1,KFC Batu Lanchang,3.7,(926),Operating
Pulau Pinang,Tasek Gelugor,"https://www.google.com/maps/place/KFC+R2+Avenue,+Sungai+Dua/data=!4m7!3m6!1s0x304ac56672fc54df:0xe7f6797fbc9fd70f!8m2!3d5.445084!4d100.4299956!16s%2Fg%2F11b66h7dqg!19sChIJ31T8cmbFSjARD9efvH959uc?authuser=0&hl=en&rclk=1","KFC R2 Avenue, Sungai Dua",4.0,(943),Operating
Pulau Pinang,Tasek Gelugor,https://www.google.com/maps/place/KFC+Gurney+Plaza/data=!4m7!3m6!1s0x304ac3b3a2a16105:0x9decd35d32c1e97f!8m2!3d5.437137!4d100.3092735!16s%2Fg%2F11tg6d7l96!19sChIJBWGhorPDSjARf-nBMl3T7J0?authuser=0&hl=en&rclk=1,KFC Gurney Plaza,2.7,(115),Operating
Pulau Pinang,Tasek Gelugor,https://www.google.com/maps/place/KFC+Bayan+Baru/data=!4m7!3m6!1s0x304ac06a48346029:0x810d8ac36453c95!8m2!3d5.326563!4d100.2866728!16s%2Fg%2F1tfwsl10!19sChIJKWA0SGrASjARlTxFNqzYEAg?authuser=0&hl=en&rclk=1,KFC Bayan Baru,3.7,"(1,923)",Operating
Pulau Pinang,Tasek Gelugor,https://www.google.com/maps/place/KFC+Penang+Sentral/data=!4m7!3m6!1s0x304ac52abdb971c3:0x1eb4dd57c4febde4!8m2!3d5.3946869!4d100.3655657!16s%2Fg%2F11h21zff6q!19sChIJw3G5vSrFSjAR5L3-xFfdtB4?authuser=0&hl=en&rclk=1,KFC Penang Sentral,3.3,(370),Operating
Pulau Pinang,Tasek Gelugor,https://www.google.com/maps/place/KFC+Bagan+Ajam+DT/data=!4m7!3m6!1s0x304ac5d7154e3f33:0x251e11254a056b67!8m2!3d5.4400821!4d100.3824911!16s%2Fg%2F11h8khdhr7!19sChIJMz9OFdfFSjARZ2sFSiURHiU?authuser=0&hl=en&rclk=1,KFC Bagan Ajam DT,3.2,(522),Operating
Pulau Pinang,Tasek Gelugor,https://www.google.com/maps/place/KFC+Giant+Bayan+Baru/data=!4m7!3m6!1s0x304ac06d1d9b6587:0xfc0ea7ca127cd1b0!8m2!3d5.3211705!4d100.283679!16s%2Fg%2F1hc2llc9s!19sChIJh2WbHW3ASjARsNF8EsqnDvw?authuser=0&hl=en&rclk=1,KFC Giant Bayan Baru,3.5,(419),Operating
Pulau Pinang,Tasek Gelugor,https://www.google.com/maps/place/KFC+Komtar/data=!4m7!3m6!1s0x304ac3969bcbbd6f:0x5060789ba7dc437b!8m2!3d5.4144237!4d100.3299082!16s%2Fg%2F11c67rwmhw!19sChIJb73Lm5bDSjARe0Pcp5t4YFA?authuser=0&hl=en&rclk=1,KFC Komtar,3.8,(720),Operating
Pulau Pinang,Tasek Gelugor,https://www.google.com/maps/place/KFC+Butterworth/data=!4m7!3m6!1s0x304ac41537975b53:0x9fde54d168be5f72!8m2!3d5.4086558!4d100.3707049!16s%2Fg%2F1hc28c6m6!19sChIJU1uXNxXESjARcl--aNFU3p8?authuser=0&hl=en&rclk=1,KFC Butterworth,3.8,(710),Operating
Pulau Pinang,Bagan,https://www.google.com/maps/place/KFC+Bagan+Ajam+DT/data=!4m7!3m6!1s0x304ac5d7154e3f33:0x251e11254a056b67!8m2!3d5.4400821!4d100.3824911!16s%2Fg%2F11h8khdhr7!19sChIJMz9OFdfFSjARZ2sFSiURHiU?authuser=0&hl=en&rclk=1,KFC Bagan Ajam DT,3.2,(522),Operating
Pulau Pinang,Bagan,https://www.google.com/maps/place/KFC+Butterworth/data=!4m7!3m6!1s0x304ac41537975b53:0x9fde54d168be5f72!8m2!3d5.4086558!4d100.3707049!16s%2Fg%2F1hc28c6m6!19sChIJU1uXNxXESjARcl--aNFU3p8?authuser=0&hl=en&rclk=1,KFC Butterworth,3.8,(710),Operating
Pulau Pinang,Bagan,https://www.google.com/maps/place/KFC+Jalan+Raja+Uda+Butterworth/data=!4m7!3m6!1s0x304ac4445a9415f9:0xa4c1c22ebc065caa!8m2!3d5.4165587!4d100.3799806!16s%2Fg%2F1hc2clccf!19sChIJ-RWUWkTESjARqlwGvC7CwaQ?authuser=0&hl=en&rclk=1,KFC Jalan Raja Uda Butterworth,3.5,(719),Operating
Pulau Pinang,Bagan,https://www.google.com/maps/place/KFC+Penang+Sentral/data=!4m7!3m6!1s0x304ac52abdb971c3:0x1eb4dd57c4febde4!8m2!3d5.3946869!4d100.3655657!16s%2Fg%2F11h21zff6q!19sChIJw3G5vSrFSjAR5L3-xFfdtB4?authuser=0&hl=en&rclk=1,KFC Penang Sentral,3.3,(370),Operating
Pulau Pinang,Bagan,"https://www.google.com/maps/place/KFC+R2+Avenue,+Sungai+Dua/data=!4m7!3m6!1s0x304ac56672fc54df:0xe7f6797fbc9fd70f!8m2!3d5.445084!4d100.4299956!16s%2Fg%2F11b66h7dqg!19sChIJ31T8cmbFSjARD9efvH959uc?authuser=0&hl=en&rclk=1","KFC R2 Avenue, Sungai Dua",4.0,(943),Operating
Pulau Pinang,Bagan,https://www.google.com/maps/place/KFC+Inderawasih/data=!4m7!3m6!1s0x304ac6828ac15395:0x6bf210498523f067!8m2!3d5.3870687!4d100.3860035!16s%2Fg%2F1hc2gmqlh!19sChIJlVPBioLGSjARZ_AjhUkQ8ms?authuser=0&hl=en&rclk=1,KFC Inderawasih,3.6,(581),Operating
Pulau Pinang,Permatang Pauh,https://www.google.com/maps/place/KFC+Lotus%27s+Bukit+Mertajam/data=!4m7!3m6!1s0x304ac831b4fc7dcf:0xd550d67d54195d3!8m2!3d5.3158111!4d100.4766295!16s%2Fg%2F1hc86bmq2!19sChIJz338tDHISjAR05VB1WcNVQ0?authuser=0&hl=en&rclk=1,KFC Lotus's Bukit Mertajam,3.1,(285),Operating
Pulau Pinang,Permatang Pauh,https://www.google.com/maps/place/KFC+Jalan+Baru+DT/data=!4m7!3m6!1s0x304ac67cae4c8e03:0x1703db2fd356e7e0!8m2!3d5.3688882!4d100.4181911!16s%2Fg%2F1hc5l85wj!19sChIJA45MrnzGSjAR4OdW0y_bAxc?authuser=0&hl=en&rclk=1,KFC Jalan Baru DT,3.6,"(1,847)",Operating
Pulau Pinang,Permatang Pauh,https://www.google.com/maps/place/KFC+Bukit+Mertajam+DT/data=!4m7!3m6!1s0x304ac88b6549420b:0x37bcef95b8e58f07!8m2!3d5.3506255!4d100.4602026!16s%2Fg%2F11b6glyvv_!19sChIJC0JJZYvISjARB4_luJXvvDc?authuser=0&hl=en&rclk=1,KFC Bukit Mertajam DT,3.2,"(1,054)",Operating
Pulau Pinang,Permatang Pauh,https://www.google.com/maps/place/KFC+Padang+Lallang/data=!4m7!3m6!1s0x304ac89f3c629323:0x7c7b8fab288ad5ef!8m2!3d5.3650466!4d100.4451434!16s%2Fg%2F1hc0yyt4g!19sChIJI5NiPJ_ISjAR79WKKKuPe3w?authuser=0&hl=en&rclk=1,KFC Padang Lallang,3.9,(457),Operating
Pulau Pinang,Permatang Pauh,https://www.google.com/maps/place/KFC+Sunway+Wellesley/data=!4m7!3m6!1s0x304ac8be7bb76fa1:0x71ef3810cbc9681!8m2!3d5.3688704!4d100.4569939!16s%2Fg%2F11fxd_2t17!19sChIJoW-3e77ISjARgZa8DIHzHgc?authuser=0&hl=en&rclk=1,KFC Sunway Wellesley,3.8,(651),Operating
Pulau Pinang,Permatang Pauh,https://www.google.com/maps/place/KFC+Megamall+Pinang/data=!4m7!3m6!1s0x304ac7ac7768bd7b:0x1e7cae8b152a6576!8m2!3d5.3771969!4d100.3998763!16s%2Fg%2F11rk8zzrg_!19sChIJe71od6zHSjARdmUqFYuufB4?authuser=0&hl=en&rclk=1,KFC Megamall Pinang,3.4,(21),Temporarily Closed
Pulau Pinang,Permatang Pauh,https://www.google.com/maps/place/KFC+Inderawasih/data=!4m7!3m6!1s0x304ac6828ac15395:0x6bf210498523f067!8m2!3d5.3870687!4d100.3860035!16s%2Fg%2F1hc2gmqlh!19sChIJlVPBioLGSjARZ_AjhUkQ8ms?authuser=0&hl=en&rclk=1,KFC Inderawasih,3.6,(581),Operating
Pulau Pinang,Permatang Pauh,https://www.google.com/maps/place/KFC+Jalan+Raja+Uda+Butterworth/data=!4m7!3m6!1s0x304ac4445a9415f9:0xa4c1c22ebc065caa!8m2!3d5.4165587!4d100.3799806!16s%2Fg%2F1hc2clccf!19sChIJ-RWUWkTESjARqlwGvC7CwaQ?authuser=0&hl=en&rclk=1,KFC Jalan Raja Uda Butterworth,3.5,(719),Operating
Pulau Pinang,Permatang Pauh,https://www.google.com/maps/place/KFC+Lotus%27s+Prai/data=!4m7!3m6!1s0x304ac5c891ef3345:0x41eef7befd8452e5!8m2!3d5.4054695!4d100.4045659!16s%2Fg%2F1hc2l40d7!19sChIJRTPvkcjFSjAR5VKE_b737kE?authuser=0&hl=en&rclk=1,KFC Lotus's Prai,3.8,(200),Operating
Pulau Pinang,Permatang Pauh,"https://www.google.com/maps/place/KFC+R2+Avenue,+Sungai+Dua/data=!4m7!3m6!1s0x304ac56672fc54df:0xe7f6797fbc9fd70f!8m2!3d5.445084!4d100.4299956!16s%2Fg%2F11b66h7dqg!19sChIJ31T8cmbFSjARD9efvH959uc?authuser=0&hl=en&rclk=1","KFC R2 Avenue, Sungai Dua",4.0,(943),Operating
Pulau Pinang,Permatang Pauh,https://www.google.com/maps/place/KFC+Bertam+DT/data=!4m7!3m6!1s0x304ad083e3ec3f99:0xd6bdd43191e0824e!8m2!3d5.5171938!4d100.4442261!16s%2Fg%2F11hbgbhkh7!19sChIJmT_s44PQSjARToLgkTHUvdY?authuser=0&hl=en&rclk=1,KFC Bertam DT,3.8,"(1,308)",Operating
Pulau Pinang,Permatang Pauh,https://www.google.com/maps/place/KFC+Petronas+Seberang+Jaya+Drive+Thru/data=!4m7!3m6!1s0x304ac5cde7f64da3:0xb1c5cdabfc05d39a!8m2!3d5.3998923!4d100.3996965!16s%2Fg%2F1hc8tdp49!19sChIJo032583FSjARmtMF_KvNxbE?authuser=0&hl=en&rclk=1,KFC Petronas Seberang Jaya Drive Thru,3.9,"(1,110)",Operating
Pulau Pinang,Permatang Pauh,https://www.google.com/maps/place/KFC+Butterworth/data=!4m7!3m6!1s0x304ac41537975b53:0x9fde54d168be5f72!8m2!3d5.4086558!4d100.3707049!16s%2Fg%2F1hc28c6m6!19sChIJU1uXNxXESjARcl--aNFU3p8?authuser=0&hl=en&rclk=1,KFC Butterworth,3.8,(710),Operating
Pulau Pinang,Permatang Pauh,https://www.google.com/maps/place/KFC+Penang+Sentral/data=!4m7!3m6!1s0x304ac52abdb971c3:0x1eb4dd57c4febde4!8m2!3d5.3946869!4d100.3655657!16s%2Fg%2F11h21zff6q!19sChIJw3G5vSrFSjAR5L3-xFfdtB4?authuser=0&hl=en&rclk=1,KFC Penang Sentral,3.3,(370),Operating
Pulau Pinang,Permatang Pauh,https://www.google.com/maps/place/KFC+Kepala+Batas+2/data=!4m7!3m6!1s0x304ada7cef0b14d5:0xcf43702d4f22d874!8m2!3d5.5151267!4d100.4303173!16s%2Fg%2F1hc0x3hxj!19sChIJ1RQL73zaSjARdNgiTy1wQ88?authuser=0&hl=en&rclk=1,KFC Kepala Batas 2,3.9,(859),Operating
Pulau Pinang,Permatang Pauh,https://www.google.com/maps/place/KFC+Sungai+Dua/data=!4m7!3m6!1s0x304ac1abc7c6820f:0xc06ce5b9f5d06c94!8m2!3d5.3524124!4d100.3014272!16s%2Fg%2F1hc9wfjx7!19sChIJD4LGx6vBSjARlGzQ9bnlbMA?authuser=0&hl=en&rclk=1,KFC Sungai Dua,3.7,"(1,663)",Operating
Pulau Pinang,Bukit Mertajam,https://www.google.com/maps/place/KFC+Lotus%27s+Bukit+Mertajam/data=!4m7!3m6!1s0x304ac831b4fc7dcf:0xd550d67d54195d3!8m2!3d5.3158111!4d100.4766295!16s%2Fg%2F1hc86bmq2!19sChIJz338tDHISjAR05VB1WcNVQ0?authuser=0&hl=en&rclk=1,KFC Lotus's Bukit Mertajam,3.1,(285),Operating
Pulau Pinang,Bukit Mertajam,https://www.google.com/maps/place/KFC+Alma+Bukit+Mertajam/data=!4m7!3m6!1s0x304ac84c3f11d759:0xa29bb4055d69fb69!8m2!3d5.3314309!4d100.48015!16s%2Fg%2F1hc0yh4dl!19sChIJWdcRP0zISjARaftpXQW0m6I?authuser=0&hl=en&rclk=1,KFC Alma Bukit Mertajam,3.5,(374),Operating
Pulau Pinang,Bukit Mertajam,https://www.google.com/maps/place/KFC+Taman+Bukit+Minyak/data=!4m7!3m6!1s0x304ac873a7892df3:0x8e98cfcac7e8ef7f!8m2!3d5.32824!4d100.4472762!16s%2Fg%2F1hc458cpd!19sChIJ8y2Jp3PISjARf-_ox8rPmI4?authuser=0&hl=en&rclk=1,KFC Taman Bukit Minyak,3.5,(581),Operating
Pulau Pinang,Bukit Mertajam,https://www.google.com/maps/place/KFC+Bukit+Mertajam+DT/data=!4m7!3m6!1s0x304ac88b6549420b:0x37bcef95b8e58f07!8m2!3d5.3506255!4d100.4602026!16s%2Fg%2F11b6glyvv_!19sChIJC0JJZYvISjARB4_luJXvvDc?authuser=0&hl=en&rclk=1,KFC Bukit Mertajam DT,3.2,"(1,054)",Operating
Pulau Pinang,Bukit Mertajam,https://www.google.com/maps/place/KFC+Juru+Auto+City/data=!4m7!3m6!1s0x304ac7d03dd55e81:0xa3193b5f2b6e06df!8m2!3d5.3374026!4d100.4295305!16s%2Fg%2F11c2y59b3d!19sChIJgV7VPdDHSjAR3wZuK187GaM?authuser=0&hl=en&rclk=1,KFC Juru Auto City,3.6,"(1,075)",Operating
Pulau Pinang,Bukit Mertajam,https://www.google.com/maps/place/KFC+Jalan+Baru+DT/data=!4m7!3m6!1s0x304ac67cae4c8e03:0x1703db2fd356e7e0!8m2!3d5.3688882!4d100.4181911!16s%2Fg%2F1hc5l85wj!19sChIJA45MrnzGSjAR4OdW0y_bAxc?authuser=0&hl=en&rclk=1,KFC Jalan Baru DT,3.6,"(1,847)",Operating
Pulau Pinang,Bukit Mertajam,https://www.google.com/maps/place/KFC+RSA+Setia+Sentral+Juru+Drive+Thru/data=!4m7!3m6!1s0x304ac6364a7fea79:0x76a458b4cac89f1c!8m2!3d5.3546731!4d100.4183961!16s%2Fg%2F11c76p3751!19sChIJeep_SjbGSjARHJ_IyrRYpHY?authuser=0&hl=en&rclk=1,KFC RSA Setia Sentral Juru Drive Thru,3.9,(799),Operating
Pulau Pinang,Bukit Mertajam,https://www.google.com/maps/place/KFC+Simpang+Ampat/data=!4m7!3m6!1s0x304ab7b6cbfffcf3:0xc2bfc0bed8434c8f!8m2!3d5.278745!4d100.4772206!16s%2Fg%2F11bvcvn1dc!19sChIJ8_z_y7a3SjARj0xD2L7Av8I?authuser=0&hl=en&rclk=1,KFC Simpang Ampat,3.7,(945),Operating
Pulau Pinang,Bukit Mertajam,https://www.google.com/maps/place/KFC+Padang+Lallang/data=!4m7!3m6!1s0x304ac89f3c629323:0x7c7b8fab288ad5ef!8m2!3d5.3650466!4d100.4451434!16s%2Fg%2F1hc0yyt4g!19sChIJI5NiPJ_ISjAR79WKKKuPe3w?authuser=0&hl=en&rclk=1,KFC Padang Lallang,3.9,(457),Operating
Pulau Pinang,Bukit Mertajam,https://www.google.com/maps/place/KFC+Sunway+Wellesley/data=!4m7!3m6!1s0x304ac8be7bb76fa1:0x71ef3810cbc9681!8m2!3d5.3688704!4d100.4569939!16s%2Fg%2F11fxd_2t17!19sChIJoW-3e77ISjARgZa8DIHzHgc?authuser=0&hl=en&rclk=1,KFC Sunway Wellesley,3.8,(651),Operating
Pulau Pinang,Batu Kawan,https://www.google.com/maps/place/KFC+Design+Village+Batu+Kawan/data=!4m7!3m6!1s0x304ab9df61300b01:0xcdd7bc29a41c2e6f!8m2!3d5.2443726!4d100.437417!16s%2Fg%2F11f122t3lw!19sChIJAQswYd-5SjARby4cpCm8180?authuser=0&hl=en&rclk=1,KFC Design Village Batu Kawan,3.6,(706),Operating
Pulau Pinang,Batu Kawan,https://www.google.com/maps/place/KFC+Batu+Kawan+DT/data=!4m7!3m6!1s0x304ab750b96c88f5:0xb07e56305402df4f!8m2!3d5.2350533!4d100.4419889!16s%2Fg%2F11q4c72qk8!19sChIJ9YhsuVC3SjART98CVDBWfrA?authuser=0&hl=en&rclk=1,KFC Batu Kawan DT,2.8,(253),Operating
Pulau Pinang,Nibong Tebal,"https://www.google.com/maps/search/KFC+near+Nibong Tebal,+Pulau Pinang",KFC Nibong Tebal,3.6,(932),Operating
Pulau Pinang,Bukit Bendera,https://www.google.com/maps/place/KFC+Bandar+Baru+Farlim/data=!4m7!3m6!1s0x304ac2201a0e6625:0x7eb03b165d3f932!8m2!3d5.3912016!4d100.2830882!16s%2Fg%2F1hc2hk9vs!19sChIJJWYOGiDCSjARMvnTZbED6wc?authuser=0&hl=en&rclk=1,KFC Bandar Baru Farlim,3.8,(955),Operating
Pulau Pinang,Bukit Bendera,https://www.google.com/maps/place/KFC+Bukit+Mertajam+DT/data=!4m7!3m6!1s0x304ac88b6549420b:0x37bcef95b8e58f07!8m2!3d5.3506255!4d100.4602026!16s%2Fg%2F11b6glyvv_!19sChIJC0JJZYvISjARB4_luJXvvDc?authuser=0&hl=en&rclk=1,KFC Bukit Mertajam DT,3.2,"(1,054)",Operating
Pulau Pinang,Bukit Bendera,https://www.google.com/maps/place/KFC+Jalan+Baru+DT/data=!4m7!3m6!1s0x304ac67cae4c8e03:0x1703db2fd356e7e0!8m2!3d5.3688882!4d100.4181911!16s%2Fg%2F1hc5l85wj!19sChIJA45MrnzGSjAR4OdW0y_bAxc?authuser=0&hl=en&rclk=1,KFC Jalan Baru DT,3.6,"(1,847)",Operating
Pulau Pinang,Bukit Bendera,https://www.google.com/maps/place/KFC+Giant+Bayan+Baru/data=!4m7!3m6!1s0x304ac06d1d9b6587:0xfc0ea7ca127cd1b0!8m2!3d5.3211705!4d100.283679!16s%2Fg%2F1hc2llc9s!19sChIJh2WbHW3ASjARsNF8EsqnDvw?authuser=0&hl=en&rclk=1,KFC Giant Bayan Baru,3.5,(419),Operating
Pulau Pinang,Bukit Bendera,https://www.google.com/maps/place/KFC+Penang+Sentral/data=!4m7!3m6!1s0x304ac52abdb971c3:0x1eb4dd57c4febde4!8m2!3d5.3946869!4d100.3655657!16s%2Fg%2F11h21zff6q!19sChIJw3G5vSrFSjAR5L3-xFfdtB4?authuser=0&hl=en&rclk=1,KFC Penang Sentral,3.3,(370),Operating
Pulau Pinang,Bukit Bendera,https://www.google.com/maps/place/KFC+Gurney+Plaza/data=!4m7!3m6!1s0x304ac3b3a2a16105:0x9decd35d32c1e97f!8m2!3d5.437137!4d100.3092735!16s%2Fg%2F11tg6d7l96!19sChIJBWGhorPDSjARf-nBMl3T7J0?authuser=0&hl=en&rclk=1,KFC Gurney Plaza,2.7,(115),Operating
Pulau Pinang,Bukit Bendera,https://www.google.com/maps/place/KFC+Bayan+Baru/data=!4m7!3m6!1s0x304ac06a48346029:0x810d8ac36453c95!8m2!3d5.326563!4d100.2866728!16s%2Fg%2F1tfwsl10!19sChIJKWA0SGrASjARlTxFNqzYEAg?authuser=0&hl=en&rclk=1,KFC Bayan Baru,3.7,"(1,923)",Operating
Pulau Pinang,Bukit Bendera,https://www.google.com/maps/place/KFC+Midlands/data=!4m7!3m6!1s0x304ac30045615283:0x1e50a35f60f7f6c3!8m2!3d5.4330641!4d100.3062675!16s%2Fg%2F1hc47j_yq!19sChIJg1JhRQDDSjARw_b3YF-jUB4?authuser=0&hl=en&rclk=1,KFC Midlands,3.7,(469),Operating
Pulau Pinang,Bukit Bendera,https://www.google.com/maps/place/KFC+Inderawasih/data=!4m7!3m6!1s0x304ac6828ac15395:0x6bf210498523f067!8m2!3d5.3870687!4d100.3860035!16s%2Fg%2F1hc2gmqlh!19sChIJlVPBioLGSjARZ_AjhUkQ8ms?authuser=0&hl=en&rclk=1,KFC Inderawasih,3.6,(581),Operating
Pulau Pinang,Bukit Bendera,https://www.google.com/maps/place/KFC+Komtar/data=!4m7!3m6!1s0x304ac3969bcbbd6f:0x5060789ba7dc437b!8m2!3d5.4144237!4d100.3299082!16s%2Fg%2F11c67rwmhw!19sChIJb73Lm5bDSjARe0Pcp5t4YFA?authuser=0&hl=en&rclk=1,KFC Komtar,3.8,(720),Operating
Pulau Pinang,Bukit Bendera,https://www.google.com/maps/place/KFC+Bukit+Jambul/data=!4m7!3m6!1s0x304ac0447cb46b23:0x59a748bb79a27fe!8m2!3d5.333558!4d100.2913328!16s%2Fg%2F1hc4b9665!19sChIJI2u0fETASjAR_ieat4t0mgU?authuser=0&hl=en&rclk=1,KFC Bukit Jambul,3.5,(341),Operating
Pulau Pinang,Bukit Bendera,https://www.google.com/maps/place/KFC+Kepala+Batas+2/data=!4m7!3m6!1s0x304ada7cef0b14d5:0xcf43702d4f22d874!8m2!3d5.5151267!4d100.4303173!16s%2Fg%2F1hc0x3hxj!19sChIJ1RQL73zaSjARdNgiTy1wQ88?authuser=0&hl=en&rclk=1,KFC Kepala Batas 2,3.9,(859),Operating
Pulau Pinang,Bukit Bendera,https://www.google.com/maps/place/KFC+Butterworth/data=!4m7!3m6!1s0x304ac41537975b53:0x9fde54d168be5f72!8m2!3d5.4086558!4d100.3707049!16s%2Fg%2F1hc28c6m6!19sChIJU1uXNxXESjARcl--aNFU3p8?authuser=0&hl=en&rclk=1,KFC Butterworth,3.8,(710),Operating
Pulau Pinang,Bukit Bendera,https://www.google.com/maps/place/KFC+Teluk+Kumbar/data=!4m7!3m6!1s0x304a955d30803cd5:0x24fad5dcb151e04d!8m2!3d5.2894593!4d100.2494464!16s%2Fg%2F11f0wp4dfd!19sChIJ1TyAMF2VSjARTeBRsdzV-iQ?authuser=0&hl=en&rclk=1,KFC Teluk Kumbar,3.5,(574),Operating
Pulau Pinang,Bukit Bendera,https://www.google.com/maps/place/KFC+Queensbay+Mall/data=!4m7!3m6!1s0x304ac0f66965fe19:0x4a2890e5f7bfa735!8m2!3d5.3345928!4d100.3063389!16s%2Fg%2F1hc28v51_!19sChIJGf5lafbASjARNae_9-WQKEo?authuser=0&hl=en&rclk=1,KFC Queensbay Mall,3.6,(310),Operating
Pulau Pinang,Bukit Bendera,https://www.google.com/maps/place/KFC+Sungai+Dua/data=!4m7!3m6!1s0x304ac1abc7c6820f:0xc06ce5b9f5d06c94!8m2!3d5.3524124!4d100.3014272!16s%2Fg%2F1hc9wfjx7!19sChIJD4LGx6vBSjARlGzQ9bnlbMA?authuser=0&hl=en&rclk=1,KFC Sungai Dua,3.7,"(1,663)",Operating
Pulau Pinang,Bukit Bendera,https://www.google.com/maps/place/KFC+Bagan+Ajam+DT/data=!4m7!3m6!1s0x304ac5d7154e3f33:0x251e11254a056b67!8m2!3d5.4400821!4d100.3824911!16s%2Fg%2F11h8khdhr7!19sChIJMz9OFdfFSjARZ2sFSiURHiU?authuser=0&hl=en&rclk=1,KFC Bagan Ajam DT,3.2,(522),Operating
Pulau Pinang,Bukit Bendera,https://www.google.com/maps/place/Marrybrown+Penang+Hill/data=!4m7!3m6!1s0x304ac3199c4a31f7:0x6e73989c196c7580!8m2!3d5.4082073!4d100.2774665!16s%2Fg%2F11s4916cwb!19sChIJ9zFKnBnDSjARgHVsGZyYc24?authuser=0&hl=en&rclk=1,Marrybrown Penang Hill,4.1,(316),Operating
Pulau Pinang,Tanjong,https://www.google.com/maps/place/KFC+Tanjong+Tokong/data=!4m7!3m6!1s0x304ac31fd20a3a51:0x63650f0f554b0628!8m2!3d5.4495008!4d100.3056787!16s%2Fg%2F11clyt0zw_!19sChIJUToK0h_DSjARKAZLVQ8PZWM?authuser=0&hl=en&rclk=1,KFC Tanjong Tokong,3.6,(855),Operating
Pulau Pinang,Tanjong,https://www.google.com/maps/place/KFC+Lotus%27s+Tanjung+Pinang/data=!4m7!3m6!1s0x304ac31fc2371bcf:0x729575548398ca16!8m2!3d5.4588643!4d100.3081987!16s%2Fg%2F1hc3_9n57!19sChIJzxs3wh_DSjARFsqYg1R1lXI?authuser=0&hl=en&rclk=1,KFC Lotus's Tanjung Pinang,2.9,(186),Operating
Pulau Pinang,Jelutong,https://www.google.com/maps/place/KFC+Shell+Jelutong+DT/data=!4m7!3m6!1s0x304ac3002974d3f7:0xe1dc537e0b05bb33!8m2!3d5.394894!4d100.3231749!16s%2Fg%2F11ltpg2gbq!19sChIJ99N0KQDDSjARM7sFC35T3OE?authuser=0&hl=en&rclk=1,KFC Shell Jelutong DT,2.4,(44),Operating
Pulau Pinang,Jelutong,https://www.google.com/maps/place/KFC+Juru+Auto+City/data=!4m7!3m6!1s0x304ac7d03dd55e81:0xa3193b5f2b6e06df!8m2!3d5.3374026!4d100.4295305!16s%2Fg%2F11c2y59b3d!19sChIJgV7VPdDHSjAR3wZuK187GaM?authuser=0&hl=en&rclk=1,KFC Juru Auto City,3.6,"(1,075)",Operating
Pulau Pinang,Jelutong,https://www.google.com/maps/place/KFC+Jelutong/data=!4m7!3m6!1s0x304ac30015c70763:0xc5263ce0a3829b67!8m2!3d5.3946111!4d100.3233343!16s%2Fg%2F11ydr6mj5w!19sChIJYwfHFQDDSjARZ5uCo-A8JsU?authuser=0&hl=en&rclk=1,KFC Jelutong,0,0,No status
Pulau Pinang,Jelutong,https://www.google.com/maps/place/KFC+Jelutong/data=!4m7!3m6!1s0x304ac3d0a02ede65:0x779ba17ebf10f99d!8m2!3d5.3962826!4d100.3158286!16s%2Fg%2F1hc1grtz_!19sChIJZd4uoNDDSjARnfkQv36hm3c?authuser=0&hl=en&rclk=1,KFC Jelutong,3.6,(762),Operating
Pulau Pinang,Jelutong,https://www.google.com/maps/place/KFC+Lotus%27s+Jelutong/data=!4m7!3m6!1s0x304ac1703e199911:0x7072e9db8ed5b935!8m2!3d5.3777342!4d100.3148662!16s%2Fg%2F1hc16ywwq!19sChIJEZkZPnDBSjARNbnVjtvpcnA?authuser=0&hl=en&rclk=1,KFC Lotus's Jelutong,3.7,(472),Operating
Pulau Pinang,Jelutong,https://www.google.com/maps/place/KFC+Batu+Lanchang/data=!4m7!3m6!1s0x304ac17fe570d305:0x335f4e5011efc1f8!8m2!3d5.3887295!4d100.3059184!16s%2Fg%2F1hc1n795g!19sChIJBdNw5X_BSjAR-MHvEVBOXzM?authuser=0&hl=en&rclk=1,KFC Batu Lanchang,3.7,(926),Operating
Pulau Pinang,Jelutong,https://www.google.com/maps/place/KFC+Greenlane+DT/data=!4m7!3m6!1s0x304ac2349d419a75:0xc4a4d492f86c983b!8m2!3d5.4051736!4d100.3030509!16s%2Fg%2F11b7w76hpt!19sChIJdZpBnTTCSjARO5hs-JLUpMQ?authuser=0&hl=en&rclk=1,KFC Greenlane DT,3.7,"(2,077)",Operating
Pulau Pinang,Bukit Gelugor,"https://www.google.com/maps/search/KFC+near+Bukit Gelugor,+Pulau Pinang",KFC Sungai Dua,3.7,"(1,663)",Operating
Pulau Pinang,Bayan Baru,https://www.google.com/maps/place/KFC+Giant+Bayan+Baru/data=!4m7!3m6!1s0x304ac06d1d9b6587:0xfc0ea7ca127cd1b0!8m2!3d5.3211705!4d100.283679!16s%2Fg%2F1hc2llc9s!19sChIJh2WbHW3ASjARsNF8EsqnDvw?authuser=0&hl=en&rclk=1,KFC Giant Bayan Baru,3.5,(419),Operating
Pulau Pinang,Bayan Baru,https://www.google.com/maps/place/KFC+Bayan+Baru/data=!4m7!3m6!1s0x304ac06a48346029:0x810d8ac36453c95!8m2!3d5.326563!4d100.2866728!16s%2Fg%2F1tfwsl10!19sChIJKWA0SGrASjARlTxFNqzYEAg?authuser=0&hl=en&rclk=1,KFC Bayan Baru,3.7,"(1,923)",Operating
Pulau Pinang,Bayan Baru,https://www.google.com/maps/place/KFC+Queensbay+Mall/data=!4m7!3m6!1s0x304ac0f66965fe19:0x4a2890e5f7bfa735!8m2!3d5.3345928!4d100.3063389!16s%2Fg%2F1hc28v51_!19sChIJGf5lafbASjARNae_9-WQKEo?authuser=0&hl=en&rclk=1,KFC Queensbay Mall,3.6,(310),Operating
Pulau Pinang,Bayan Baru,https://www.google.com/maps/place/KFC+Desa+Ria+Sungai+Ara+Penang/data=!4m7!3m6!1s0x304ac01abf4296db:0x467f4a13e5da7246!8m2!3d5.3193247!4d100.2698815!16s%2Fg%2F1thj7bn5!19sChIJ25ZCvxrASjARRnLa5RNKf0Y?authuser=0&hl=en&rclk=1,KFC Desa Ria Sungai Ara Penang,3.5,(853),Operating
Pulau Pinang,Balik Pulau,https://www.google.com/maps/place/KFC+Juru+Auto+City/data=!4m7!3m6!1s0x304ac7d03dd55e81:0xa3193b5f2b6e06df!8m2!3d5.3374026!4d100.4295305!16s%2Fg%2F11c2y59b3d!19sChIJgV7VPdDHSjAR3wZuK187GaM?authuser=0&hl=en&rclk=1,KFC Juru Auto City,3.6,"(1,075)",Operating
Pulau Pinang,Balik Pulau,https://www.google.com/maps/place/KFC+Balik+Pulau/data=!4m7!3m6!1s0x304aea8611c5f861:0xfe78c191532d5e23!8m2!3d5.3512977!4d100.2380757!16s%2Fg%2F1hc1l_ygb!19sChIJYfjFEYbqSjARI14tU5HBeP4?authuser=0&hl=en&rclk=1,KFC Balik Pulau,4.0,(799),Operating
Pulau Pinang,Balik Pulau,https://www.google.com/maps/place/KFC+Design+Village+Batu+Kawan/data=!4m7!3m6!1s0x304ab9df61300b01:0xcdd7bc29a41c2e6f!8m2!3d5.2443726!4d100.437417!16s%2Fg%2F11f122t3lw!19sChIJAQswYd-5SjARby4cpCm8180?authuser=0&hl=en&rclk=1,KFC Design Village Batu Kawan,3.6,(706),Operating
Pulau Pinang,Balik Pulau,https://www.google.com/maps/place/KFC+Sungai+Bakap/data=!4m7!3m6!1s0x304ab6d1aa536863:0xcd53bebf047cb91a!8m2!3d5.2300717!4d100.4929029!16s%2Fg%2F1hc5jxkdc!19sChIJY2hTqtG2SjARGrl8BL--U80?authuser=0&hl=en&rclk=1,KFC Sungai Bakap,3.8,(901),Operating
Pulau Pinang,Balik Pulau,https://www.google.com/maps/place/KFC+Balik+Pulau+Drive+Thru/data=!4m7!3m6!1s0x304aebcded1c99fd:0xb0f730b0f323632c!8m2!3d5.3696239!4d100.2169363!16s%2Fg%2F11j22s8mlc!19sChIJ_Zkc7c3rSjARLGMj87Aw97A?authuser=0&hl=en&rclk=1,KFC Balik Pulau Drive Thru,3.6,(357),Operating
Sabah,Kudat,https://www.google.com/maps/place/KFC+Telupid/data=!4m7!3m6!1s0x323c022ec699195d:0x8ff85e0beff4648d!8m2!3d5.6260602!4d117.1339937!16s%2Fg%2F11c1s2xkgx!19sChIJXRmZxi4CPDIRjWT07wte-I8?authuser=0&hl=en&rclk=1,KFC Telupid,3.8,(461),Operating
Sabah,Kudat,https://www.google.com/maps/place/KFC+Kudat/data=!4m7!3m6!1s0x323a0b86d7f073a7:0xe89a4ad87a5f7124!8m2!3d6.8794674!4d116.8502004!16s%2Fg%2F1thcpwc5!19sChIJp3Pw14YLOjIRJHFfethKmug?authuser=0&hl=en&rclk=1,KFC Kudat,4.0,(805),Operating
Sabah,Kota Marudu,https://www.google.com/maps/place/KFC+Kota+Marudu/data=!4m7!3m6!1s0x323a4890ba370aff:0x892cfa4dba7d589b!8m2!3d6.494879!4d116.7685787!16s%2Fg%2F1hc0r_dcs!19sChIJ_wo3upBIOjIRm1h9uk36LIk?authuser=0&hl=en&rclk=1,KFC Kota Marudu,4.2,(862),Operating
Sabah,Kota Marudu,https://www.google.com/maps/place/KFC+Langkon/data=!4m7!3m6!1s0x323a47ecc491900b:0x72e55dedb6590788!8m2!3d6.5353851!4d116.7088443!16s%2Fg%2F11t7_6ygfl!19sChIJC5CRxOxHOjIRiAdZtu1d5XI?authuser=0&hl=en&rclk=1,KFC Langkon,4.2,(70),Operating
Sabah,Kota Belud,https://www.google.com/maps/place/KFC+Telupid/data=!4m7!3m6!1s0x323c022ec699195d:0x8ff85e0beff4648d!8m2!3d5.6260602!4d117.1339937!16s%2Fg%2F11c1s2xkgx!19sChIJXRmZxi4CPDIRjWT07wte-I8?authuser=0&hl=en&rclk=1,KFC Telupid,3.8,(461),Operating
Sabah,Kota Belud,https://www.google.com/maps/place/KFC+Kota+Belud/data=!4m7!3m6!1s0x323baaad9c9350ff:0xe63b433babe2781c!8m2!3d6.3552094!4d116.4299819!16s%2Fg%2F1hc45lg_d!19sChIJ_1CTnK2qOzIRHHjiqztDO-Y?authuser=0&hl=en&rclk=1,KFC Kota Belud,4.3,(653),Operating
Sabah,Tuaran,https://www.google.com/maps/place/KFC+RUGADING/data=!4m7!3m6!1s0x323b13422736781f:0x5fa9b210e935f43a!8m2!3d6.1134782!4d116.2037223!16s%2Fg%2F11v3hchw04!19sChIJH3g2J0ITOzIROvQ16RCyqV8?authuser=0&hl=en&rclk=1,KFC RUGADING,3.0,(26),Operating
Sabah,Tuaran,https://www.google.com/maps/place/KFC+Tuaran/data=!4m7!3m6!1s0x323b0fd51ec4e413:0x265521d8bc53e9ee!8m2!3d6.1768519!4d116.2326943!16s%2Fg%2F1hc45lg_8!19sChIJE-TEHtUPOzIR7ulTvNghVSY?authuser=0&hl=en&rclk=1,KFC Tuaran,4.2,"(1,244)",Operating
Sabah,Tuaran,"https://www.google.com/maps/place/KFC+Plaza+CKS+Tuaran+branch,+Sabah./data=!4m7!3m6!1s0x323b117b6e423275:0xaecce00553e27df8!8m2!3d6.1879731!4d116.2274994!16s%2Fg%2F11gycz991t!19sChIJdTJCbnsROzIR-H3iUwXgzK4?authuser=0&hl=en&rclk=1","KFC Plaza CKS Tuaran branch, Sabah.",4.2,(481),Operating
Sabah,Sepanggar,https://www.google.com/maps/place/KFC+Sepanggar/data=!4m7!3m6!1s0x323b6cb6c6549c3b:0xeae868ed2d5cf141!8m2!3d6.0615296!4d116.1499991!16s%2Fg%2F1hc1bs8y8!19sChIJO5xUxrZsOzIRQfFcLe1o6Oo?authuser=0&hl=en&rclk=1,KFC Sepanggar,4.1,"(1,332)",Operating
Sabah,Sepanggar,https://www.google.com/maps/place/KFC+Sulaman+Drive+Thru/data=!4m7!3m6!1s0x323b6c9bc0a12ff5:0xd23486e1e0d2f879!8m2!3d6.0390064!4d116.1435125!16s%2Fg%2F11b7c4wwtd!19sChIJ9S-hwJtsOzIRefjS4OGGNNI?authuser=0&hl=en&rclk=1,KFC Sulaman Drive Thru,4.2,"(2,084)",Operating
Sabah,Kota Kinabalu,https://www.google.com/maps/place/KFC+Telupid/data=!4m7!3m6!1s0x323c022ec699195d:0x8ff85e0beff4648d!8m2!3d5.6260602!4d117.1339937!16s%2Fg%2F11c1s2xkgx!19sChIJXRmZxi4CPDIRjWT07wte-I8?authuser=0&hl=en&rclk=1,KFC Telupid,3.8,(461),Operating
Sabah,Kota Kinabalu,"https://www.google.com/maps/place/KFC+Taipan,+Inanam/data=!4m7!3m6!1s0x323b6c0756f499e5:0x9ca26efe70575644!8m2!3d5.9936136!4d116.1380393!16s%2Fg%2F1hc16zjdm!19sChIJ5Zn0VgdsOzIRRFZXcP5uopw?authuser=0&hl=en&rclk=1","KFC Taipan, Inanam",4.3,"(1,120)",Operating
Sabah,Kota Kinabalu,https://www.google.com/maps/place/KFC+KK+Times+Square/data=!4m7!3m6!1s0x323b69bf9c0a796d:0x9a923dffe9e6b562!8m2!3d5.9697785!4d116.0662555!16s%2Fg%2F11bwzz2nvg!19sChIJbXkKnL9pOzIRYrXm6f89kpo?authuser=0&hl=en&rclk=1,KFC KK Times Square,3.5,(91),Operating
Sabah,Kota Kinabalu,https://www.google.com/maps/place/KFC+Wawasan+Plaza/data=!4m7!3m6!1s0x323b6995a723f709:0x5b093a780bb45061!8m2!3d5.9734868!4d116.068024!16s%2Fg%2F11c6805rp6!19sChIJCfcjp5VpOzIRYVC0C3g6CVs?authuser=0&hl=en&rclk=1,KFC Wawasan Plaza,4.2,(291),Operating
Sabah,Kota Kinabalu,https://www.google.com/maps/place/KFC+Tanjung+Aru/data=!4m7!3m6!1s0x323b6832d1b256a3:0x4d108c57c0f78288!8m2!3d5.9528053!4d116.0556107!16s%2Fg%2F1hc2bjjd9!19sChIJo1ay0TJoOzIRiIL3wFeMEE0?authuser=0&hl=en&rclk=1,KFC Tanjung Aru,4.5,(969),Operating
Sabah,Kota Kinabalu,https://www.google.com/maps/place/KFC+Shell+KKIP+Telipok+Drive-thru/data=!4m7!3m6!1s0x323b133bf3d4de7f:0x835cfae7206b1df9!8m2!3d6.1134793!4d116.203722!16s%2Fg%2F11x00y1c8c!19sChIJf97U8zsTOzIR-R1rIOf6XIM?authuser=0&hl=en&rclk=1,KFC Shell KKIP Telipok Drive-thru,4.8,(36),Operating
Sabah,Kota Kinabalu,https://www.google.com/maps/place/KFC+Bandar+Sierra/data=!4m7!3m6!1s0x323b132ab5994931:0xec3e74655a3081a9!8m2!3d6.0625097!4d116.1818144!16s%2Fg%2F11g98t1ybk!19sChIJMUmZtSoTOzIRqYEwWmV0Puw?authuser=0&hl=en&rclk=1,KFC Bandar Sierra,4.3,"(1,095)",Operating
Sabah,Kota Kinabalu,https://www.google.com/maps/place/KFC+Sulaman+Drive+Thru/data=!4m7!3m6!1s0x323b6c9bc0a12ff5:0xd23486e1e0d2f879!8m2!3d6.0390064!4d116.1435125!16s%2Fg%2F11b7c4wwtd!19sChIJ9S-hwJtsOzIRefjS4OGGNNI?authuser=0&hl=en&rclk=1,KFC Sulaman Drive Thru,4.2,"(2,084)",Operating
Sabah,Kota Kinabalu,https://www.google.com/maps/place/KFC+Bandaran+KK+Utara+DT+%28Tuaran+Bypass%29/data=!4m7!3m6!1s0x323b6c7dc7f3e683:0x3069284843d71891!8m2!3d6.0244012!4d116.1433994!16s%2Fg%2F11b8z84z0t!19sChIJg-bzx31sOzIRkRjXQ0goaTA?authuser=0&hl=en&rclk=1,KFC Bandaran KK Utara DT (Tuaran Bypass),4.3,"(2,233)",Operating
Sabah,Kota Kinabalu,https://www.google.com/maps/place/KFC+Sepanggar/data=!4m7!3m6!1s0x323b6cb6c6549c3b:0xeae868ed2d5cf141!8m2!3d6.0615296!4d116.1499991!16s%2Fg%2F1hc1bs8y8!19sChIJO5xUxrZsOzIRQfFcLe1o6Oo?authuser=0&hl=en&rclk=1,KFC Sepanggar,4.1,"(1,332)",Operating
Sabah,Kota Kinabalu,https://www.google.com/maps/place/KFC+KKIA+%28T1%29/data=!4m7!3m6!1s0x323b6805231d9a25:0x186ddc4745db8ddf!8m2!3d5.9243739!4d116.0503624!16s%2Fg%2F11c3tx3fjf!19sChIJJZodIwVoOzIR343bRUfcbRg?authuser=0&hl=en&rclk=1,KFC KKIA (T1),3.3,(176),Operating
Sabah,Kota Kinabalu,https://www.google.com/maps/place/KFC+Grand+Millenium/data=!4m7!3m6!1s0x323b686f563d1e2f:0x9c305b5bf36c44cd!8m2!3d5.927706!4d116.0767325!16s%2Fg%2F11bwqqcmf0!19sChIJLx49Vm9oOzIRzURs81tbMJw?authuser=0&hl=en&rclk=1,KFC Grand Millenium,4.1,(603),Operating
Sabah,Kota Kinabalu,https://www.google.com/maps/place/KFC+Waterfront/data=!4m7!3m6!1s0x323b698f6dbd7c13:0x6a4e83aadd0f1a86!8m2!3d5.9841587!4d116.0755831!16s%2Fg%2F1hc37tdyf!19sChIJE3y9bY9pOzIRhhoP3aqDTmo?authuser=0&hl=en&rclk=1,KFC Waterfront,4.0,(358),Operating
Sabah,Kota Kinabalu,https://www.google.com/maps/place/KFC+Wisma+Merdeka/data=!4m7!3m6!1s0x323b698f4f93d60b:0x9d3ecfbf4333beaf!8m2!3d5.9860267!4d116.0754272!16s%2Fg%2F11bwl85nd1!19sChIJC9aTT49pOzIRr74zQ7_PPp0?authuser=0&hl=en&rclk=1,KFC Wisma Merdeka,4.2,(105),Operating
Sabah,Kota Kinabalu,https://www.google.com/maps/place/KFC+Suria+Sabah/data=!4m7!3m6!1s0x323b698626a0c29b:0xfb8db3e54d461a00!8m2!3d5.9880064!4d116.0776549!16s%2Fg%2F11c2y5m9_b!19sChIJm8KgJoZpOzIRABpGTeWzjfs?authuser=0&hl=en&rclk=1,KFC Suria Sabah,3.9,(263),Operating
Sabah,Kota Kinabalu,https://www.google.com/maps/place/KFC+Pavilion+Bundusan/data=!4m7!3m6!1s0x323b688b8b771fcb:0xfa47f3f5fadfb41d!8m2!3d5.9286531!4d116.0942802!16s%2Fg%2F11bwzz15lr!19sChIJyx93i4toOzIRHbTf-vXzR_o?authuser=0&hl=en&rclk=1,KFC Pavilion Bundusan,4.2,"(1,296)",Operating
Sabah,Kota Kinabalu,https://www.google.com/maps/place/KFC+Bandaran+Berjaya/data=!4m7!3m6!1s0x323b69909777a9e3:0xab2ebe5384c5f455!8m2!3d5.9776169!4d116.0759919!16s%2Fg%2F1hc19v_dj!19sChIJ46l3l5BpOzIRVfTFhFO-Lqs?authuser=0&hl=en&rclk=1,KFC Bandaran Berjaya,4.2,"(1,110)",Operating
Sabah,Kota Kinabalu,https://www.google.com/maps/place/KFC+Bornion+Centre/data=!4m7!3m6!1s0x323b69a87cf51c15:0x311672cd6ad36030!8m2!3d5.9575671!4d116.0866868!16s%2Fg%2F1hc4wjppr!19sChIJFRz1fKhpOzIRMGDTas1yFjE?authuser=0&hl=en&rclk=1,KFC Bornion Centre,4.1,(577),Operating
Sabah,Kota Kinabalu,https://www.google.com/maps/place/KFC+Emart+Lintas+Jaya/data=!4m7!3m6!1s0x323b686a3b0e1a85:0x65e3b431127f48b5!8m2!3d5.9314601!4d116.0701905!16s%2Fg%2F11cjv1ypg3!19sChIJhRoOO2poOzIRtUh_EjG042U?authuser=0&hl=en&rclk=1,KFC Emart Lintas Jaya,4.0,(339),Operating
Sabah,Kota Kinabalu,https://www.google.com/maps/place/KFC+City+Mall/data=!4m7!3m6!1s0x323b690f6e49f8a5:0x5978b18f7a95ea0c!8m2!3d5.9611821!4d116.0970348!16s%2Fg%2F1tyct53p!19sChIJpfhJbg9pOzIRDOqVeo-xeFk?authuser=0&hl=en&rclk=1,KFC City Mall,4.1,(316),Operating
Sabah,Kota Kinabalu,https://www.google.com/maps/place/KFC+Centre+Point/data=!4m7!3m6!1s0x323b69916b9952eb:0x7f62679a92a705dd!8m2!3d5.9786085!4d116.0720565!16s%2Fg%2F11bx1cj90m!19sChIJ61KZa5FpOzIR3QWnkppnYn8?authuser=0&hl=en&rclk=1,KFC Centre Point,4.1,(178),Operating
Sabah,Kota Kinabalu,https://www.google.com/maps/place/KFC+Lido/data=!4m7!3m6!1s0x323b6850bae349bf:0x435c102fec8b565e!8m2!3d5.9430385!4d116.0818873!16s%2Fg%2F1hc14d3sd!19sChIJv0njulBoOzIRXlaL7C8QXEM?authuser=0&hl=en&rclk=1,KFC Lido,4.0,(483),Operating
Sabah,Kota Kinabalu,https://www.google.com/maps/place/KFC+%28Sabah%29+Sdn+Bhd/data=!4m7!3m6!1s0x323b131636cd86dd:0x53dd8511e11afd2c!8m2!3d6.0830782!4d116.1678143!16s%2Fg%2F11ckvlfmx5!19sChIJ3YbNNhYTOzIRLP0a4RGF3VM?authuser=0&hl=en&rclk=1,KFC (Sabah) Sdn Bhd,4.3,(12),No status
Sabah,Kota Kinabalu,https://www.google.com/maps/place/KFC+Suria+Inanam/data=!4m7!3m6!1s0x323b6b234d8a84db:0xbf4d3dc955559171!8m2!3d6.0005197!4d116.1295137!16s%2Fg%2F11h4dk_5w6!19sChIJ24SKTSNrOzIRcZFVVck9Tb8?authuser=0&hl=en&rclk=1,KFC Suria Inanam,4.3,(334),Operating
Sabah,Kota Kinabalu,https://www.google.com/maps/place/KFC+Tuaran/data=!4m7!3m6!1s0x323b0fd51ec4e413:0x265521d8bc53e9ee!8m2!3d6.1768519!4d116.2326943!16s%2Fg%2F1hc45lg_8!19sChIJE-TEHtUPOzIR7ulTvNghVSY?authuser=0&hl=en&rclk=1,KFC Tuaran,4.2,"(1,244)",Operating
Sabah,Kota Kinabalu,https://www.google.com/maps/place/KFC+Kompleks+Karamunsing/data=!4m7!3m6!1s0x323b69bd6bd7cdb5:0xd03fa1b15329041!8m2!3d5.9705259!4d116.0748278!16s%2Fg%2F11bwqq44jd!19sChIJtc3Xa71pOzIRQZAyFRv6Aw0?authuser=0&hl=en&rclk=1,KFC Kompleks Karamunsing,4.1,(450),Operating
Sabah,Kota Kinabalu,https://www.google.com/maps/place/Wisma+KFC+Sabah/data=!4m7!3m6!1s0x323b69bc0a1a56bf:0x1461855349ad39c1!8m2!3d5.9658466!4d116.0717307!16s%2Fg%2F1td15c1w!19sChIJv1YaCrxpOzIRwTmtSVOFYRQ?authuser=0&hl=en&rclk=1,Wisma KFC Sabah,4.0,(46),Operating
Sabah,Kota Kinabalu,https://www.google.com/maps/place/KFC+Plaza+Juta/data=!4m7!3m6!1s0x323b6be0a1a05bf3:0xac2db8917a0d1506!8m2!3d5.992691!4d116.1125087!16s%2Fg%2F1hc17l1g9!19sChIJ81ugoeBrOzIRBhUNepG4Law?authuser=0&hl=en&rclk=1,KFC Plaza Juta,4.1,(545),Operating
Sabah,Kota Kinabalu,https://www.google.com/maps/place/KFC+One+Borneo/data=!4m7!3m6!1s0x323b6b7b454c7ad1:0xe0c94a0d5f0054b1!8m2!3d6.0359721!4d116.1294755!16s%2Fg%2F1hc32m_xr!19sChIJ0XpMRXtrOzIRsVQAXw1KyeA?authuser=0&hl=en&rclk=1,KFC One Borneo,3.8,(151),Operating
Sabah,Kota Kinabalu,https://www.google.com/maps/place/KFC+Putatan+Plaza/data=!4m7!3m6!1s0x323b678cee881b3d:0x4c601177c11dfc8!8m2!3d5.8941972!4d116.0491901!16s%2Fg%2F1hc0tdkpk!19sChIJPRuI7oxnOzIRyN8RfBcBxgQ?authuser=0&hl=en&rclk=1,KFC Putatan Plaza,4.0,"(1,424)",Operating
Sabah,Kota Kinabalu,https://www.google.com/maps/place/KFC+Bataras+Kolombong/data=!4m7!3m6!1s0x323b6bfd2e087931:0x8e15d97fbbb13ca3!8m2!3d5.990193!4d116.124878!16s%2Fg%2F11bwqfw3by!19sChIJMXkILv1rOzIRozyxu3_ZFY4?authuser=0&hl=en&rclk=1,KFC Bataras Kolombong,3.5,(94),Operating
Sabah,Kota Kinabalu,https://www.google.com/maps/place/KFC+Kota+Belud/data=!4m7!3m6!1s0x323baaad9c9350ff:0xe63b433babe2781c!8m2!3d6.3552094!4d116.4299819!16s%2Fg%2F1hc45lg_d!19sChIJ_1CTnK2qOzIRHHjiqztDO-Y?authuser=0&hl=en&rclk=1,KFC Kota Belud,4.3,(653),Operating
Sabah,Putatan,"https://www.google.com/maps/search/KFC+near+Putatan,+Sabah",KFC Putatan Plaza,4.0,"(1,424)",Operating
Sabah,Penampang,https://www.google.com/maps/place/KFC+Donggongon/data=!4m7!3m6!1s0x323b662788dbe7ab:0xb590efa21f10e7f4!8m2!3d5.9122189!4d116.1025149!16s%2Fg%2F1tp_3y9c!19sChIJq-fbiCdmOzIR9OcQH6LvkLU?authuser=0&hl=en&rclk=1,KFC Donggongon,4.1,(667),Operating
Sabah,Penampang,https://www.google.com/maps/place/KFC+Pavilion+Bundusan/data=!4m7!3m6!1s0x323b688b8b771fcb:0xfa47f3f5fadfb41d!8m2!3d5.9286531!4d116.0942802!16s%2Fg%2F11bwzz15lr!19sChIJyx93i4toOzIRHbTf-vXzR_o?authuser=0&hl=en&rclk=1,KFC Pavilion Bundusan,4.2,"(1,296)",Operating
Sabah,Penampang,https://www.google.com/maps/place/KFC+Grand+Millenium/data=!4m7!3m6!1s0x323b686f563d1e2f:0x9c305b5bf36c44cd!8m2!3d5.927706!4d116.0767325!16s%2Fg%2F11bwqqcmf0!19sChIJLx49Vm9oOzIRzURs81tbMJw?authuser=0&hl=en&rclk=1,KFC Grand Millenium,4.1,(603),Operating
Sabah,Papar,https://www.google.com/maps/place/KFC+Papar/data=!4m7!3m6!1s0x323ca7269d8729a9:0x2a4c719a7b2bf087!8m2!3d5.7336409!4d115.9310393!16s%2Fg%2F1hc4r7nwj!19sChIJqSmHnSanPDIRh_Are5pxTCo?authuser=0&hl=en&rclk=1,KFC Papar,4.3,"(1,005)",Operating
Sabah,Papar,https://www.google.com/maps/place/KFC+Kinarut/data=!4m7!3m6!1s0x323b60a847da0781:0xe44a167e88ab7d71!8m2!3d5.8306956!4d116.0428771!16s%2Fg%2F11c30rh6ss!19sChIJgQfaR6hgOzIRcX2riH4WSuQ?authuser=0&hl=en&rclk=1,KFC Kinarut,4.2,"(1,158)",Operating
Sabah,Papar,https://www.google.com/maps/place/KFC+Benoni+Drive+Thru+Papar/data=!4m7!3m6!1s0x323ca7b6fc08f68d:0x5517366a3e0ec47b!8m2!3d5.6997106!4d115.9369357!16s%2Fg%2F11hzlh41yb!19sChIJjfYI_LanPDIRe8QOPmo2F1U?authuser=0&hl=en&rclk=1,KFC Benoni Drive Thru Papar,4.2,"(1,128)",Operating
Sabah,Kimanis,https://www.google.com/maps/place/KFC+Kinarut/data=!4m7!3m6!1s0x323b60a847da0781:0xe44a167e88ab7d71!8m2!3d5.8306956!4d116.0428771!16s%2Fg%2F11c30rh6ss!19sChIJgQfaR6hgOzIRcX2riH4WSuQ?authuser=0&hl=en&rclk=1,KFC Kinarut,4.2,"(1,158)",Operating
Sabah,Kimanis,https://www.google.com/maps/place/KFC+Benoni+Drive+Thru+Papar/data=!4m7!3m6!1s0x323ca7b6fc08f68d:0x5517366a3e0ec47b!8m2!3d5.6997106!4d115.9369357!16s%2Fg%2F11hzlh41yb!19sChIJjfYI_LanPDIRe8QOPmo2F1U?authuser=0&hl=en&rclk=1,KFC Benoni Drive Thru Papar,4.2,"(1,128)",Operating
Sabah,Kimanis,https://www.google.com/maps/place/KFC+Papar/data=!4m7!3m6!1s0x323ca7269d8729a9:0x2a4c719a7b2bf087!8m2!3d5.7336409!4d115.9310393!16s%2Fg%2F1hc4r7nwj!19sChIJqSmHnSanPDIRh_Are5pxTCo?authuser=0&hl=en&rclk=1,KFC Papar,4.3,"(1,005)",Operating
Sabah,Kimanis,https://www.google.com/maps/place/KFC+Keningau/data=!4m7!3m6!1s0x323cef2081d53c59:0xb0f46e94af96181a!8m2!3d5.3364139!4d116.1562666!16s%2Fg%2F11c601zjpj!19sChIJWTzVgSDvPDIRGhiWr5Ru9LA?authuser=0&hl=en&rclk=1,KFC Keningau,4.3,"(1,747)",Operating
Sabah,Kimanis,https://www.google.com/maps/place/KFC+Sepanggar/data=!4m7!3m6!1s0x323b6cb6c6549c3b:0xeae868ed2d5cf141!8m2!3d6.0615296!4d116.1499991!16s%2Fg%2F1hc1bs8y8!19sChIJO5xUxrZsOzIRQfFcLe1o6Oo?authuser=0&hl=en&rclk=1,KFC Sepanggar,4.1,"(1,332)",Operating
Sabah,Kimanis,https://www.google.com/maps/place/KFC+%28Sabah%29+Sdn+Bhd/data=!4m7!3m6!1s0x323b131636cd86dd:0x53dd8511e11afd2c!8m2!3d6.0830782!4d116.1678143!16s%2Fg%2F11ckvlfmx5!19sChIJ3YbNNhYTOzIRLP0a4RGF3VM?authuser=0&hl=en&rclk=1,KFC (Sabah) Sdn Bhd,4.3,(12),No status
Sabah,Kimanis,https://www.google.com/maps/place/KFC+Tanjung+Aru/data=!4m7!3m6!1s0x323b6832d1b256a3:0x4d108c57c0f78288!8m2!3d5.9528053!4d116.0556107!16s%2Fg%2F1hc2bjjd9!19sChIJo1ay0TJoOzIRiIL3wFeMEE0?authuser=0&hl=en&rclk=1,KFC Tanjung Aru,4.5,(969),Operating
Sabah,Kimanis,https://www.google.com/maps/place/KFC+Kundasang/data=!4m7!3m6!1s0x323b99bda41e7d35:0x3aa0221ebd4f4d24!8m2!3d5.9859018!4d116.5761137!16s%2Fg%2F124syyn_1!19sChIJNX0epL2ZOzIRJE1PvR4ioDo?authuser=0&hl=en&rclk=1,KFC Kundasang,4.0,(841),Operating
Sabah,Kimanis,https://www.google.com/maps/place/KFC+KKIA+%28T1%29/data=!4m7!3m6!1s0x323b6805231d9a25:0x186ddc4745db8ddf!8m2!3d5.9243739!4d116.0503624!16s%2Fg%2F11c3tx3fjf!19sChIJJZodIwVoOzIR343bRUfcbRg?authuser=0&hl=en&rclk=1,KFC KKIA (T1),3.3,(176),Operating
Sabah,Kimanis,"https://www.google.com/maps/place/KFC+Taipan,+Inanam/data=!4m7!3m6!1s0x323b6c0756f499e5:0x9ca26efe70575644!8m2!3d5.9936136!4d116.1380393!16s%2Fg%2F1hc16zjdm!19sChIJ5Zn0VgdsOzIRRFZXcP5uopw?authuser=0&hl=en&rclk=1","KFC Taipan, Inanam",4.3,"(1,120)",Operating
Sabah,Kimanis,https://www.google.com/maps/place/KFC+One+Borneo/data=!4m7!3m6!1s0x323b6b7b454c7ad1:0xe0c94a0d5f0054b1!8m2!3d6.0359721!4d116.1294755!16s%2Fg%2F1hc32m_xr!19sChIJ0XpMRXtrOzIRsVQAXw1KyeA?authuser=0&hl=en&rclk=1,KFC One Borneo,3.8,(151),Operating
Sabah,Kimanis,https://www.google.com/maps/place/KFC+Shell+KKIP+Telipok+Drive-thru/data=!4m7!3m6!1s0x323b133bf3d4de7f:0x835cfae7206b1df9!8m2!3d6.1134793!4d116.203722!16s%2Fg%2F11x00y1c8c!19sChIJf97U8zsTOzIR-R1rIOf6XIM?authuser=0&hl=en&rclk=1,KFC Shell KKIP Telipok Drive-thru,4.8,(36),Operating
Sabah,Kimanis,https://www.google.com/maps/place/KFC+Kunak/data=!4m7!3m6!1s0x323fc17e8dce82c7:0x9d99fa6f204ff582!8m2!3d4.6835389!4d118.2479522!16s%2Fg%2F11c67s4w2p!19sChIJx4LOjX7BPzIRgvVPIG_6mZ0?authuser=0&hl=en&rclk=1,KFC Kunak,3.8,(313),Operating
Sabah,Kimanis,https://www.google.com/maps/place/KFC+Kompleks+Karamunsing/data=!4m7!3m6!1s0x323b69bd6bd7cdb5:0xd03fa1b15329041!8m2!3d5.9705259!4d116.0748278!16s%2Fg%2F11bwqq44jd!19sChIJtc3Xa71pOzIRQZAyFRv6Aw0?authuser=0&hl=en&rclk=1,KFC Kompleks Karamunsing,4.1,(450),Operating
Sabah,Beaufort,https://www.google.com/maps/place/KFC+Telupid/data=!4m7!3m6!1s0x323c022ec699195d:0x8ff85e0beff4648d!8m2!3d5.6260602!4d117.1339937!16s%2Fg%2F11c1s2xkgx!19sChIJXRmZxi4CPDIRjWT07wte-I8?authuser=0&hl=en&rclk=1,KFC Telupid,3.8,(461),Operating
Sabah,Beaufort,https://www.google.com/maps/place/KFC+Beaufort/data=!4m7!3m6!1s0x323ccdcfabd2f45b:0x93a8d9de504a7c00!8m2!3d5.3477186!4d115.7429526!16s%2Fg%2F1tz6zy3p!19sChIJW_TSq8_NPDIRAHxKUN7ZqJM?authuser=0&hl=en&rclk=1,KFC Beaufort,4.2,"(1,180)",Operating
Sabah,Sipitang,"https://www.google.com/maps/search/KFC+near+Sipitang,+Sabah",KFC Sipitang,4.0,(515),Operating
Sabah,Ranau,https://www.google.com/maps/place/KFC+Telupid/data=!4m7!3m6!1s0x323c022ec699195d:0x8ff85e0beff4648d!8m2!3d5.6260602!4d117.1339937!16s%2Fg%2F11c1s2xkgx!19sChIJXRmZxi4CPDIRjWT07wte-I8?authuser=0&hl=en&rclk=1,KFC Telupid,3.8,(461),Operating
Sabah,Ranau,https://www.google.com/maps/place/KFC+Ranau/data=!4m7!3m6!1s0x323b912e50e6495b:0x34986a0b55f8891d!8m2!3d5.9537768!4d116.6646407!16s%2Fg%2F1hc18hb_d!19sChIJW0nmUC6ROzIRHYn4VQtqmDQ?authuser=0&hl=en&rclk=1,KFC Ranau,4.1,"(1,746)",Operating
Sabah,Keningau,https://www.google.com/maps/place/KFC+Padang+Bandaran+Keningau+2/data=!4m7!3m6!1s0x323cef692a5d5cc1:0xfa801f2755506694!8m2!3d5.3331608!4d116.1529149!16s%2Fg%2F11x2glm2gc!19sChIJwVxdKmnvPDIRlGZQVScfgPo?authuser=0&hl=en&rclk=1,KFC Padang Bandaran Keningau 2,5.0,(26),Operating
Sabah,Keningau,https://www.google.com/maps/place/KFC+Keningau/data=!4m7!3m6!1s0x323cef2081d53c59:0xb0f46e94af96181a!8m2!3d5.3364139!4d116.1562666!16s%2Fg%2F11c601zjpj!19sChIJWTzVgSDvPDIRGhiWr5Ru9LA?authuser=0&hl=en&rclk=1,KFC Keningau,4.3,"(1,747)",Operating
Sabah,Tenom,"https://www.google.com/maps/search/KFC+near+Tenom,+Sabah",KFC Tenom,4.0,(479),Operating
Sabah,Pensiangan,https://www.google.com/maps/place/KFC+Telupid/data=!4m7!3m6!1s0x323c022ec699195d:0x8ff85e0beff4648d!8m2!3d5.6260602!4d117.1339937!16s%2Fg%2F11c1s2xkgx!19sChIJXRmZxi4CPDIRjWT07wte-I8?authuser=0&hl=en&rclk=1,KFC Telupid,3.8,(461),Operating
Sabah,Pensiangan,https://www.google.com/maps/place/KFC+Tambunan/data=!4m7!3m6!1s0x323c81ebae1d9a47:0x8caf21b57b421667!8m2!3d5.6696476!4d116.3650075!16s%2Fg%2F11tc65ddff!19sChIJR5odruuBPDIRZxZCe7Uhr4w?authuser=0&hl=en&rclk=1,KFC Tambunan,4.1,(130),Operating
Sabah,Pensiangan,https://www.google.com/maps/place/KFC+Padang+Bandaran+Keningau+2/data=!4m7!3m6!1s0x323cef692a5d5cc1:0xfa801f2755506694!8m2!3d5.3331608!4d116.1529149!16s%2Fg%2F11x2glm2gc!19sChIJwVxdKmnvPDIRlGZQVScfgPo?authuser=0&hl=en&rclk=1,KFC Padang Bandaran Keningau 2,5.0,(26),Operating
Sabah,Pensiangan,https://www.google.com/maps/place/KFC+Keningau/data=!4m7!3m6!1s0x323cef2081d53c59:0xb0f46e94af96181a!8m2!3d5.3364139!4d116.1562666!16s%2Fg%2F11c601zjpj!19sChIJWTzVgSDvPDIRGhiWr5Ru9LA?authuser=0&hl=en&rclk=1,KFC Keningau,4.3,"(1,747)",Operating
Sabah,Pensiangan,https://www.google.com/maps/place/KFC+Beluran/data=!4m7!3m6!1s0x3239394d2a1d67d3:0x6017c80ef92e744c!8m2!3d5.8984403!4d117.5596108!16s%2Fg%2F11thfrbyl3!19sChIJ02cdKk05OTIRTHQu-Q7IF2A?authuser=0&hl=en&rclk=1,KFC Beluran,4.4,(51),Operating
Sabah,Pensiangan,https://www.google.com/maps/place/KFC+Kundasang/data=!4m7!3m6!1s0x323b99bda41e7d35:0x3aa0221ebd4f4d24!8m2!3d5.9859018!4d116.5761137!16s%2Fg%2F124syyn_1!19sChIJNX0epL2ZOzIRJE1PvR4ioDo?authuser=0&hl=en&rclk=1,KFC Kundasang,4.0,(841),Operating
Sabah,Pensiangan,https://www.google.com/maps/place/KFC+Sepanggar/data=!4m7!3m6!1s0x323b6cb6c6549c3b:0xeae868ed2d5cf141!8m2!3d6.0615296!4d116.1499991!16s%2Fg%2F1hc1bs8y8!19sChIJO5xUxrZsOzIRQfFcLe1o6Oo?authuser=0&hl=en&rclk=1,KFC Sepanggar,4.1,"(1,332)",Operating
Sabah,Pensiangan,https://www.google.com/maps/place/KFC+Ranau/data=!4m7!3m6!1s0x323b912e50e6495b:0x34986a0b55f8891d!8m2!3d5.9537768!4d116.6646407!16s%2Fg%2F1hc18hb_d!19sChIJW0nmUC6ROzIRHYn4VQtqmDQ?authuser=0&hl=en&rclk=1,KFC Ranau,4.1,"(1,746)",Operating
Sabah,Pensiangan,https://www.google.com/maps/place/KFC+Pavilion+Bundusan/data=!4m7!3m6!1s0x323b688b8b771fcb:0xfa47f3f5fadfb41d!8m2!3d5.9286531!4d116.0942802!16s%2Fg%2F11bwzz15lr!19sChIJyx93i4toOzIRHbTf-vXzR_o?authuser=0&hl=en&rclk=1,KFC Pavilion Bundusan,4.2,"(1,296)",Operating
Sabah,Pensiangan,https://www.google.com/maps/place/KFC+Sipitang/data=!4m7!3m6!1s0x3222d16a0ee50bed:0xb0857fcda7103ea4!8m2!3d5.0773113!4d115.549226!16s%2Fg%2F1hc1ykh6h!19sChIJ7QvlDmrRIjIRpD4Qp81_hbA?authuser=0&hl=en&rclk=1,KFC Sipitang,4.0,(515),Operating
Sabah,Pensiangan,https://www.google.com/maps/place/KFC+Donggongon/data=!4m7!3m6!1s0x323b662788dbe7ab:0xb590efa21f10e7f4!8m2!3d5.9122189!4d116.1025149!16s%2Fg%2F1tp_3y9c!19sChIJq-fbiCdmOzIR9OcQH6LvkLU?authuser=0&hl=en&rclk=1,KFC Donggongon,4.1,(667),Operating
Sabah,Pensiangan,https://www.google.com/maps/place/KFC+Kinarut/data=!4m7!3m6!1s0x323b60a847da0781:0xe44a167e88ab7d71!8m2!3d5.8306956!4d116.0428771!16s%2Fg%2F11c30rh6ss!19sChIJgQfaR6hgOzIRcX2riH4WSuQ?authuser=0&hl=en&rclk=1,KFC Kinarut,4.2,"(1,158)",Operating
Sabah,Pensiangan,"https://www.google.com/maps/place/KFC+Taipan,+Inanam/data=!4m7!3m6!1s0x323b6c0756f499e5:0x9ca26efe70575644!8m2!3d5.9936136!4d116.1380393!16s%2Fg%2F1hc16zjdm!19sChIJ5Zn0VgdsOzIRRFZXcP5uopw?authuser=0&hl=en&rclk=1","KFC Taipan, Inanam",4.3,"(1,120)",Operating
Sabah,Pensiangan,https://www.google.com/maps/place/KFC+Tuaran/data=!4m7!3m6!1s0x323b0fd51ec4e413:0x265521d8bc53e9ee!8m2!3d6.1768519!4d116.2326943!16s%2Fg%2F1hc45lg_8!19sChIJE-TEHtUPOzIR7ulTvNghVSY?authuser=0&hl=en&rclk=1,KFC Tuaran,4.2,"(1,244)",Operating
Sabah,Pensiangan,https://www.google.com/maps/place/KFC+Tanjung+Aru/data=!4m7!3m6!1s0x323b6832d1b256a3:0x4d108c57c0f78288!8m2!3d5.9528053!4d116.0556107!16s%2Fg%2F1hc2bjjd9!19sChIJo1ay0TJoOzIRiIL3wFeMEE0?authuser=0&hl=en&rclk=1,KFC Tanjung Aru,4.5,(969),Operating
Sabah,Beluran,https://www.google.com/maps/place/KFC+Telupid/data=!4m7!3m6!1s0x323c022ec699195d:0x8ff85e0beff4648d!8m2!3d5.6260602!4d117.1339937!16s%2Fg%2F11c1s2xkgx!19sChIJXRmZxi4CPDIRjWT07wte-I8?authuser=0&hl=en&rclk=1,KFC Telupid,3.8,(461),Operating
Sabah,Beluran,https://www.google.com/maps/place/KFC+Beluran/data=!4m7!3m6!1s0x3239394d2a1d67d3:0x6017c80ef92e744c!8m2!3d5.8984403!4d117.5596108!16s%2Fg%2F11thfrbyl3!19sChIJ02cdKk05OTIRTHQu-Q7IF2A?authuser=0&hl=en&rclk=1,KFC Beluran,4.4,(51),Operating
Sabah,Libaran,"https://www.google.com/maps/search/KFC+near+Libaran,+Sabah",KFC Telupid,3.8,(461),Operating
Sabah,Batu Sapi,https://www.google.com/maps/place/KFC+Telupid/data=!4m7!3m6!1s0x323c022ec699195d:0x8ff85e0beff4648d!8m2!3d5.6260602!4d117.1339937!16s%2Fg%2F11c1s2xkgx!19sChIJXRmZxi4CPDIRjWT07wte-I8?authuser=0&hl=en&rclk=1,KFC Telupid,3.8,(461),Operating
Sabah,Batu Sapi,https://www.google.com/maps/place/KFC+Sandakan+Bataras/data=!4m7!3m6!1s0x3238dba268456057:0x97b0fac40419e9a1!8m2!3d5.8662664!4d118.057301!16s%2Fg%2F1hc9sppc_!19sChIJV2BFaKLbODIRoekZBMT6sJc?authuser=0&hl=en&rclk=1,KFC Sandakan Bataras,4.3,(225),Operating
Sabah,Batu Sapi,https://www.google.com/maps/place/KFC+Bandar+Perdana+Sandakan/data=!4m7!3m6!1s0x323fa026a54e23c3:0x9cb808e1218e4bdc!8m2!3d5.8887679!4d118.0592769!16s%2Fg%2F1hdzyj7zb!19sChIJwyNOpSagPzIR3EuOIeEIuJw?authuser=0&hl=en&rclk=1,KFC Bandar Perdana Sandakan,4.1,(381),Operating
Sabah,Batu Sapi,https://www.google.com/maps/place/KFC+Sandakan+3+Sibuga+Jaya+%28Mile+8%29/data=!4m7!3m6!1s0x3238dbf0cabe83c3:0x9f48e3993e7db29c!8m2!3d5.8830872!4d118.0318314!16s%2Fg%2F11cfhq00q!19sChIJw4O-yvDbODIRnLJ9PpnjSJ8?authuser=0&hl=en&rclk=1,KFC Sandakan 3 Sibuga Jaya (Mile 8),4.0,(436),Operating
Sabah,Batu Sapi,"https://www.google.com/maps/place/KFC+Sandakan,+Mile+4/data=!4m7!3m6!1s0x3238db106b81de17:0x9ff15c0e4f4e8ca4!8m2!3d5.8578146!4d118.0787719!16s%2Fg%2F1vgwz89t!19sChIJF96BaxDbODIRpIxOTw5c8Z8?authuser=0&hl=en&rclk=1","KFC Sandakan, Mile 4",4.1,"(1,043)",Operating
Sabah,Batu Sapi,https://www.google.com/maps/place/KFC+Sandakan+1+Jalan+Pasar/data=!4m7!3m6!1s0x3238c52e8f83475b:0xad467fb3f741e572!8m2!3d5.8392845!4d118.1191718!16s%2Fg%2F1hc4km995!19sChIJW0eDjy7FODIRcuVB97N_Rq0?authuser=0&hl=en&rclk=1,KFC Sandakan 1 Jalan Pasar,4.2,(594),Operating
Sabah,Batu Sapi,https://www.google.com/maps/place/KFC+Bandar+Sierra/data=!4m7!3m6!1s0x323b132ab5994931:0xec3e74655a3081a9!8m2!3d6.0625097!4d116.1818144!16s%2Fg%2F11g98t1ybk!19sChIJMUmZtSoTOzIRqYEwWmV0Puw?authuser=0&hl=en&rclk=1,KFC Bandar Sierra,4.3,"(1,095)",Operating
Sabah,Batu Sapi,https://www.google.com/maps/place/KFC+Sepanggar/data=!4m7!3m6!1s0x323b6cb6c6549c3b:0xeae868ed2d5cf141!8m2!3d6.0615296!4d116.1499991!16s%2Fg%2F1hc1bs8y8!19sChIJO5xUxrZsOzIRQfFcLe1o6Oo?authuser=0&hl=en&rclk=1,KFC Sepanggar,4.1,"(1,332)",Operating
Sabah,Batu Sapi,https://www.google.com/maps/place/KFC+Kinabatangan/data=!4m7!3m6!1s0x323ed6a453b05605:0x97f8221a1cebc9e8!8m2!3d5.5887295!4d117.8459346!16s%2Fg%2F11c4lnlrx3!19sChIJBVawU6TWPjIR6MnrHBoi-Jc?authuser=0&hl=en&rclk=1,KFC Kinabatangan,4.0,(802),Operating
Sabah,Batu Sapi,https://www.google.com/maps/place/KFC+Shell+KKIP+Telipok+Drive-thru/data=!4m7!3m6!1s0x323b133bf3d4de7f:0x835cfae7206b1df9!8m2!3d6.1134793!4d116.203722!16s%2Fg%2F11x00y1c8c!19sChIJf97U8zsTOzIR-R1rIOf6XIM?authuser=0&hl=en&rclk=1,KFC Shell KKIP Telipok Drive-thru,4.8,(36),Operating
Sabah,Batu Sapi,https://www.google.com/maps/place/KFC+Beluran/data=!4m7!3m6!1s0x3239394d2a1d67d3:0x6017c80ef92e744c!8m2!3d5.8984403!4d117.5596108!16s%2Fg%2F11thfrbyl3!19sChIJ02cdKk05OTIRTHQu-Q7IF2A?authuser=0&hl=en&rclk=1,KFC Beluran,4.4,(51),Operating
Sabah,Batu Sapi,https://www.google.com/maps/place/KFC+Tuaran/data=!4m7!3m6!1s0x323b0fd51ec4e413:0x265521d8bc53e9ee!8m2!3d6.1768519!4d116.2326943!16s%2Fg%2F1hc45lg_8!19sChIJE-TEHtUPOzIR7ulTvNghVSY?authuser=0&hl=en&rclk=1,KFC Tuaran,4.2,"(1,244)",Operating
Sabah,Batu Sapi,https://www.google.com/maps/place/KFC+%28Sabah%29+Sdn+Bhd/data=!4m7!3m6!1s0x323b131636cd86dd:0x53dd8511e11afd2c!8m2!3d6.0830782!4d116.1678143!16s%2Fg%2F11ckvlfmx5!19sChIJ3YbNNhYTOzIRLP0a4RGF3VM?authuser=0&hl=en&rclk=1,KFC (Sabah) Sdn Bhd,4.3,(12),No status
Sabah,Batu Sapi,https://www.google.com/maps/place/KFC+Pavilion+Bundusan/data=!4m7!3m6!1s0x323b688b8b771fcb:0xfa47f3f5fadfb41d!8m2!3d5.9286531!4d116.0942802!16s%2Fg%2F11bwzz15lr!19sChIJyx93i4toOzIRHbTf-vXzR_o?authuser=0&hl=en&rclk=1,KFC Pavilion Bundusan,4.2,"(1,296)",Operating
Sabah,Batu Sapi,https://www.google.com/maps/place/KFC+Centre+Point/data=!4m7!3m6!1s0x323b69916b9952eb:0x7f62679a92a705dd!8m2!3d5.9786085!4d116.0720565!16s%2Fg%2F11bx1cj90m!19sChIJ61KZa5FpOzIR3QWnkppnYn8?authuser=0&hl=en&rclk=1,KFC Centre Point,4.1,(178),Operating
Sabah,Batu Sapi,https://www.google.com/maps/place/KFC+Ranau/data=!4m7!3m6!1s0x323b912e50e6495b:0x34986a0b55f8891d!8m2!3d5.9537768!4d116.6646407!16s%2Fg%2F1hc18hb_d!19sChIJW0nmUC6ROzIRHYn4VQtqmDQ?authuser=0&hl=en&rclk=1,KFC Ranau,4.1,"(1,746)",Operating
Sabah,Sandakan,https://www.google.com/maps/place/KFC+Telupid/data=!4m7!3m6!1s0x323c022ec699195d:0x8ff85e0beff4648d!8m2!3d5.6260602!4d117.1339937!16s%2Fg%2F11c1s2xkgx!19sChIJXRmZxi4CPDIRjWT07wte-I8?authuser=0&hl=en&rclk=1,KFC Telupid,3.8,(461),Operating
Sabah,Sandakan,https://www.google.com/maps/place/KFC+Sandakan+1+Jalan+Pasar/data=!4m7!3m6!1s0x3238c52e8f83475b:0xad467fb3f741e572!8m2!3d5.8392845!4d118.1191718!16s%2Fg%2F1hc4km995!19sChIJW0eDjy7FODIRcuVB97N_Rq0?authuser=0&hl=en&rclk=1,KFC Sandakan 1 Jalan Pasar,4.2,(594),Operating
Sabah,Sandakan,https://www.google.com/maps/place/KFC+Bandar+Perdana+Sandakan/data=!4m7!3m6!1s0x323fa026a54e23c3:0x9cb808e1218e4bdc!8m2!3d5.8887679!4d118.0592769!16s%2Fg%2F1hdzyj7zb!19sChIJwyNOpSagPzIR3EuOIeEIuJw?authuser=0&hl=en&rclk=1,KFC Bandar Perdana Sandakan,4.1,(381),Operating
Sabah,Sandakan,"https://www.google.com/maps/place/KFC+Sandakan,+Mile+4/data=!4m7!3m6!1s0x3238db106b81de17:0x9ff15c0e4f4e8ca4!8m2!3d5.8578146!4d118.0787719!16s%2Fg%2F1vgwz89t!19sChIJF96BaxDbODIRpIxOTw5c8Z8?authuser=0&hl=en&rclk=1","KFC Sandakan, Mile 4",4.1,"(1,043)",Operating
Sabah,Sandakan,https://www.google.com/maps/place/KFC+Sandakan+3+Sibuga+Jaya+%28Mile+8%29/data=!4m7!3m6!1s0x3238dbf0cabe83c3:0x9f48e3993e7db29c!8m2!3d5.8830872!4d118.0318314!16s%2Fg%2F11cfhq00q!19sChIJw4O-yvDbODIRnLJ9PpnjSJ8?authuser=0&hl=en&rclk=1,KFC Sandakan 3 Sibuga Jaya (Mile 8),4.0,(436),Operating
Sabah,Sandakan,https://www.google.com/maps/place/KFC+Sandakan+Bataras/data=!4m7!3m6!1s0x3238dba268456057:0x97b0fac40419e9a1!8m2!3d5.8662664!4d118.057301!16s%2Fg%2F1hc9sppc_!19sChIJV2BFaKLbODIRoekZBMT6sJc?authuser=0&hl=en&rclk=1,KFC Sandakan Bataras,4.3,(225),Operating
Sabah,Kinabatangan,https://www.google.com/maps/place/KFC+Telupid/data=!4m7!3m6!1s0x323c022ec699195d:0x8ff85e0beff4648d!8m2!3d5.6260602!4d117.1339937!16s%2Fg%2F11c1s2xkgx!19sChIJXRmZxi4CPDIRjWT07wte-I8?authuser=0&hl=en&rclk=1,KFC Telupid,3.8,(461),Operating
Sabah,Kinabatangan,https://www.google.com/maps/place/KFC+Kinabatangan/data=!4m7!3m6!1s0x323ed6a453b05605:0x97f8221a1cebc9e8!8m2!3d5.5887295!4d117.8459346!16s%2Fg%2F11c4lnlrx3!19sChIJBVawU6TWPjIR6MnrHBoi-Jc?authuser=0&hl=en&rclk=1,KFC Kinabatangan,4.0,(802),Operating
Sabah,Lahad Datu,https://www.google.com/maps/place/KFC+Telupid/data=!4m7!3m6!1s0x323c022ec699195d:0x8ff85e0beff4648d!8m2!3d5.6260602!4d117.1339937!16s%2Fg%2F11c1s2xkgx!19sChIJXRmZxi4CPDIRjWT07wte-I8?authuser=0&hl=en&rclk=1,KFC Telupid,3.8,(461),Operating
Sabah,Lahad Datu,https://www.google.com/maps/place/KFC+Darvel+Bay/data=!4m7!3m6!1s0x323f9fb96fd5c6ad:0x1d03763f5bd346fc!8m2!3d5.0210954!4d118.3267128!16s%2Fg%2F11fylj_63v!19sChIJrcbVb7mfPzIR_EbTWz92Ax0?authuser=0&hl=en&rclk=1,KFC Darvel Bay,4.1,(760),Operating
Sabah,Lahad Datu,https://www.google.com/maps/place/KFC+D%27Perdana+Lahad+Datu/data=!4m7!3m6!1s0x323fa1bc27123009:0x4e6e05fa7b20226a!8m2!3d5.0265123!4d118.2926515!16s%2Fg%2F11h21z9jyf!19sChIJCTASJ7yhPzIRaiIge_oFbk4?authuser=0&hl=en&rclk=1,KFC D'Perdana Lahad Datu,4.0,(365),Operating
Sabah,Lahad Datu,https://www.google.com/maps/place/KFC+iPeak+Lahad+Datu/data=!4m7!3m6!1s0x323f9fd8d019a2d1:0x2eae0ce788aeb866!8m2!3d5.0325581!4d118.3415776!16s%2Fg%2F11sdynh9k5!19sChIJ0aIZ0NifPzIRZriuiOcMri4?authuser=0&hl=en&rclk=1,KFC iPeak Lahad Datu,4.3,(43),Operating
Sabah,Semporna,https://www.google.com/maps/place/KFC+Semporna/data=!4m7!3m6!1s0x323ffe5922c7bd5b:0x5e96e29afbfe2919!8m2!3d4.4783907!4d118.6103408!16s%2Fg%2F1hc84j1pl!19sChIJW73HIln-PzIRGSn--5rill4?authuser=0&hl=en&rclk=1,KFC Semporna,3.7,(996),Operating
Sabah,Semporna,https://www.google.com/maps/place/KFC+Seafest+Semporna/data=!4m7!3m6!1s0x323fff462e5bf579:0x76cd74e372da0f68!8m2!3d4.4793977!4d118.6176376!16s%2Fg%2F11q4dq332g!19sChIJefVbLkb_PzIRaA_acuN0zXY?authuser=0&hl=en&rclk=1,KFC Seafest Semporna,4.3,(113),Operating
Sabah,Tawau,https://www.google.com/maps/place/KFC+Telupid/data=!4m7!3m6!1s0x323c022ec699195d:0x8ff85e0beff4648d!8m2!3d5.6260602!4d117.1339937!16s%2Fg%2F11c1s2xkgx!19sChIJXRmZxi4CPDIRjWT07wte-I8?authuser=0&hl=en&rclk=1,KFC Telupid,3.8,(461),Operating
Sabah,Tawau,https://www.google.com/maps/place/KFC+bandar+sri+indah/data=!4m7!3m6!1s0x3215773f3ab92bcd:0x3cc09e1bc496881!8m2!3d4.2594271!4d118.0125171!16s%2Fg%2F11rkbnwy9z!19sChIJzSu5Oj93FTIRgWhJvOEJzAM?authuser=0&hl=en&rclk=1,KFC bandar sri indah,4.2,(98),Operating
Sabah,Tawau,"https://www.google.com/maps/place/KFC+Jalan+Masjid,+Tawau/data=!4m7!3m6!1s0x32159e6536286b5b:0x278b99e8aa04e5ed!8m2!3d4.2442969!4d117.8884193!16s%2Fg%2F1tl1k_34!19sChIJW2soNmWeFTIR7eUEquiZiyc?authuser=0&hl=en&rclk=1","KFC Jalan Masjid, Tawau",4.2,(789),Operating
Sabah,Tawau,https://www.google.com/maps/place/KFC+GARDEN+CITY+TAWAU/data=!4m7!3m6!1s0x32159fe2ff7268e1:0x9592d026706f4ec3!8m2!3d4.2518857!4d117.8970205!16s%2Fg%2F11sttq6sk2!19sChIJ4Why_-KfFTIRw05vcCbQkpU?authuser=0&hl=en&rclk=1,KFC GARDEN CITY TAWAU,4.6,(63),Operating
Sabah,Tawau,https://www.google.com/maps/place/KFC+Drive+Thru+Batu+2+Jalan+Apas/data=!4m7!3m6!1s0x32159f004611e199:0x11f9ffcad28a54ad!8m2!3d4.2506598!4d117.9056249!16s%2Fg%2F11vqdqsm59!19sChIJmeERRgCfFTIRrVSK0sr_-RE?authuser=0&hl=en&rclk=1,KFC Drive Thru Batu 2 Jalan Apas,4.8,(59),Operating
Sabah,Tawau,"https://www.google.com/maps/place/KFC+Fajar,+Tawau/data=!4m7!3m6!1s0x32159e703157c15f:0x5a06fd2141db8dfd!8m2!3d4.245589!4d117.8924053!16s%2Fg%2F11b70d4v47!19sChIJX8FXMXCeFTIR_Y3bQSH9Blo?authuser=0&hl=en&rclk=1","KFC Fajar, Tawau",4.2,(693),Operating
Sabah,Tawau,"https://www.google.com/maps/place/KFC+Empire+Building,+Tawau/data=!4m7!3m6!1s0x32159f00f435ea77:0xc3758bbc23799e77!8m2!3d4.2458893!4d117.8825132!16s%2Fg%2F11llkf9qcl!19sChIJd-o19ACfFTIRd555I7yLdcM?authuser=0&hl=en&rclk=1","KFC Empire Building, Tawau",4.2,(121),Operating
Sabah,Tawau,https://www.google.com/maps/place/KOFII+AER/data=!4m7!3m6!1s0x32159e7cbf39af9b:0x8c942d8efdbfdc4a!8m2!3d4.2576944!4d117.9211932!16s%2Fg%2F1ttpddth!19sChIJm685v3yeFTIRSty__Y4tlIw?authuser=0&hl=en&rclk=1,KOFII AER,4.2,(715),Operating
Sabah,Tawau,https://www.google.com/maps/place/KFC+Semarak+Tawau/data=!4m7!3m6!1s0x32159d2d60d7d731:0x515eb6bb8c61a32d!8m2!3d4.3001448!4d117.8851676!16s%2Fg%2F11gsbqp1gc!19sChIJMdfXYC2dFTIRLaNhjLu2XlE?authuser=0&hl=en&rclk=1,KFC Semarak Tawau,4.2,(409),Operating
Sabah,Tawau,"https://www.google.com/maps/place/KFC+Balung,+Tawau/data=!4m7!3m6!1s0x32157b25df1f9b51:0xaf7f6d63adb834b9!8m2!3d4.3604796!4d118.0990809!16s%2Fg%2F11dxhgcm62!19sChIJUZsf3yV7FTIRuTS4rWNtf68?authuser=0&hl=en&rclk=1","KFC Balung, Tawau",4.1,(348),Operating
Sabah,Kalabakan,"https://www.google.com/maps/place/KFC+Empire+Building,+Tawau/data=!4m7!3m6!1s0x32159f00f435ea77:0xc3758bbc23799e77!8m2!3d4.2458893!4d117.8825132!16s%2Fg%2F11llkf9qcl!19sChIJd-o19ACfFTIRd555I7yLdcM?authuser=0&hl=en&rclk=1","KFC Empire Building, Tawau",4.2,(121),Operating
Sabah,Kalabakan,https://www.google.com/maps/place/KFC+Drive+Thru+Batu+2+Jalan+Apas/data=!4m7!3m6!1s0x32159f004611e199:0x11f9ffcad28a54ad!8m2!3d4.2506598!4d117.9056249!16s%2Fg%2F11vqdqsm59!19sChIJmeERRgCfFTIRrVSK0sr_-RE?authuser=0&hl=en&rclk=1,KFC Drive Thru Batu 2 Jalan Apas,4.8,(59),Operating
Sabah,Kalabakan,https://www.google.com/maps/place/KFC+Semarak+Tawau/data=!4m7!3m6!1s0x32159d2d60d7d731:0x515eb6bb8c61a32d!8m2!3d4.3001448!4d117.8851676!16s%2Fg%2F11gsbqp1gc!19sChIJMdfXYC2dFTIRLaNhjLu2XlE?authuser=0&hl=en&rclk=1,KFC Semarak Tawau,4.2,(409),Operating
Sabah,Kalabakan,"https://www.google.com/maps/place/KFC+Fajar,+Tawau/data=!4m7!3m6!1s0x32159e703157c15f:0x5a06fd2141db8dfd!8m2!3d4.245589!4d117.8924053!16s%2Fg%2F11b70d4v47!19sChIJX8FXMXCeFTIR_Y3bQSH9Blo?authuser=0&hl=en&rclk=1","KFC Fajar, Tawau",4.2,(693),Operating
Sabah,Kalabakan,https://www.google.com/maps/place/KOFII+AER/data=!4m7!3m6!1s0x32159e7cbf39af9b:0x8c942d8efdbfdc4a!8m2!3d4.2576944!4d117.9211932!16s%2Fg%2F1ttpddth!19sChIJm685v3yeFTIRSty__Y4tlIw?authuser=0&hl=en&rclk=1,KOFII AER,4.2,(715),Operating
Sabah,Kalabakan,"https://www.google.com/maps/place/KFC+Balung,+Tawau/data=!4m7!3m6!1s0x32157b25df1f9b51:0xaf7f6d63adb834b9!8m2!3d4.3604796!4d118.0990809!16s%2Fg%2F11dxhgcm62!19sChIJUZsf3yV7FTIRuTS4rWNtf68?authuser=0&hl=en&rclk=1","KFC Balung, Tawau",4.1,(348),Operating
Sabah,Kalabakan,https://www.google.com/maps/place/KFC+GARDEN+CITY+TAWAU/data=!4m7!3m6!1s0x32159fe2ff7268e1:0x9592d026706f4ec3!8m2!3d4.2518857!4d117.8970205!16s%2Fg%2F11sttq6sk2!19sChIJ4Why_-KfFTIRw05vcCbQkpU?authuser=0&hl=en&rclk=1,KFC GARDEN CITY TAWAU,4.6,(63),Operating
Sabah,Kalabakan,https://www.google.com/maps/place/KFC+bandar+sri+indah/data=!4m7!3m6!1s0x3215773f3ab92bcd:0x3cc09e1bc496881!8m2!3d4.2594271!4d118.0125171!16s%2Fg%2F11rkbnwy9z!19sChIJzSu5Oj93FTIRgWhJvOEJzAM?authuser=0&hl=en&rclk=1,KFC bandar sri indah,4.2,(98),Operating
Sabah,Kalabakan,"https://www.google.com/maps/place/KFC+Jalan+Masjid,+Tawau/data=!4m7!3m6!1s0x32159e6536286b5b:0x278b99e8aa04e5ed!8m2!3d4.2442969!4d117.8884193!16s%2Fg%2F1tl1k_34!19sChIJW2soNmWeFTIR7eUEquiZiyc?authuser=0&hl=en&rclk=1","KFC Jalan Masjid, Tawau",4.2,(789),Operating
Sabah,Kalabakan,https://www.google.com/maps/place/KFC+iPeak+Lahad+Datu/data=!4m7!3m6!1s0x323f9fd8d019a2d1:0x2eae0ce788aeb866!8m2!3d5.0325581!4d118.3415776!16s%2Fg%2F11sdynh9k5!19sChIJ0aIZ0NifPzIRZriuiOcMri4?authuser=0&hl=en&rclk=1,KFC iPeak Lahad Datu,4.3,(43),Operating
Sabah,Kalabakan,https://www.google.com/maps/place/KFC+Tuaran/data=!4m7!3m6!1s0x323b0fd51ec4e413:0x265521d8bc53e9ee!8m2!3d6.1768519!4d116.2326943!16s%2Fg%2F1hc45lg_8!19sChIJE-TEHtUPOzIR7ulTvNghVSY?authuser=0&hl=en&rclk=1,KFC Tuaran,4.2,"(1,244)",Operating
Sabah,Kalabakan,https://www.google.com/maps/place/KFC+Shell+KKIP+Telipok+Drive-thru/data=!4m7!3m6!1s0x323b133bf3d4de7f:0x835cfae7206b1df9!8m2!3d6.1134793!4d116.203722!16s%2Fg%2F11x00y1c8c!19sChIJf97U8zsTOzIR-R1rIOf6XIM?authuser=0&hl=en&rclk=1,KFC Shell KKIP Telipok Drive-thru,4.8,(36),Operating
Sabah,Kalabakan,https://www.google.com/maps/place/KFC+D%27Perdana+Lahad+Datu/data=!4m7!3m6!1s0x323fa1bc27123009:0x4e6e05fa7b20226a!8m2!3d5.0265123!4d118.2926515!16s%2Fg%2F11h21z9jyf!19sChIJCTASJ7yhPzIRaiIge_oFbk4?authuser=0&hl=en&rclk=1,KFC D'Perdana Lahad Datu,4.0,(365),Operating
Sabah,Kalabakan,https://www.google.com/maps/place/KFC+Kompleks+Karamunsing/data=!4m7!3m6!1s0x323b69bd6bd7cdb5:0xd03fa1b15329041!8m2!3d5.9705259!4d116.0748278!16s%2Fg%2F11bwqq44jd!19sChIJtc3Xa71pOzIRQZAyFRv6Aw0?authuser=0&hl=en&rclk=1,KFC Kompleks Karamunsing,4.1,(450),Operating
Sabah,Kalabakan,https://www.google.com/maps/place/KFC+Semporna/data=!4m7!3m6!1s0x323ffe5922c7bd5b:0x5e96e29afbfe2919!8m2!3d4.4783907!4d118.6103408!16s%2Fg%2F1hc84j1pl!19sChIJW73HIln-PzIRGSn--5rill4?authuser=0&hl=en&rclk=1,KFC Semporna,3.7,(996),Operating
Sabah,Kalabakan,https://www.google.com/maps/place/KFC+Sandakan+Bataras/data=!4m7!3m6!1s0x3238dba268456057:0x97b0fac40419e9a1!8m2!3d5.8662664!4d118.057301!16s%2Fg%2F1hc9sppc_!19sChIJV2BFaKLbODIRoekZBMT6sJc?authuser=0&hl=en&rclk=1,KFC Sandakan Bataras,4.3,(225),Operating
Sabah,Kalabakan,https://www.google.com/maps/place/LFC+Sabah/data=!4m7!3m6!1s0x32159dd82b9a41d1:0x761c4de4a4811ddc!8m2!3d4.2567054!4d117.9200765!16s%2Fg%2F11tcm4_r43!19sChIJ0UGaK9idFTIR3B2BpORNHHY?authuser=0&hl=en&rclk=1,LFC Sabah,4.8,(149),No status
Sabah,Kalabakan,https://www.google.com/maps/place/KFC+Wawasan+Plaza/data=!4m7!3m6!1s0x323b6995a723f709:0x5b093a780bb45061!8m2!3d5.9734868!4d116.068024!16s%2Fg%2F11c6805rp6!19sChIJCfcjp5VpOzIRYVC0C3g6CVs?authuser=0&hl=en&rclk=1,KFC Wawasan Plaza,4.2,(291),Operating
Sarawak,Mas Gading,https://www.google.com/maps/place/KFC+Satok/data=!4m7!3m6!1s0x31fba78b37fb01c5:0x50ff0abfae55fc99!8m2!3d1.552825!4d110.3353461!16s%2Fg%2F1hc329mx9!19sChIJxQH7N4un-zERmfxVrr8K_1A?authuser=0&hl=en&rclk=1,KFC Satok,4.2,"(1,012)",Operating
Sarawak,Mas Gading,https://www.google.com/maps/place/KFC+Samariang/data=!4m7!3m6!1s0x31fba9457b5a147b:0xc4aaa3fcd10411e1!8m2!3d1.6369742!4d110.3420562!16s%2Fg%2F11k4l9c03s!19sChIJexRae0Wp-zER4REE0fyjqsQ?authuser=0&hl=en&rclk=1,KFC Samariang,3.8,(69),Operating
Sarawak,Mas Gading,https://www.google.com/maps/place/KFC+Matang/data=!4m7!3m6!1s0x31fb06298acf7bd3:0x472f926bf0edf9e!8m2!3d1.5739186!4d110.294445!16s%2Fg%2F1hc2d59w5!19sChIJ03vPiikG-zERnt8Ovyb5cgQ?authuser=0&hl=en&rclk=1,KFC Matang,4.6,"(1,054)",Operating
Sarawak,Mas Gading,https://www.google.com/maps/place/KFC+Premier+101/data=!4m7!3m6!1s0x31fba740182d3f79:0x76e34fe62af8ad24!8m2!3d1.5153111!4d110.3534038!16s%2Fg%2F1v8y1kt3!19sChIJeT8tGECn-zERJK34KuZP43Y?authuser=0&hl=en&rclk=1,KFC Premier 101,4.0,(439),Operating
Sarawak,Mas Gading,https://www.google.com/maps/place/KFC+Bako+Drive+Thru/data=!4m7!3m6!1s0x31fba87b4b11d4a5:0x5627a34bc4c756cd!8m2!3d1.580013!4d110.3713188!16s%2Fg%2F1pzxb2tlx!19sChIJpdQRS3uo-zERzVbHxEujJ1Y?authuser=0&hl=en&rclk=1,KFC Bako Drive Thru,4.0,"(1,204)",Operating
Sarawak,Mas Gading,https://www.google.com/maps/place/KFC+KIS/data=!4m7!3m6!1s0x31fba7f2e27bf1d7:0x51562547038d7e27!8m2!3d1.5550729!4d110.3402377!16s%2Fg%2F1th54j6k!19sChIJ1_F74vKn-zERJ36NA0clVlE?authuser=0&hl=en&rclk=1,KFC KIS,4.1,(226),Operating
Sarawak,Mas Gading,https://www.google.com/maps/place/KFC+Tabuan+Jaya/data=!4m7!3m6!1s0x31fba702063e94cd:0x298101d37de1146a!8m2!3d1.5275241!4d110.3751159!16s%2Fg%2F1hc0vfv2b!19sChIJzZQ-BgKn-zERahThfdMBgSk?authuser=0&hl=en&rclk=1,KFC Tabuan Jaya,4.0,"(1,003)",Operating
Sarawak,Mas Gading,https://www.google.com/maps/place/KFC+Shell+DT+Jalan+Stephen+Yong/data=!4m7!3m6!1s0x31fb0a18d7e1943d:0x3818aec5c5209f9a!8m2!3d1.4938969!4d110.3100667!16s%2Fg%2F11f3rrg2xm!19sChIJPZTh1xgK-zERmp8gxcWuGDg?authuser=0&hl=en&rclk=1,KFC Shell DT Jalan Stephen Yong,3.7,(404),Operating
Sarawak,Mas Gading,https://www.google.com/maps/place/KFC+Restaurant+@+eco-mall+Petrajaya/data=!4m7!3m6!1s0x31fba81d6953f497:0x791edf75780f97!8m2!3d1.582372!4d110.3316898!16s%2Fg%2F1hc4tdb72!19sChIJl_RTaR2o-zERlw94dd8eeQA?authuser=0&hl=en&rclk=1,KFC Restaurant @ eco-mall Petrajaya,4.0,(267),Operating
Sarawak,Mas Gading,https://www.google.com/maps/place/KFC+Sarawak+Plaza/data=!4m7!3m6!1s0x31fba7e9f5d0aa4d:0xd419e9f130ad082d!8m2!3d1.5576786!4d110.3537561!16s%2Fg%2F11c67s7tmb!19sChIJTarQ9emn-zERLQitMPHpGdQ?authuser=0&hl=en&rclk=1,KFC Sarawak Plaza,3.9,(491),Operating
Sarawak,Mas Gading,https://www.google.com/maps/place/KFC+Bau/data=!4m7!3m6!1s0x31fb72baf6365d5f:0xd5479d3c45167b95!8m2!3d1.4171257!4d110.1549953!16s%2Fg%2F11b66snxtq!19sChIJX1029rpy-zERlXsWRTydR9U?authuser=0&hl=en&rclk=1,KFC Bau,3.7,(323),Operating
Sarawak,Mas Gading,https://www.google.com/maps/place/KFC+Vivacity/data=!4m7!3m6!1s0x31fba70514bc3ba5:0x3282a221241dca54!8m2!3d1.5271352!4d110.3693543!16s%2Fg%2F11hbgbfzsx!19sChIJpTu8FAWn-zERVModJCGigjI?authuser=0&hl=en&rclk=1,KFC Vivacity,3.6,(300),Operating
Sarawak,Mas Gading,https://www.google.com/maps/place/KFC+Emart+Batu+Kawa/data=!4m7!3m6!1s0x31fb098e4c1cc65f:0xfaba23d113e5cbef!8m2!3d1.5067799!4d110.2986179!16s%2Fg%2F11cnxhp_1b!19sChIJX8YcTI4J-zER78vlE9Ejuvo?authuser=0&hl=en&rclk=1,KFC Emart Batu Kawa,3.9,"(1,546)",Operating
Sarawak,Mas Gading,https://www.google.com/maps/place/KFC+Batu+Kawa/data=!4m7!3m6!1s0x31fb09eb67c5e999:0xb6b006d92d980daa!8m2!3d1.5131061!4d110.3086728!16s%2Fg%2F1hc7c5j5y!19sChIJmenFZ-sJ-zERqg2YLdkGsLY?authuser=0&hl=en&rclk=1,KFC Batu Kawa,3.9,(573),Operating
Sarawak,Mas Gading,https://www.google.com/maps/place/KFC+Metrocity+Drive+Thru/data=!4m7!3m6!1s0x31fb08752a0b8013:0xa45c6ba7f5b3db60!8m2!3d1.569709!4d110.3068879!16s%2Fg%2F11cjhys59_!19sChIJE4ALKnUI-zERYNuz9adrXKQ?authuser=0&hl=en&rclk=1,KFC Metrocity Drive Thru,3.8,"(1,280)",Operating
Sarawak,Mas Gading,https://www.google.com/maps/place/KFC+The+Spring/data=!4m7!3m6!1s0x31fba7a0633ea74d:0xec90f72f972ac21d!8m2!3d1.5355925!4d110.3576008!16s%2Fg%2F11bx8j91rz!19sChIJTac-Y6Cn-zERHcIqly_3kOw?authuser=0&hl=en&rclk=1,KFC The Spring,3.8,(337),Operating
Sarawak,Mas Gading,https://www.google.com/maps/place/KFC+Rock+Road/data=!4m7!3m6!1s0x31fba7656fad7c27:0x1fe06c75920edfd3!8m2!3d1.5244986!4d110.3418785!16s%2Fg%2F1hc16b_cc!19sChIJJ3ytb2Wn-zER098OknVs4B8?authuser=0&hl=en&rclk=1,KFC Rock Road,4.0,(829),Operating
Sarawak,Mas Gading,https://www.google.com/maps/place/KFC+Betong/data=!4m7!3m6!1s0x31f93e3abb4ec535:0x4e5657a43a157272!8m2!3d1.4047688!4d111.5357158!16s%2Fg%2F11g5_3_tpy!19sChIJNcVOuzo--TERcnIVOqRXVk4?authuser=0&hl=en&rclk=1,KFC Betong,3.8,(381),Operating
Sarawak,Mas Gading,https://www.google.com/maps/place/KFC+Kuching+Sentral/data=!4m7!3m6!1s0x31fba0a4d83c610d:0xd7361471711a47a9!8m2!3d1.4821666!4d110.332272!16s%2Fg%2F1hc21txj8!19sChIJDWE82KSg-zERqUcacXEUNtc?authuser=0&hl=en&rclk=1,KFC Kuching Sentral,3.6,(235),Operating
Sarawak,Mas Gading,https://www.google.com/maps/place/KFC+Plaza+Merdeka/data=!4m7!3m6!1s0x31fba7ee171788c3:0x8a96ad64331d485d!8m2!3d1.558127!4d110.3439701!16s%2Fg%2F11bxdw56kb!19sChIJw4gXF-6n-zERXUgdM2Stloo?authuser=0&hl=en&rclk=1,KFC Plaza Merdeka,4.2,(190),Operating
Sarawak,Mas Gading,https://www.google.com/maps/place/KFC+KIA/data=!4m7!3m6!1s0x31fba0a4dc7a4ad1:0xa1d23a1e332b7d60!8m2!3d1.486775!4d110.3417994!16s%2Fg%2F11c2qg9n_r!19sChIJ0Up63KSg-zERYH0rMx460qE?authuser=0&hl=en&rclk=1,KFC KIA,3.8,(80),Operating
Sarawak,Mas Gading,https://www.google.com/maps/place/KFC+Petronas+Batu+Kawa+DT/data=!4m7!3m6!1s0x31fb09538ae0e3d5:0x82c71077454d1c97!8m2!3d1.5152682!4d110.3196159!16s%2Fg%2F11gr62kn7s!19sChIJ1ePgilMJ-zERlxxNRXcQx4I?authuser=0&hl=en&rclk=1,KFC Petronas Batu Kawa DT,4.2,(409),Operating
Sarawak,Mas Gading,https://www.google.com/maps/place/KFC+KOTA+SENTOSA/data=!4m7!3m6!1s0x31fb0a78827bd75f:0x36ace615f8bcd464!8m2!3d1.4694971!4d110.3293109!16s%2Fg%2F1hc30tdz0!19sChIJX9d7gngK-zERZNS8-BXmrDY?authuser=0&hl=en&rclk=1,KFC KOTA SENTOSA,3.9,(731),Operating
Sarawak,Santubong,https://www.google.com/maps/place/KFC+Satok/data=!4m7!3m6!1s0x31fba78b37fb01c5:0x50ff0abfae55fc99!8m2!3d1.552825!4d110.3353461!16s%2Fg%2F1hc329mx9!19sChIJxQH7N4un-zERmfxVrr8K_1A?authuser=0&hl=en&rclk=1,KFC Satok,4.2,"(1,012)",Operating
Sarawak,Santubong,https://www.google.com/maps/place/KFC+Samariang/data=!4m7!3m6!1s0x31fba9457b5a147b:0xc4aaa3fcd10411e1!8m2!3d1.6369742!4d110.3420562!16s%2Fg%2F11k4l9c03s!19sChIJexRae0Wp-zER4REE0fyjqsQ?authuser=0&hl=en&rclk=1,KFC Samariang,3.8,(69),Operating
Sarawak,Santubong,https://www.google.com/maps/place/KFC+Matang/data=!4m7!3m6!1s0x31fb06298acf7bd3:0x472f926bf0edf9e!8m2!3d1.5739186!4d110.294445!16s%2Fg%2F1hc2d59w5!19sChIJ03vPiikG-zERnt8Ovyb5cgQ?authuser=0&hl=en&rclk=1,KFC Matang,4.6,"(1,054)",Operating
Sarawak,Santubong,https://www.google.com/maps/place/KFC+Tabuan+Jaya/data=!4m7!3m6!1s0x31fba702063e94cd:0x298101d37de1146a!8m2!3d1.5275241!4d110.3751159!16s%2Fg%2F1hc0vfv2b!19sChIJzZQ-BgKn-zERahThfdMBgSk?authuser=0&hl=en&rclk=1,KFC Tabuan Jaya,4.0,"(1,003)",Operating
Sarawak,Santubong,https://www.google.com/maps/place/KFC+PETROS+Darul+Hana+DT/data=!4m7!3m6!1s0x31fba7f0956d333b:0xfe591b0b83cf4156!8m2!3d1.5655675!4d110.3657562!16s%2Fg%2F11vd_9sx4f!19sChIJOzNtlfCn-zERVkHPgwsbWf4?authuser=0&hl=en&rclk=1,KFC PETROS Darul Hana DT,3.1,(66),Operating
Sarawak,Santubong,https://www.google.com/maps/place/KFC+Emart+Batu+Kawa/data=!4m7!3m6!1s0x31fb098e4c1cc65f:0xfaba23d113e5cbef!8m2!3d1.5067799!4d110.2986179!16s%2Fg%2F11cnxhp_1b!19sChIJX8YcTI4J-zER78vlE9Ejuvo?authuser=0&hl=en&rclk=1,KFC Emart Batu Kawa,3.9,"(1,546)",Operating
Sarawak,Santubong,https://www.google.com/maps/place/KFC+Bako+Drive+Thru/data=!4m7!3m6!1s0x31fba87b4b11d4a5:0x5627a34bc4c756cd!8m2!3d1.580013!4d110.3713188!16s%2Fg%2F1pzxb2tlx!19sChIJpdQRS3uo-zERzVbHxEujJ1Y?authuser=0&hl=en&rclk=1,KFC Bako Drive Thru,4.0,"(1,204)",Operating
Sarawak,Santubong,https://www.google.com/maps/place/KFC+Metrocity+Drive+Thru/data=!4m7!3m6!1s0x31fb08752a0b8013:0xa45c6ba7f5b3db60!8m2!3d1.569709!4d110.3068879!16s%2Fg%2F11cjhys59_!19sChIJE4ALKnUI-zERYNuz9adrXKQ?authuser=0&hl=en&rclk=1,KFC Metrocity Drive Thru,3.8,"(1,280)",Operating
Sarawak,Santubong,https://www.google.com/maps/place/KFC+The+Spring/data=!4m7!3m6!1s0x31fba7a0633ea74d:0xec90f72f972ac21d!8m2!3d1.5355925!4d110.3576008!16s%2Fg%2F11bx8j91rz!19sChIJTac-Y6Cn-zERHcIqly_3kOw?authuser=0&hl=en&rclk=1,KFC The Spring,3.8,(337),Operating
Sarawak,Santubong,https://www.google.com/maps/place/KFC+Restaurant+@+eco-mall+Petrajaya/data=!4m7!3m6!1s0x31fba81d6953f497:0x791edf75780f97!8m2!3d1.582372!4d110.3316898!16s%2Fg%2F1hc4tdb72!19sChIJl_RTaR2o-zERlw94dd8eeQA?authuser=0&hl=en&rclk=1,KFC Restaurant @ eco-mall Petrajaya,4.0,(267),Operating
Sarawak,Santubong,https://www.google.com/maps/place/KFC+Sarawak+Plaza/data=!4m7!3m6!1s0x31fba7e9f5d0aa4d:0xd419e9f130ad082d!8m2!3d1.5576786!4d110.3537561!16s%2Fg%2F11c67s7tmb!19sChIJTarQ9emn-zERLQitMPHpGdQ?authuser=0&hl=en&rclk=1,KFC Sarawak Plaza,3.9,(491),Operating
Sarawak,Santubong,https://www.google.com/maps/place/KFC+Rock+Road/data=!4m7!3m6!1s0x31fba7656fad7c27:0x1fe06c75920edfd3!8m2!3d1.5244986!4d110.3418785!16s%2Fg%2F1hc16b_cc!19sChIJJ3ytb2Wn-zER098OknVs4B8?authuser=0&hl=en&rclk=1,KFC Rock Road,4.0,(829),Operating
Sarawak,Santubong,https://www.google.com/maps/place/KFC+Shell+DT+Jalan+Stephen+Yong/data=!4m7!3m6!1s0x31fb0a18d7e1943d:0x3818aec5c5209f9a!8m2!3d1.4938969!4d110.3100667!16s%2Fg%2F11f3rrg2xm!19sChIJPZTh1xgK-zERmp8gxcWuGDg?authuser=0&hl=en&rclk=1,KFC Shell DT Jalan Stephen Yong,3.7,(404),Operating
Sarawak,Santubong,https://www.google.com/maps/place/KFC+Vivacity/data=!4m7!3m6!1s0x31fba70514bc3ba5:0x3282a221241dca54!8m2!3d1.5271352!4d110.3693543!16s%2Fg%2F11hbgbfzsx!19sChIJpTu8FAWn-zERVModJCGigjI?authuser=0&hl=en&rclk=1,KFC Vivacity,3.6,(300),Operating
Sarawak,Santubong,https://www.google.com/maps/place/KFC+Boulevard+Mall/data=!4m7!3m6!1s0x31fba759eaf3a85d:0xea35800045d70b09!8m2!3d1.5096308!4d110.3360305!16s%2Fg%2F1hc0vfv2c!19sChIJXajz6lmn-zERCQvXRQCANeo?authuser=0&hl=en&rclk=1,KFC Boulevard Mall,3.4,(135),Operating
Sarawak,Santubong,https://www.google.com/maps/place/KFC+Tabuan+Tranquility+DT/data=!4m7!3m6!1s0x31fba6dc90404985:0xfe6baef7313ea7c1!8m2!3d1.5126175!4d110.3883401!16s%2Fg%2F11c2q55q9b!19sChIJhUlAkNym-zERwac-Mfeua_4?authuser=0&hl=en&rclk=1,KFC Tabuan Tranquility DT,3.9,"(1,500)",Operating
Sarawak,Santubong,https://www.google.com/maps/place/KFC+KOTA+SENTOSA/data=!4m7!3m6!1s0x31fb0a78827bd75f:0x36ace615f8bcd464!8m2!3d1.4694971!4d110.3293109!16s%2Fg%2F1hc30tdz0!19sChIJX9d7gngK-zERZNS8-BXmrDY?authuser=0&hl=en&rclk=1,KFC KOTA SENTOSA,3.9,(731),Operating
Sarawak,Santubong,https://www.google.com/maps/place/KFC+Bau/data=!4m7!3m6!1s0x31fb72baf6365d5f:0xd5479d3c45167b95!8m2!3d1.4171257!4d110.1549953!16s%2Fg%2F11b66snxtq!19sChIJX1029rpy-zERlXsWRTydR9U?authuser=0&hl=en&rclk=1,KFC Bau,3.7,(323),Operating
Sarawak,Santubong,https://www.google.com/maps/place/KFC+Sri+Aman/data=!4m7!3m6!1s0x31f9483318f6abfb:0x57127301abc3645b!8m2!3d1.23698!4d111.4598772!16s%2Fg%2F1hc1sbw3s!19sChIJ-6v2GDNI-TERW2TDqwFzElc?authuser=0&hl=en&rclk=1,KFC Sri Aman,3.8,(735),Operating
Sarawak,Santubong,https://www.google.com/maps/place/KFC+Betong/data=!4m7!3m6!1s0x31f93e3abb4ec535:0x4e5657a43a157272!8m2!3d1.4047688!4d111.5357158!16s%2Fg%2F11g5_3_tpy!19sChIJNcVOuzo--TERcnIVOqRXVk4?authuser=0&hl=en&rclk=1,KFC Betong,3.8,(381),Operating
Sarawak,Santubong,https://www.google.com/maps/place/KFC+Plaza+Merdeka/data=!4m7!3m6!1s0x31fba7ee171788c3:0x8a96ad64331d485d!8m2!3d1.558127!4d110.3439701!16s%2Fg%2F11bxdw56kb!19sChIJw4gXF-6n-zERXUgdM2Stloo?authuser=0&hl=en&rclk=1,KFC Plaza Merdeka,4.2,(190),Operating
Sarawak,Santubong,https://www.google.com/maps/place/KFC+Wisma+Sanyan/data=!4m7!3m6!1s0x31f77fdb9f88c82f:0xe5ea3e2b8b2cbde4!8m2!3d2.2901169!4d111.8253499!16s%2Fg%2F1hc1390p9!19sChIJL8iIn9t_9zER5L0siys-6uU?authuser=0&hl=en&rclk=1,KFC Wisma Sanyan,3.8,(154),Operating
Sarawak,Petra Jaya,https://www.google.com/maps/place/KFC+Restaurant+@+eco-mall+Petrajaya/data=!4m7!3m6!1s0x31fba81d6953f497:0x791edf75780f97!8m2!3d1.582372!4d110.3316898!16s%2Fg%2F1hc4tdb72!19sChIJl_RTaR2o-zERlw94dd8eeQA?authuser=0&hl=en&rclk=1,KFC Restaurant @ eco-mall Petrajaya,4.0,(267),Operating
Sarawak,Petra Jaya,https://www.google.com/maps/place/KFC+Samariang/data=!4m7!3m6!1s0x31fba9457b5a147b:0xc4aaa3fcd10411e1!8m2!3d1.6369742!4d110.3420562!16s%2Fg%2F11k4l9c03s!19sChIJexRae0Wp-zER4REE0fyjqsQ?authuser=0&hl=en&rclk=1,KFC Samariang,3.8,(69),Operating
Sarawak,Petra Jaya,https://www.google.com/maps/place/KFC+PETROS+Darul+Hana+DT/data=!4m7!3m6!1s0x31fba7f0956d333b:0xfe591b0b83cf4156!8m2!3d1.5655675!4d110.3657562!16s%2Fg%2F11vd_9sx4f!19sChIJOzNtlfCn-zERVkHPgwsbWf4?authuser=0&hl=en&rclk=1,KFC PETROS Darul Hana DT,3.1,(66),Operating
Sarawak,Bandar Kuching,https://www.google.com/maps/place/KFC+Samariang/data=!4m7!3m6!1s0x31fba9457b5a147b:0xc4aaa3fcd10411e1!8m2!3d1.6369742!4d110.3420562!16s%2Fg%2F11k4l9c03s!19sChIJexRae0Wp-zER4REE0fyjqsQ?authuser=0&hl=en&rclk=1,KFC Samariang,3.8,(69),Operating
Sarawak,Bandar Kuching,https://www.google.com/maps/place/KFC+Sarawak+Plaza/data=!4m7!3m6!1s0x31fba7e9f5d0aa4d:0xd419e9f130ad082d!8m2!3d1.5576786!4d110.3537561!16s%2Fg%2F11c67s7tmb!19sChIJTarQ9emn-zERLQitMPHpGdQ?authuser=0&hl=en&rclk=1,KFC Sarawak Plaza,3.9,(491),Operating
Sarawak,Bandar Kuching,https://www.google.com/maps/place/KFC+Batu+Kawa/data=!4m7!3m6!1s0x31fb09eb67c5e999:0xb6b006d92d980daa!8m2!3d1.5131061!4d110.3086728!16s%2Fg%2F1hc7c5j5y!19sChIJmenFZ-sJ-zERqg2YLdkGsLY?authuser=0&hl=en&rclk=1,KFC Batu Kawa,3.9,(573),Operating
Sarawak,Bandar Kuching,https://www.google.com/maps/place/KFC+Kuching+Sentral/data=!4m7!3m6!1s0x31fba0a4d83c610d:0xd7361471711a47a9!8m2!3d1.4821666!4d110.332272!16s%2Fg%2F1hc21txj8!19sChIJDWE82KSg-zERqUcacXEUNtc?authuser=0&hl=en&rclk=1,KFC Kuching Sentral,3.6,(235),Operating
Sarawak,Bandar Kuching,https://www.google.com/maps/place/KFC+Vivacity/data=!4m7!3m6!1s0x31fba70514bc3ba5:0x3282a221241dca54!8m2!3d1.5271352!4d110.3693543!16s%2Fg%2F11hbgbfzsx!19sChIJpTu8FAWn-zERVModJCGigjI?authuser=0&hl=en&rclk=1,KFC Vivacity,3.6,(300),Operating
Sarawak,Bandar Kuching,https://www.google.com/maps/place/KFC+The+Spring/data=!4m7!3m6!1s0x31fba7a0633ea74d:0xec90f72f972ac21d!8m2!3d1.5355925!4d110.3576008!16s%2Fg%2F11bx8j91rz!19sChIJTac-Y6Cn-zERHcIqly_3kOw?authuser=0&hl=en&rclk=1,KFC The Spring,3.8,(337),Operating
Sarawak,Bandar Kuching,https://www.google.com/maps/place/KFC+Satok/data=!4m7!3m6!1s0x31fba78b37fb01c5:0x50ff0abfae55fc99!8m2!3d1.552825!4d110.3353461!16s%2Fg%2F1hc329mx9!19sChIJxQH7N4un-zERmfxVrr8K_1A?authuser=0&hl=en&rclk=1,KFC Satok,4.2,"(1,012)",Operating
Sarawak,Bandar Kuching,https://www.google.com/maps/place/KFC+Tabuan+Jaya/data=!4m7!3m6!1s0x31fba702063e94cd:0x298101d37de1146a!8m2!3d1.5275241!4d110.3751159!16s%2Fg%2F1hc0vfv2b!19sChIJzZQ-BgKn-zERahThfdMBgSk?authuser=0&hl=en&rclk=1,KFC Tabuan Jaya,4.0,"(1,003)",Operating
Sarawak,Bandar Kuching,https://www.google.com/maps/place/KFC+KOTA+SENTOSA/data=!4m7!3m6!1s0x31fb0a78827bd75f:0x36ace615f8bcd464!8m2!3d1.4694971!4d110.3293109!16s%2Fg%2F1hc30tdz0!19sChIJX9d7gngK-zERZNS8-BXmrDY?authuser=0&hl=en&rclk=1,KFC KOTA SENTOSA,3.9,(731),Operating
Sarawak,Bandar Kuching,https://www.google.com/maps/place/KFC+Boulevard+Mall/data=!4m7!3m6!1s0x31fba759eaf3a85d:0xea35800045d70b09!8m2!3d1.5096308!4d110.3360305!16s%2Fg%2F1hc0vfv2c!19sChIJXajz6lmn-zERCQvXRQCANeo?authuser=0&hl=en&rclk=1,KFC Boulevard Mall,3.4,(135),Operating
Sarawak,Bandar Kuching,https://www.google.com/maps/place/KFC+Premier+101/data=!4m7!3m6!1s0x31fba740182d3f79:0x76e34fe62af8ad24!8m2!3d1.5153111!4d110.3534038!16s%2Fg%2F1v8y1kt3!19sChIJeT8tGECn-zERJK34KuZP43Y?authuser=0&hl=en&rclk=1,KFC Premier 101,4.0,(439),Operating
Sarawak,Bandar Kuching,https://www.google.com/maps/place/KFC+Rock+Road/data=!4m7!3m6!1s0x31fba7656fad7c27:0x1fe06c75920edfd3!8m2!3d1.5244986!4d110.3418785!16s%2Fg%2F1hc16b_cc!19sChIJJ3ytb2Wn-zER098OknVs4B8?authuser=0&hl=en&rclk=1,KFC Rock Road,4.0,(829),Operating
Sarawak,Bandar Kuching,https://www.google.com/maps/place/KFC+Shell+DT+Jalan+Stephen+Yong/data=!4m7!3m6!1s0x31fb0a18d7e1943d:0x3818aec5c5209f9a!8m2!3d1.4938969!4d110.3100667!16s%2Fg%2F11f3rrg2xm!19sChIJPZTh1xgK-zERmp8gxcWuGDg?authuser=0&hl=en&rclk=1,KFC Shell DT Jalan Stephen Yong,3.7,(404),Operating
Sarawak,Bandar Kuching,https://www.google.com/maps/place/KFC+Matang/data=!4m7!3m6!1s0x31fb06298acf7bd3:0x472f926bf0edf9e!8m2!3d1.5739186!4d110.294445!16s%2Fg%2F1hc2d59w5!19sChIJ03vPiikG-zERnt8Ovyb5cgQ?authuser=0&hl=en&rclk=1,KFC Matang,4.6,"(1,054)",Operating
Sarawak,Bandar Kuching,https://www.google.com/maps/place/KFC+Metrocity+Drive+Thru/data=!4m7!3m6!1s0x31fb08752a0b8013:0xa45c6ba7f5b3db60!8m2!3d1.569709!4d110.3068879!16s%2Fg%2F11cjhys59_!19sChIJE4ALKnUI-zERYNuz9adrXKQ?authuser=0&hl=en&rclk=1,KFC Metrocity Drive Thru,3.8,"(1,280)",Operating
Sarawak,Bandar Kuching,https://www.google.com/maps/place/KFC+KIA/data=!4m7!3m6!1s0x31fba0a4dc7a4ad1:0xa1d23a1e332b7d60!8m2!3d1.486775!4d110.3417994!16s%2Fg%2F11c2qg9n_r!19sChIJ0Up63KSg-zERYH0rMx460qE?authuser=0&hl=en&rclk=1,KFC KIA,3.8,(80),Operating
Sarawak,Bandar Kuching,https://www.google.com/maps/place/KFC+PETROS+Darul+Hana+DT/data=!4m7!3m6!1s0x31fba7f0956d333b:0xfe591b0b83cf4156!8m2!3d1.5655675!4d110.3657562!16s%2Fg%2F11vd_9sx4f!19sChIJOzNtlfCn-zERVkHPgwsbWf4?authuser=0&hl=en&rclk=1,KFC PETROS Darul Hana DT,3.1,(66),Operating
Sarawak,Bandar Kuching,https://www.google.com/maps/place/KFC+Emart+Batu+Kawa/data=!4m7!3m6!1s0x31fb098e4c1cc65f:0xfaba23d113e5cbef!8m2!3d1.5067799!4d110.2986179!16s%2Fg%2F11cnxhp_1b!19sChIJX8YcTI4J-zER78vlE9Ejuvo?authuser=0&hl=en&rclk=1,KFC Emart Batu Kawa,3.9,"(1,546)",Operating
Sarawak,Bandar Kuching,https://www.google.com/maps/place/KFC+Bako+Drive+Thru/data=!4m7!3m6!1s0x31fba87b4b11d4a5:0x5627a34bc4c756cd!8m2!3d1.580013!4d110.3713188!16s%2Fg%2F1pzxb2tlx!19sChIJpdQRS3uo-zERzVbHxEujJ1Y?authuser=0&hl=en&rclk=1,KFC Bako Drive Thru,4.0,"(1,204)",Operating
Sarawak,Bandar Kuching,https://www.google.com/maps/place/KFC+Restaurant+@+eco-mall+Petrajaya/data=!4m7!3m6!1s0x31fba81d6953f497:0x791edf75780f97!8m2!3d1.582372!4d110.3316898!16s%2Fg%2F1hc4tdb72!19sChIJl_RTaR2o-zERlw94dd8eeQA?authuser=0&hl=en&rclk=1,KFC Restaurant @ eco-mall Petrajaya,4.0,(267),Operating
Sarawak,Bandar Kuching,https://www.google.com/maps/place/KFC+Tabuan+Tranquility+DT/data=!4m7!3m6!1s0x31fba6dc90404985:0xfe6baef7313ea7c1!8m2!3d1.5126175!4d110.3883401!16s%2Fg%2F11c2q55q9b!19sChIJhUlAkNym-zERwac-Mfeua_4?authuser=0&hl=en&rclk=1,KFC Tabuan Tranquility DT,3.9,"(1,500)",Operating
Sarawak,Bandar Kuching,https://www.google.com/maps/place/KFC+Plaza+Merdeka/data=!4m7!3m6!1s0x31fba7ee171788c3:0x8a96ad64331d485d!8m2!3d1.558127!4d110.3439701!16s%2Fg%2F11bxdw56kb!19sChIJw4gXF-6n-zERXUgdM2Stloo?authuser=0&hl=en&rclk=1,KFC Plaza Merdeka,4.2,(190),Operating
Sarawak,Stampin,https://www.google.com/maps/place/KFC+Satok/data=!4m7!3m6!1s0x31fba78b37fb01c5:0x50ff0abfae55fc99!8m2!3d1.552825!4d110.3353461!16s%2Fg%2F1hc329mx9!19sChIJxQH7N4un-zERmfxVrr8K_1A?authuser=0&hl=en&rclk=1,KFC Satok,4.2,"(1,012)",Operating
Sarawak,Stampin,https://www.google.com/maps/place/KFC+Sarawak+Plaza/data=!4m7!3m6!1s0x31fba7e9f5d0aa4d:0xd419e9f130ad082d!8m2!3d1.5576786!4d110.3537561!16s%2Fg%2F11c67s7tmb!19sChIJTarQ9emn-zERLQitMPHpGdQ?authuser=0&hl=en&rclk=1,KFC Sarawak Plaza,3.9,(491),Operating
Sarawak,Stampin,https://www.google.com/maps/place/KFC+The+Spring/data=!4m7!3m6!1s0x31fba7a0633ea74d:0xec90f72f972ac21d!8m2!3d1.5355925!4d110.3576008!16s%2Fg%2F11bx8j91rz!19sChIJTac-Y6Cn-zERHcIqly_3kOw?authuser=0&hl=en&rclk=1,KFC The Spring,3.8,(337),Operating
Sarawak,Stampin,https://www.google.com/maps/place/KFC+Vivacity/data=!4m7!3m6!1s0x31fba70514bc3ba5:0x3282a221241dca54!8m2!3d1.5271352!4d110.3693543!16s%2Fg%2F11hbgbfzsx!19sChIJpTu8FAWn-zERVModJCGigjI?authuser=0&hl=en&rclk=1,KFC Vivacity,3.6,(300),Operating
Sarawak,Stampin,https://www.google.com/maps/place/KFC+Premier+101/data=!4m7!3m6!1s0x31fba740182d3f79:0x76e34fe62af8ad24!8m2!3d1.5153111!4d110.3534038!16s%2Fg%2F1v8y1kt3!19sChIJeT8tGECn-zERJK34KuZP43Y?authuser=0&hl=en&rclk=1,KFC Premier 101,4.0,(439),Operating
Sarawak,Stampin,https://www.google.com/maps/place/KFC+Samariang/data=!4m7!3m6!1s0x31fba9457b5a147b:0xc4aaa3fcd10411e1!8m2!3d1.6369742!4d110.3420562!16s%2Fg%2F11k4l9c03s!19sChIJexRae0Wp-zER4REE0fyjqsQ?authuser=0&hl=en&rclk=1,KFC Samariang,3.8,(69),Operating
Sarawak,Stampin,https://www.google.com/maps/place/KFC+Metrocity+Drive+Thru/data=!4m7!3m6!1s0x31fb08752a0b8013:0xa45c6ba7f5b3db60!8m2!3d1.569709!4d110.3068879!16s%2Fg%2F11cjhys59_!19sChIJE4ALKnUI-zERYNuz9adrXKQ?authuser=0&hl=en&rclk=1,KFC Metrocity Drive Thru,3.8,"(1,280)",Operating
Sarawak,Stampin,https://www.google.com/maps/place/KFC+Tabuan+Jaya/data=!4m7!3m6!1s0x31fba702063e94cd:0x298101d37de1146a!8m2!3d1.5275241!4d110.3751159!16s%2Fg%2F1hc0vfv2b!19sChIJzZQ-BgKn-zERahThfdMBgSk?authuser=0&hl=en&rclk=1,KFC Tabuan Jaya,4.0,"(1,003)",Operating
Sarawak,Stampin,https://www.google.com/maps/place/KFC+KIS/data=!4m7!3m6!1s0x31fba7f2e27bf1d7:0x51562547038d7e27!8m2!3d1.5550729!4d110.3402377!16s%2Fg%2F1th54j6k!19sChIJ1_F74vKn-zERJ36NA0clVlE?authuser=0&hl=en&rclk=1,KFC KIS,4.1,(226),Operating
Sarawak,Stampin,https://www.google.com/maps/place/KFC+Bako+Drive+Thru/data=!4m7!3m6!1s0x31fba87b4b11d4a5:0x5627a34bc4c756cd!8m2!3d1.580013!4d110.3713188!16s%2Fg%2F1pzxb2tlx!19sChIJpdQRS3uo-zERzVbHxEujJ1Y?authuser=0&hl=en&rclk=1,KFC Bako Drive Thru,4.0,"(1,204)",Operating
Sarawak,Stampin,https://www.google.com/maps/place/KFC+Shell+DT+Jalan+Stephen+Yong/data=!4m7!3m6!1s0x31fb0a18d7e1943d:0x3818aec5c5209f9a!8m2!3d1.4938969!4d110.3100667!16s%2Fg%2F11f3rrg2xm!19sChIJPZTh1xgK-zERmp8gxcWuGDg?authuser=0&hl=en&rclk=1,KFC Shell DT Jalan Stephen Yong,3.7,(404),Operating
Sarawak,Stampin,https://www.google.com/maps/place/KFC+Tabuan+Tranquility+DT/data=!4m7!3m6!1s0x31fba6dc90404985:0xfe6baef7313ea7c1!8m2!3d1.5126175!4d110.3883401!16s%2Fg%2F11c2q55q9b!19sChIJhUlAkNym-zERwac-Mfeua_4?authuser=0&hl=en&rclk=1,KFC Tabuan Tranquility DT,3.9,"(1,500)",Operating
Sarawak,Stampin,https://www.google.com/maps/place/KFC+PETROS+Darul+Hana+DT/data=!4m7!3m6!1s0x31fba7f0956d333b:0xfe591b0b83cf4156!8m2!3d1.5655675!4d110.3657562!16s%2Fg%2F11vd_9sx4f!19sChIJOzNtlfCn-zERVkHPgwsbWf4?authuser=0&hl=en&rclk=1,KFC PETROS Darul Hana DT,3.1,(66),Operating
Sarawak,Stampin,https://www.google.com/maps/place/KFC+Matang/data=!4m7!3m6!1s0x31fb06298acf7bd3:0x472f926bf0edf9e!8m2!3d1.5739186!4d110.294445!16s%2Fg%2F1hc2d59w5!19sChIJ03vPiikG-zERnt8Ovyb5cgQ?authuser=0&hl=en&rclk=1,KFC Matang,4.6,"(1,054)",Operating
Sarawak,Stampin,https://www.google.com/maps/place/KFC+Restaurant+@+eco-mall+Petrajaya/data=!4m7!3m6!1s0x31fba81d6953f497:0x791edf75780f97!8m2!3d1.582372!4d110.3316898!16s%2Fg%2F1hc4tdb72!19sChIJl_RTaR2o-zERlw94dd8eeQA?authuser=0&hl=en&rclk=1,KFC Restaurant @ eco-mall Petrajaya,4.0,(267),Operating
Sarawak,Stampin,https://www.google.com/maps/place/KFC+Emart+Batu+Kawa/data=!4m7!3m6!1s0x31fb098e4c1cc65f:0xfaba23d113e5cbef!8m2!3d1.5067799!4d110.2986179!16s%2Fg%2F11cnxhp_1b!19sChIJX8YcTI4J-zER78vlE9Ejuvo?authuser=0&hl=en&rclk=1,KFC Emart Batu Kawa,3.9,"(1,546)",Operating
Sarawak,Stampin,https://www.google.com/maps/place/KFC+KOTA+SENTOSA/data=!4m7!3m6!1s0x31fb0a78827bd75f:0x36ace615f8bcd464!8m2!3d1.4694971!4d110.3293109!16s%2Fg%2F1hc30tdz0!19sChIJX9d7gngK-zERZNS8-BXmrDY?authuser=0&hl=en&rclk=1,KFC KOTA SENTOSA,3.9,(731),Operating
Sarawak,Stampin,https://www.google.com/maps/place/KFC+Plaza+Merdeka/data=!4m7!3m6!1s0x31fba7ee171788c3:0x8a96ad64331d485d!8m2!3d1.558127!4d110.3439701!16s%2Fg%2F11bxdw56kb!19sChIJw4gXF-6n-zERXUgdM2Stloo?authuser=0&hl=en&rclk=1,KFC Plaza Merdeka,4.2,(190),Operating
Sarawak,Stampin,https://www.google.com/maps/place/KFC+Rock+Road/data=!4m7!3m6!1s0x31fba7656fad7c27:0x1fe06c75920edfd3!8m2!3d1.5244986!4d110.3418785!16s%2Fg%2F1hc16b_cc!19sChIJJ3ytb2Wn-zER098OknVs4B8?authuser=0&hl=en&rclk=1,KFC Rock Road,4.0,(829),Operating
Sarawak,Stampin,https://www.google.com/maps/place/KFC+Sarikei/data=!4m7!3m6!1s0x31f9c2decb68bcdf:0x46484e64a0a3dca8!8m2!3d2.1312361!4d111.5201947!16s%2Fg%2F1hc8gffy8!19sChIJ37xoy97C-TERqNyjoGROSEY?authuser=0&hl=en&rclk=1,KFC Sarikei,4.0,(772),Operating
Sarawak,Stampin,https://www.google.com/maps/place/KFC+Wisma+Sanyan/data=!4m7!3m6!1s0x31f77fdb9f88c82f:0xe5ea3e2b8b2cbde4!8m2!3d2.2901169!4d111.8253499!16s%2Fg%2F1hc1390p9!19sChIJL8iIn9t_9zER5L0siys-6uU?authuser=0&hl=en&rclk=1,KFC Wisma Sanyan,3.8,(154),Operating
Sarawak,Stampin,https://www.google.com/maps/place/KFC+Sibu+Jaya/data=!4m7!3m6!1s0x31f829735582b583:0x63d476f0c6be942a!8m2!3d2.2404916!4d111.9759122!16s%2Fg%2F11b7hfjv61!19sChIJg7WCVXMp-DERKpS-xvB21GM?authuser=0&hl=en&rclk=1,KFC Sibu Jaya,3.9,(557),Operating
Sarawak,Stampin,https://www.google.com/maps/place/KFC+Tanahmas/data=!4m7!3m6!1s0x31f77fddb12624c3:0x70d7465b447b4cd4!8m2!3d2.2881563!4d111.8306311!16s%2Fg%2F1hc48ylqc!19sChIJwyQmsd1_9zER1Ex7RFtG13A?authuser=0&hl=en&rclk=1,KFC Tanahmas,4.0,(920),Operating
Sarawak,Stampin,https://www.google.com/maps/place/KFC+Sibu+1/data=!4m7!3m6!1s0x31f77fdc6d7da9ff:0x925a9e97579d8f8e!8m2!3d2.2902175!4d111.8277911!16s%2Fg%2F1hc7gcrkj!19sChIJ_6l9bdx_9zERjo-dV5eeWpI?authuser=0&hl=en&rclk=1,KFC Sibu 1,4.1,(548),Operating
Sarawak,Kota Samarahan,https://www.google.com/maps/place/KFC+Kota+Samarahan+Drive+Thru/data=!4m7!3m6!1s0x31fba1fe65a90b81:0xa0b6ca84319d3a6!8m2!3d1.4799633!4d110.4151786!16s%2Fg%2F11g0mcky_k!19sChIJgQupZf6h-zERptMZQ6hsCwo?authuser=0&hl=en&rclk=1,KFC Kota Samarahan Drive Thru,3.7,(911),Operating
Sarawak,Kota Samarahan,https://www.google.com/maps/place/KFC+Summer+Mall/data=!4m7!3m6!1s0x31fba24efad8f2a5:0x5655032adad0b8f9!8m2!3d1.4547496!4d110.4579503!16s%2Fg%2F11cmc76vct!19sChIJpfLY-k6i-zER-bjQ2ioDVVY?authuser=0&hl=en&rclk=1,KFC Summer Mall,4.0,(470),Operating
Sarawak,Kota Samarahan,https://www.google.com/maps/place/KFC+Aiman+Mall/data=!4m7!3m6!1s0x31fba22b4efaca81:0x3a9c673b8e750ddd!8m2!3d1.4559818!4d110.4473965!16s%2Fg%2F1hc32ttkm!19sChIJgcr6Tiui-zER3Q11jjtnnDo?authuser=0&hl=en&rclk=1,KFC Aiman Mall,4.0,(903),Operating
Sarawak,Puncak Borneo,https://www.google.com/maps/place/KFC+Bau/data=!4m7!3m6!1s0x31fb72baf6365d5f:0xd5479d3c45167b95!8m2!3d1.4171257!4d110.1549953!16s%2Fg%2F11b66snxtq!19sChIJX1029rpy-zERlXsWRTydR9U?authuser=0&hl=en&rclk=1,KFC Bau,3.7,(323),Operating
Sarawak,Puncak Borneo,https://www.google.com/maps/place/KFC+Satok/data=!4m7!3m6!1s0x31fba78b37fb01c5:0x50ff0abfae55fc99!8m2!3d1.552825!4d110.3353461!16s%2Fg%2F1hc329mx9!19sChIJxQH7N4un-zERmfxVrr8K_1A?authuser=0&hl=en&rclk=1,KFC Satok,4.2,"(1,012)",Operating
Sarawak,Puncak Borneo,https://www.google.com/maps/place/KFC+Siburan/data=!4m7!3m6!1s0x31fb9ebd7c1efa93:0x9d6e675194e82662!8m2!3d1.3639348!4d110.4026676!16s%2Fg%2F11b8z_7w67!19sChIJk_oefL2e-zERYibolFFnbp0?authuser=0&hl=en&rclk=1,KFC Siburan,3.5,(382),Operating
Sarawak,Puncak Borneo,https://www.google.com/maps/place/KFC+Emart+Batu+Kawa/data=!4m7!3m6!1s0x31fb098e4c1cc65f:0xfaba23d113e5cbef!8m2!3d1.5067799!4d110.2986179!16s%2Fg%2F11cnxhp_1b!19sChIJX8YcTI4J-zER78vlE9Ejuvo?authuser=0&hl=en&rclk=1,KFC Emart Batu Kawa,3.9,"(1,546)",Operating
Sarawak,Puncak Borneo,https://www.google.com/maps/place/KFC+Tabuan+Jaya/data=!4m7!3m6!1s0x31fba702063e94cd:0x298101d37de1146a!8m2!3d1.5275241!4d110.3751159!16s%2Fg%2F1hc0vfv2b!19sChIJzZQ-BgKn-zERahThfdMBgSk?authuser=0&hl=en&rclk=1,KFC Tabuan Jaya,4.0,"(1,003)",Operating
Sarawak,Puncak Borneo,https://www.google.com/maps/place/KFC+Sarawak+Plaza/data=!4m7!3m6!1s0x31fba7e9f5d0aa4d:0xd419e9f130ad082d!8m2!3d1.5576786!4d110.3537561!16s%2Fg%2F11c67s7tmb!19sChIJTarQ9emn-zERLQitMPHpGdQ?authuser=0&hl=en&rclk=1,KFC Sarawak Plaza,3.9,(491),Operating
Sarawak,Puncak Borneo,https://www.google.com/maps/place/KFC+Sri+Aman/data=!4m7!3m6!1s0x31f9483318f6abfb:0x57127301abc3645b!8m2!3d1.23698!4d111.4598772!16s%2Fg%2F1hc1sbw3s!19sChIJ-6v2GDNI-TERW2TDqwFzElc?authuser=0&hl=en&rclk=1,KFC Sri Aman,3.8,(735),Operating
Sarawak,Puncak Borneo,https://www.google.com/maps/place/KFC+Vivacity/data=!4m7!3m6!1s0x31fba70514bc3ba5:0x3282a221241dca54!8m2!3d1.5271352!4d110.3693543!16s%2Fg%2F11hbgbfzsx!19sChIJpTu8FAWn-zERVModJCGigjI?authuser=0&hl=en&rclk=1,KFC Vivacity,3.6,(300),Operating
Sarawak,Puncak Borneo,https://www.google.com/maps/place/KFC+KOTA+SENTOSA/data=!4m7!3m6!1s0x31fb0a78827bd75f:0x36ace615f8bcd464!8m2!3d1.4694971!4d110.3293109!16s%2Fg%2F1hc30tdz0!19sChIJX9d7gngK-zERZNS8-BXmrDY?authuser=0&hl=en&rclk=1,KFC KOTA SENTOSA,3.9,(731),Operating
Sarawak,Puncak Borneo,https://www.google.com/maps/place/KFC+Betong/data=!4m7!3m6!1s0x31f93e3abb4ec535:0x4e5657a43a157272!8m2!3d1.4047688!4d111.5357158!16s%2Fg%2F11g5_3_tpy!19sChIJNcVOuzo--TERcnIVOqRXVk4?authuser=0&hl=en&rclk=1,KFC Betong,3.8,(381),Operating
Sarawak,Puncak Borneo,https://www.google.com/maps/place/KFC+KIA/data=!4m7!3m6!1s0x31fba0a4dc7a4ad1:0xa1d23a1e332b7d60!8m2!3d1.486775!4d110.3417994!16s%2Fg%2F11c2qg9n_r!19sChIJ0Up63KSg-zERYH0rMx460qE?authuser=0&hl=en&rclk=1,KFC KIA,3.8,(80),Operating
Sarawak,Puncak Borneo,https://www.google.com/maps/place/KFC+Restaurant+@+eco-mall+Petrajaya/data=!4m7!3m6!1s0x31fba81d6953f497:0x791edf75780f97!8m2!3d1.582372!4d110.3316898!16s%2Fg%2F1hc4tdb72!19sChIJl_RTaR2o-zERlw94dd8eeQA?authuser=0&hl=en&rclk=1,KFC Restaurant @ eco-mall Petrajaya,4.0,(267),Operating
Sarawak,Puncak Borneo,https://www.google.com/maps/place/KFC+Shell+DT+Jalan+Stephen+Yong/data=!4m7!3m6!1s0x31fb0a18d7e1943d:0x3818aec5c5209f9a!8m2!3d1.4938969!4d110.3100667!16s%2Fg%2F11f3rrg2xm!19sChIJPZTh1xgK-zERmp8gxcWuGDg?authuser=0&hl=en&rclk=1,KFC Shell DT Jalan Stephen Yong,3.7,(404),Operating
Sarawak,Puncak Borneo,https://www.google.com/maps/place/KFC+Rock+Road/data=!4m7!3m6!1s0x31fba7656fad7c27:0x1fe06c75920edfd3!8m2!3d1.5244986!4d110.3418785!16s%2Fg%2F1hc16b_cc!19sChIJJ3ytb2Wn-zER098OknVs4B8?authuser=0&hl=en&rclk=1,KFC Rock Road,4.0,(829),Operating
Sarawak,Puncak Borneo,https://www.google.com/maps/place/KFC+Bako+Drive+Thru/data=!4m7!3m6!1s0x31fba87b4b11d4a5:0x5627a34bc4c756cd!8m2!3d1.580013!4d110.3713188!16s%2Fg%2F1pzxb2tlx!19sChIJpdQRS3uo-zERzVbHxEujJ1Y?authuser=0&hl=en&rclk=1,KFC Bako Drive Thru,4.0,"(1,204)",Operating
Sarawak,Puncak Borneo,https://www.google.com/maps/place/KFC+Matang/data=!4m7!3m6!1s0x31fb06298acf7bd3:0x472f926bf0edf9e!8m2!3d1.5739186!4d110.294445!16s%2Fg%2F1hc2d59w5!19sChIJ03vPiikG-zERnt8Ovyb5cgQ?authuser=0&hl=en&rclk=1,KFC Matang,4.6,"(1,054)",Operating
Sarawak,Puncak Borneo,https://www.google.com/maps/place/KFC+Emart+Miri/data=!4m7!3m6!1s0x321f51faf9e5521d:0xf0ccd53f633fa5ad!8m2!3d4.4783869!4d114.039589!16s%2Fg%2F11b8_x4dsz!19sChIJHVLl-fpRHzIRraU_Yz_VzPA?authuser=0&hl=en&rclk=1,KFC Emart Miri,3.9,"(1,040)",Operating
Sarawak,Puncak Borneo,https://www.google.com/maps/place/KFC+Plaza+Merdeka/data=!4m7!3m6!1s0x31fba7ee171788c3:0x8a96ad64331d485d!8m2!3d1.558127!4d110.3439701!16s%2Fg%2F11bxdw56kb!19sChIJw4gXF-6n-zERXUgdM2Stloo?authuser=0&hl=en&rclk=1,KFC Plaza Merdeka,4.2,(190),Operating
Sarawak,Puncak Borneo,https://www.google.com/maps/place/KFC+Kuching+Sentral/data=!4m7!3m6!1s0x31fba0a4d83c610d:0xd7361471711a47a9!8m2!3d1.4821666!4d110.332272!16s%2Fg%2F1hc21txj8!19sChIJDWE82KSg-zERqUcacXEUNtc?authuser=0&hl=en&rclk=1,KFC Kuching Sentral,3.6,(235),Operating
Sarawak,Puncak Borneo,https://www.google.com/maps/place/KFC+Metrocity+Drive+Thru/data=!4m7!3m6!1s0x31fb08752a0b8013:0xa45c6ba7f5b3db60!8m2!3d1.569709!4d110.3068879!16s%2Fg%2F11cjhys59_!19sChIJE4ALKnUI-zERYNuz9adrXKQ?authuser=0&hl=en&rclk=1,KFC Metrocity Drive Thru,3.8,"(1,280)",Operating
Sarawak,Puncak Borneo,https://www.google.com/maps/place/KFC+The+Spring/data=!4m7!3m6!1s0x31fba7a0633ea74d:0xec90f72f972ac21d!8m2!3d1.5355925!4d110.3576008!16s%2Fg%2F11bx8j91rz!19sChIJTac-Y6Cn-zERHcIqly_3kOw?authuser=0&hl=en&rclk=1,KFC The Spring,3.8,(337),Operating
Sarawak,Puncak Borneo,https://www.google.com/maps/place/KFC+Bintang+Plaza/data=!4m7!3m6!1s0x321f4f2cc9561fdf:0xc67499f2b10be9e5!8m2!3d4.3973582!4d113.993953!16s%2Fg%2F1hc0zkc69!19sChIJ3x9WySxPHzIR5ekLsfKZdMY?authuser=0&hl=en&rclk=1,KFC Bintang Plaza,3.7,(111),Operating
Sarawak,Puncak Borneo,https://www.google.com/maps/place/KFC+MARINA+PARKCITY/data=!4m7!3m6!1s0x321f492c1ae33e1d:0x8f97e49ccc28b59a!8m2!3d4.3932598!4d113.9852859!16s%2Fg%2F11s0wgj46s!19sChIJHT7jGixJHzIRmrUozJzkl48?authuser=0&hl=en&rclk=1,KFC MARINA PARKCITY,3.9,(807),Operating
Sarawak,Serian,https://www.google.com/maps/place/KFC+Louis+Junction/data=!4m7!3m6!1s0x31fb88fcc5ff95bb:0x62f45d4b44de57bd!8m2!3d1.1792766!4d110.5650736!16s%2Fg%2F11b6bttzgf!19sChIJu5X_xfyI-zERvVfeREtd9GI?authuser=0&hl=en&rclk=1,KFC Louis Junction,3.8,(255),Operating
Sarawak,Serian,https://www.google.com/maps/place/KFC+Serian+Baru/data=!4m7!3m6!1s0x31fb88544678cc95:0xc0484a72899f5797!8m2!3d1.167809!4d110.5651415!16s%2Fg%2F11b70hsb54!19sChIJlcx4RlSI-zERl1efiXJKSMA?authuser=0&hl=en&rclk=1,KFC Serian Baru,3.9,(374),Operating
Sarawak,Batang Sadong,https://www.google.com/maps/place/KFC+Tabuan+Jaya/data=!4m7!3m6!1s0x31fba702063e94cd:0x298101d37de1146a!8m2!3d1.5275241!4d110.3751159!16s%2Fg%2F1hc0vfv2b!19sChIJzZQ-BgKn-zERahThfdMBgSk?authuser=0&hl=en&rclk=1,KFC Tabuan Jaya,4.0,"(1,003)",Operating
Sarawak,Batang Sadong,https://www.google.com/maps/place/KFC+Matang/data=!4m7!3m6!1s0x31fb06298acf7bd3:0x472f926bf0edf9e!8m2!3d1.5739186!4d110.294445!16s%2Fg%2F1hc2d59w5!19sChIJ03vPiikG-zERnt8Ovyb5cgQ?authuser=0&hl=en&rclk=1,KFC Matang,4.6,"(1,054)",Operating
Sarawak,Batang Sadong,https://www.google.com/maps/place/KFC+Samariang/data=!4m7!3m6!1s0x31fba9457b5a147b:0xc4aaa3fcd10411e1!8m2!3d1.6369742!4d110.3420562!16s%2Fg%2F11k4l9c03s!19sChIJexRae0Wp-zER4REE0fyjqsQ?authuser=0&hl=en&rclk=1,KFC Samariang,3.8,(69),Operating
Sarawak,Batang Sadong,https://www.google.com/maps/place/KFC+Satok/data=!4m7!3m6!1s0x31fba78b37fb01c5:0x50ff0abfae55fc99!8m2!3d1.552825!4d110.3353461!16s%2Fg%2F1hc329mx9!19sChIJxQH7N4un-zERmfxVrr8K_1A?authuser=0&hl=en&rclk=1,KFC Satok,4.2,"(1,012)",Operating
Sarawak,Batang Sadong,https://www.google.com/maps/place/KFC+Sarawak+Plaza/data=!4m7!3m6!1s0x31fba7e9f5d0aa4d:0xd419e9f130ad082d!8m2!3d1.5576786!4d110.3537561!16s%2Fg%2F11c67s7tmb!19sChIJTarQ9emn-zERLQitMPHpGdQ?authuser=0&hl=en&rclk=1,KFC Sarawak Plaza,3.9,(491),Operating
Sarawak,Batang Sadong,https://www.google.com/maps/place/KFC+Kota+Samarahan+Drive+Thru/data=!4m7!3m6!1s0x31fba1fe65a90b81:0xa0b6ca84319d3a6!8m2!3d1.4799633!4d110.4151786!16s%2Fg%2F11g0mcky_k!19sChIJgQupZf6h-zERptMZQ6hsCwo?authuser=0&hl=en&rclk=1,KFC Kota Samarahan Drive Thru,3.7,(911),Operating
Sarawak,Batang Sadong,https://www.google.com/maps/place/KFC+Aiman+Mall/data=!4m7!3m6!1s0x31fba22b4efaca81:0x3a9c673b8e750ddd!8m2!3d1.4559818!4d110.4473965!16s%2Fg%2F1hc32ttkm!19sChIJgcr6Tiui-zER3Q11jjtnnDo?authuser=0&hl=en&rclk=1,KFC Aiman Mall,4.0,(903),Operating
Sarawak,Batang Sadong,https://www.google.com/maps/place/KFC+Restaurant+@+eco-mall+Petrajaya/data=!4m7!3m6!1s0x31fba81d6953f497:0x791edf75780f97!8m2!3d1.582372!4d110.3316898!16s%2Fg%2F1hc4tdb72!19sChIJl_RTaR2o-zERlw94dd8eeQA?authuser=0&hl=en&rclk=1,KFC Restaurant @ eco-mall Petrajaya,4.0,(267),Operating
Sarawak,Batang Sadong,https://www.google.com/maps/place/KFC+Emart+Batu+Kawa/data=!4m7!3m6!1s0x31fb098e4c1cc65f:0xfaba23d113e5cbef!8m2!3d1.5067799!4d110.2986179!16s%2Fg%2F11cnxhp_1b!19sChIJX8YcTI4J-zER78vlE9Ejuvo?authuser=0&hl=en&rclk=1,KFC Emart Batu Kawa,3.9,"(1,546)",Operating
Sarawak,Batang Sadong,https://www.google.com/maps/place/KFC+Betong/data=!4m7!3m6!1s0x31f93e3abb4ec535:0x4e5657a43a157272!8m2!3d1.4047688!4d111.5357158!16s%2Fg%2F11g5_3_tpy!19sChIJNcVOuzo--TERcnIVOqRXVk4?authuser=0&hl=en&rclk=1,KFC Betong,3.8,(381),Operating
Sarawak,Batang Sadong,https://www.google.com/maps/place/KFC+KOTA+SENTOSA/data=!4m7!3m6!1s0x31fb0a78827bd75f:0x36ace615f8bcd464!8m2!3d1.4694971!4d110.3293109!16s%2Fg%2F1hc30tdz0!19sChIJX9d7gngK-zERZNS8-BXmrDY?authuser=0&hl=en&rclk=1,KFC KOTA SENTOSA,3.9,(731),Operating
Sarawak,Batang Sadong,https://www.google.com/maps/place/KFC+Siburan/data=!4m7!3m6!1s0x31fb9ebd7c1efa93:0x9d6e675194e82662!8m2!3d1.3639348!4d110.4026676!16s%2Fg%2F11b8z_7w67!19sChIJk_oefL2e-zERYibolFFnbp0?authuser=0&hl=en&rclk=1,KFC Siburan,3.5,(382),Operating
Sarawak,Batang Sadong,https://www.google.com/maps/place/KFC+PETROS+Darul+Hana+DT/data=!4m7!3m6!1s0x31fba7f0956d333b:0xfe591b0b83cf4156!8m2!3d1.5655675!4d110.3657562!16s%2Fg%2F11vd_9sx4f!19sChIJOzNtlfCn-zERVkHPgwsbWf4?authuser=0&hl=en&rclk=1,KFC PETROS Darul Hana DT,3.1,(66),Operating
Sarawak,Batang Sadong,https://www.google.com/maps/place/KFC+Bako+Drive+Thru/data=!4m7!3m6!1s0x31fba87b4b11d4a5:0x5627a34bc4c756cd!8m2!3d1.580013!4d110.3713188!16s%2Fg%2F1pzxb2tlx!19sChIJpdQRS3uo-zERzVbHxEujJ1Y?authuser=0&hl=en&rclk=1,KFC Bako Drive Thru,4.0,"(1,204)",Operating
Sarawak,Batang Sadong,https://www.google.com/maps/place/KFC+The+Spring/data=!4m7!3m6!1s0x31fba7a0633ea74d:0xec90f72f972ac21d!8m2!3d1.5355925!4d110.3576008!16s%2Fg%2F11bx8j91rz!19sChIJTac-Y6Cn-zERHcIqly_3kOw?authuser=0&hl=en&rclk=1,KFC The Spring,3.8,(337),Operating
Sarawak,Batang Sadong,https://www.google.com/maps/place/KFC+Vivacity/data=!4m7!3m6!1s0x31fba70514bc3ba5:0x3282a221241dca54!8m2!3d1.5271352!4d110.3693543!16s%2Fg%2F11hbgbfzsx!19sChIJpTu8FAWn-zERVModJCGigjI?authuser=0&hl=en&rclk=1,KFC Vivacity,3.6,(300),Operating
Sarawak,Batang Sadong,https://www.google.com/maps/place/KFC+Kuching+Sentral/data=!4m7!3m6!1s0x31fba0a4d83c610d:0xd7361471711a47a9!8m2!3d1.4821666!4d110.332272!16s%2Fg%2F1hc21txj8!19sChIJDWE82KSg-zERqUcacXEUNtc?authuser=0&hl=en&rclk=1,KFC Kuching Sentral,3.6,(235),Operating
Sarawak,Batang Sadong,https://www.google.com/maps/place/KFC+KIA/data=!4m7!3m6!1s0x31fba0a4dc7a4ad1:0xa1d23a1e332b7d60!8m2!3d1.486775!4d110.3417994!16s%2Fg%2F11c2qg9n_r!19sChIJ0Up63KSg-zERYH0rMx460qE?authuser=0&hl=en&rclk=1,KFC KIA,3.8,(80),Operating
Sarawak,Batang Sadong,https://www.google.com/maps/place/KFC+Shell+DT+Jalan+Stephen+Yong/data=!4m7!3m6!1s0x31fb0a18d7e1943d:0x3818aec5c5209f9a!8m2!3d1.4938969!4d110.3100667!16s%2Fg%2F11f3rrg2xm!19sChIJPZTh1xgK-zERmp8gxcWuGDg?authuser=0&hl=en&rclk=1,KFC Shell DT Jalan Stephen Yong,3.7,(404),Operating
Sarawak,Batang Sadong,https://www.google.com/maps/place/KFC+Plaza+Merdeka/data=!4m7!3m6!1s0x31fba7ee171788c3:0x8a96ad64331d485d!8m2!3d1.558127!4d110.3439701!16s%2Fg%2F11bxdw56kb!19sChIJw4gXF-6n-zERXUgdM2Stloo?authuser=0&hl=en&rclk=1,KFC Plaza Merdeka,4.2,(190),Operating
Sarawak,Batang Sadong,https://www.google.com/maps/place/KFC+Serian+Baru/data=!4m7!3m6!1s0x31fb88544678cc95:0xc0484a72899f5797!8m2!3d1.167809!4d110.5651415!16s%2Fg%2F11b70hsb54!19sChIJlcx4RlSI-zERl1efiXJKSMA?authuser=0&hl=en&rclk=1,KFC Serian Baru,3.9,(374),Operating
Sarawak,Batang Sadong,https://www.google.com/maps/place/KFC+Bau/data=!4m7!3m6!1s0x31fb72baf6365d5f:0xd5479d3c45167b95!8m2!3d1.4171257!4d110.1549953!16s%2Fg%2F11b66snxtq!19sChIJX1029rpy-zERlXsWRTydR9U?authuser=0&hl=en&rclk=1,KFC Bau,3.7,(323),Operating
Sarawak,Batang Sadong,https://www.google.com/maps/place/KFC+Rock+Road/data=!4m7!3m6!1s0x31fba7656fad7c27:0x1fe06c75920edfd3!8m2!3d1.5244986!4d110.3418785!16s%2Fg%2F1hc16b_cc!19sChIJJ3ytb2Wn-zER098OknVs4B8?authuser=0&hl=en&rclk=1,KFC Rock Road,4.0,(829),Operating
Sarawak,Batang Lupar,https://www.google.com/maps/place/KFC+Tatau/data=!4m7!3m6!1s0x321d9d8c3334f335:0xa47cb84317a8879b!8m2!3d2.8788909!4d112.852212!16s%2Fg%2F11lp_76jlb!19sChIJNfM0M4ydHTIRm4eoF0O4fKQ?authuser=0&hl=en&rclk=1,KFC Tatau,4.0,(127),Operating
Sarawak,Batang Lupar,https://www.google.com/maps/place/KFC+Kapit/data=!4m7!3m6!1s0x3202bef132b86605:0xdde4633dbfb534b0!8m2!3d2.0164266!4d112.9377664!16s%2Fg%2F11clyqzqzp!19sChIJBWa4MvG-AjIRsDS1vz1j5N0?authuser=0&hl=en&rclk=1,KFC Kapit,3.9,(367),Operating
Sarawak,Batang Lupar,https://www.google.com/maps/place/KFC+Kidurong/data=!4m7!3m6!1s0x321dc48329eb70cb:0xa7b801310a6bf8d7!8m2!3d3.2664696!4d113.0997422!16s%2Fg%2F11cn9hkblp!19sChIJy3DrKYPEHTIR1_hrCjEBuKc?authuser=0&hl=en&rclk=1,KFC Kidurong,3.8,(566),Operating
Sarawak,Batang Lupar,https://www.google.com/maps/place/KFC+Betong/data=!4m7!3m6!1s0x31f93e3abb4ec535:0x4e5657a43a157272!8m2!3d1.4047688!4d111.5357158!16s%2Fg%2F11g5_3_tpy!19sChIJNcVOuzo--TERcnIVOqRXVk4?authuser=0&hl=en&rclk=1,KFC Betong,3.8,(381),Operating
Sarawak,Batang Lupar,https://www.google.com/maps/place/KFC+Sarawak+Plaza/data=!4m7!3m6!1s0x31fba7e9f5d0aa4d:0xd419e9f130ad082d!8m2!3d1.5576786!4d110.3537561!16s%2Fg%2F11c67s7tmb!19sChIJTarQ9emn-zERLQitMPHpGdQ?authuser=0&hl=en&rclk=1,KFC Sarawak Plaza,3.9,(491),Operating
Sarawak,Batang Lupar,https://www.google.com/maps/place/KFC+Saratok/data=!4m7!3m6!1s0x31f99dab9a00a79d:0x1a51b73e2226a13d!8m2!3d1.740031!4d111.3375129!16s%2Fg%2F11c611nyr8!19sChIJnacAmqud-TERPaEmIj63URo?authuser=0&hl=en&rclk=1,KFC Saratok,3.6,(287),Operating
Sarawak,Batang Lupar,https://www.google.com/maps/place/KFC+Siburan/data=!4m7!3m6!1s0x31fb9ebd7c1efa93:0x9d6e675194e82662!8m2!3d1.3639348!4d110.4026676!16s%2Fg%2F11b8z_7w67!19sChIJk_oefL2e-zERYibolFFnbp0?authuser=0&hl=en&rclk=1,KFC Siburan,3.5,(382),Operating
Sarawak,Batang Lupar,https://www.google.com/maps/place/KFC+Tabuan+Jaya/data=!4m7!3m6!1s0x31fba702063e94cd:0x298101d37de1146a!8m2!3d1.5275241!4d110.3751159!16s%2Fg%2F1hc0vfv2b!19sChIJzZQ-BgKn-zERahThfdMBgSk?authuser=0&hl=en&rclk=1,KFC Tabuan Jaya,4.0,"(1,003)",Operating
Sarawak,Batang Lupar,https://www.google.com/maps/place/KFC+PETROS+Darul+Hana+DT/data=!4m7!3m6!1s0x31fba7f0956d333b:0xfe591b0b83cf4156!8m2!3d1.5655675!4d110.3657562!16s%2Fg%2F11vd_9sx4f!19sChIJOzNtlfCn-zERVkHPgwsbWf4?authuser=0&hl=en&rclk=1,KFC PETROS Darul Hana DT,3.1,(66),Operating
Sarawak,Batang Lupar,https://www.google.com/maps/place/KFC+Satok/data=!4m7!3m6!1s0x31fba78b37fb01c5:0x50ff0abfae55fc99!8m2!3d1.552825!4d110.3353461!16s%2Fg%2F1hc329mx9!19sChIJxQH7N4un-zERmfxVrr8K_1A?authuser=0&hl=en&rclk=1,KFC Satok,4.2,"(1,012)",Operating
Sarawak,Batang Lupar,https://www.google.com/maps/place/KFC+Matang/data=!4m7!3m6!1s0x31fb06298acf7bd3:0x472f926bf0edf9e!8m2!3d1.5739186!4d110.294445!16s%2Fg%2F1hc2d59w5!19sChIJ03vPiikG-zERnt8Ovyb5cgQ?authuser=0&hl=en&rclk=1,KFC Matang,4.6,"(1,054)",Operating
Sarawak,Batang Lupar,https://www.google.com/maps/place/KFC+Tabuan+Tranquility+DT/data=!4m7!3m6!1s0x31fba6dc90404985:0xfe6baef7313ea7c1!8m2!3d1.5126175!4d110.3883401!16s%2Fg%2F11c2q55q9b!19sChIJhUlAkNym-zERwac-Mfeua_4?authuser=0&hl=en&rclk=1,KFC Tabuan Tranquility DT,3.9,"(1,500)",Operating
Sarawak,Batang Lupar,https://www.google.com/maps/place/KFC+Boulevard+Mall/data=!4m7!3m6!1s0x31fba759eaf3a85d:0xea35800045d70b09!8m2!3d1.5096308!4d110.3360305!16s%2Fg%2F1hc0vfv2c!19sChIJXajz6lmn-zERCQvXRQCANeo?authuser=0&hl=en&rclk=1,KFC Boulevard Mall,3.4,(135),Operating
Sarawak,Batang Lupar,https://www.google.com/maps/place/KFC+Emart+Batu+Kawa/data=!4m7!3m6!1s0x31fb098e4c1cc65f:0xfaba23d113e5cbef!8m2!3d1.5067799!4d110.2986179!16s%2Fg%2F11cnxhp_1b!19sChIJX8YcTI4J-zER78vlE9Ejuvo?authuser=0&hl=en&rclk=1,KFC Emart Batu Kawa,3.9,"(1,546)",Operating
Sarawak,Batang Lupar,https://www.google.com/maps/place/KFC+Bako+Drive+Thru/data=!4m7!3m6!1s0x31fba87b4b11d4a5:0x5627a34bc4c756cd!8m2!3d1.580013!4d110.3713188!16s%2Fg%2F1pzxb2tlx!19sChIJpdQRS3uo-zERzVbHxEujJ1Y?authuser=0&hl=en&rclk=1,KFC Bako Drive Thru,4.0,"(1,204)",Operating
Sarawak,Batang Lupar,https://www.google.com/maps/place/KFC+Sri+Aman/data=!4m7!3m6!1s0x31f9483318f6abfb:0x57127301abc3645b!8m2!3d1.23698!4d111.4598772!16s%2Fg%2F1hc1sbw3s!19sChIJ-6v2GDNI-TERW2TDqwFzElc?authuser=0&hl=en&rclk=1,KFC Sri Aman,3.8,(735),Operating
Sarawak,Sri Aman,"https://www.google.com/maps/search/KFC+near+Sri Aman,+Sarawak",KFC Sri Aman,3.8,(735),Operating
Sarawak,Lubok Antu,https://www.google.com/maps/place/KFC+Tatau/data=!4m7!3m6!1s0x321d9d8c3334f335:0xa47cb84317a8879b!8m2!3d2.8788909!4d112.852212!16s%2Fg%2F11lp_76jlb!19sChIJNfM0M4ydHTIRm4eoF0O4fKQ?authuser=0&hl=en&rclk=1,KFC Tatau,4.0,(127),Operating
Sarawak,Lubok Antu,https://www.google.com/maps/place/KFC+Kidurong/data=!4m7!3m6!1s0x321dc48329eb70cb:0xa7b801310a6bf8d7!8m2!3d3.2664696!4d113.0997422!16s%2Fg%2F11cn9hkblp!19sChIJy3DrKYPEHTIR1_hrCjEBuKc?authuser=0&hl=en&rclk=1,KFC Kidurong,3.8,(566),Operating
Sarawak,Lubok Antu,https://www.google.com/maps/place/KFC+Sri+Aman/data=!4m7!3m6!1s0x31f9483318f6abfb:0x57127301abc3645b!8m2!3d1.23698!4d111.4598772!16s%2Fg%2F1hc1sbw3s!19sChIJ-6v2GDNI-TERW2TDqwFzElc?authuser=0&hl=en&rclk=1,KFC Sri Aman,3.8,(735),Operating
Sarawak,Betong,"https://www.google.com/maps/search/KFC+near+Betong,+Sarawak",KFC Betong,3.8,(381),Operating
Sarawak,Saratok,"https://www.google.com/maps/search/KFC+near+Saratok,+Sarawak",KFC Saratok,3.6,(287),Operating
Sarawak,Tanjong Manis,https://www.google.com/maps/place/KFC+Tatau/data=!4m7!3m6!1s0x321d9d8c3334f335:0xa47cb84317a8879b!8m2!3d2.8788909!4d112.852212!16s%2Fg%2F11lp_76jlb!19sChIJNfM0M4ydHTIRm4eoF0O4fKQ?authuser=0&hl=en&rclk=1,KFC Tatau,4.0,(127),Operating
Sarawak,Tanjong Manis,https://www.google.com/maps/place/KFC+Kapit/data=!4m7!3m6!1s0x3202bef132b86605:0xdde4633dbfb534b0!8m2!3d2.0164266!4d112.9377664!16s%2Fg%2F11clyqzqzp!19sChIJBWa4MvG-AjIRsDS1vz1j5N0?authuser=0&hl=en&rclk=1,KFC Kapit,3.9,(367),Operating
Sarawak,Tanjong Manis,https://www.google.com/maps/place/KFC+Kidurong/data=!4m7!3m6!1s0x321dc48329eb70cb:0xa7b801310a6bf8d7!8m2!3d3.2664696!4d113.0997422!16s%2Fg%2F11cn9hkblp!19sChIJy3DrKYPEHTIR1_hrCjEBuKc?authuser=0&hl=en&rclk=1,KFC Kidurong,3.8,(566),Operating
Sarawak,Tanjong Manis,https://www.google.com/maps/place/KFC+Taman+Selera+Drive+Thru/data=!4m7!3m6!1s0x321f48919e9c7909:0xd22f602fcf830a29!8m2!3d4.3709568!4d113.9689308!16s%2Fg%2F11b6lkx7k0!19sChIJCXmcnpFIHzIRKQqDzy9gL9I?authuser=0&hl=en&rclk=1,KFC Taman Selera Drive Thru,3.6,(751),Operating
Sarawak,Tanjong Manis,https://www.google.com/maps/place/KFC+Sarawak+Plaza/data=!4m7!3m6!1s0x31fba7e9f5d0aa4d:0xd419e9f130ad082d!8m2!3d1.5576786!4d110.3537561!16s%2Fg%2F11c67s7tmb!19sChIJTarQ9emn-zERLQitMPHpGdQ?authuser=0&hl=en&rclk=1,KFC Sarawak Plaza,3.9,(491),Operating
Sarawak,Tanjong Manis,https://www.google.com/maps/place/KFC+Satok/data=!4m7!3m6!1s0x31fba78b37fb01c5:0x50ff0abfae55fc99!8m2!3d1.552825!4d110.3353461!16s%2Fg%2F1hc329mx9!19sChIJxQH7N4un-zERmfxVrr8K_1A?authuser=0&hl=en&rclk=1,KFC Satok,4.2,"(1,012)",Operating
Sarawak,Igan,https://www.google.com/maps/place/KFC+Mukah/data=!4m7!3m6!1s0x31f64d1effb8b60b:0xd64f476275fbb9d!8m2!3d2.8914052!4d112.0923361!16s%2Fg%2F1hc95gfwr!19sChIJC7a4_x5N9jERnbtfJ3b0ZA0?authuser=0&hl=en&rclk=1,KFC Mukah,3.8,(849),Operating
Sarawak,Igan,https://www.google.com/maps/place/KFC+Kapit/data=!4m7!3m6!1s0x3202bef132b86605:0xdde4633dbfb534b0!8m2!3d2.0164266!4d112.9377664!16s%2Fg%2F11clyqzqzp!19sChIJBWa4MvG-AjIRsDS1vz1j5N0?authuser=0&hl=en&rclk=1,KFC Kapit,3.9,(367),Operating
Sarawak,Igan,https://www.google.com/maps/place/KFC+Sibu+Jaya/data=!4m7!3m6!1s0x31f829735582b583:0x63d476f0c6be942a!8m2!3d2.2404916!4d111.9759122!16s%2Fg%2F11b7hfjv61!19sChIJg7WCVXMp-DERKpS-xvB21GM?authuser=0&hl=en&rclk=1,KFC Sibu Jaya,3.9,(557),Operating
Sarawak,Igan,https://www.google.com/maps/place/KFC+Sibu+1/data=!4m7!3m6!1s0x31f77fdc6d7da9ff:0x925a9e97579d8f8e!8m2!3d2.2902175!4d111.8277911!16s%2Fg%2F1hc7gcrkj!19sChIJ_6l9bdx_9zERjo-dV5eeWpI?authuser=0&hl=en&rclk=1,KFC Sibu 1,4.1,(548),Operating
Sarawak,Igan,https://www.google.com/maps/place/KFC+Tanahmas/data=!4m7!3m6!1s0x31f77fddb12624c3:0x70d7465b447b4cd4!8m2!3d2.2881563!4d111.8306311!16s%2Fg%2F1hc48ylqc!19sChIJwyQmsd1_9zER1Ex7RFtG13A?authuser=0&hl=en&rclk=1,KFC Tanahmas,4.0,(920),Operating
Sarawak,Igan,https://www.google.com/maps/place/KFC+Wisma+Sanyan/data=!4m7!3m6!1s0x31f77fdb9f88c82f:0xe5ea3e2b8b2cbde4!8m2!3d2.2901169!4d111.8253499!16s%2Fg%2F1hc1390p9!19sChIJL8iIn9t_9zER5L0siys-6uU?authuser=0&hl=en&rclk=1,KFC Wisma Sanyan,3.8,(154),Operating
Sarawak,Igan,https://www.google.com/maps/place/KFC+LKC+Sibu/data=!4m7!3m6!1s0x31f77f7e81423cbd:0x6f1e87325d1b531a!8m2!3d2.3241988!4d111.8522455!16s%2Fg%2F11b8b_fnhh!19sChIJvTxCgX5_9zERGlMbXTKHHm8?authuser=0&hl=en&rclk=1,KFC LKC Sibu,4.0,(415),Operating
Sarawak,Igan,https://www.google.com/maps/place/KFC+Niah/data=!4m7!3m6!1s0x321ee85feade816b:0x820fd250a5c862ef!8m2!3d3.8569943!4d113.7169883!16s%2Fg%2F11c1xmbsbl!19sChIJa4He6l_oHjIR72LIpVDSD4I?authuser=0&hl=en&rclk=1,KFC Niah,4.0,(327),Operating
Sarawak,Igan,https://www.google.com/maps/place/KFC+Sing+Kwong/data=!4m7!3m6!1s0x31f82ab582031065:0xab7bb93ef1558679!8m2!3d2.2656851!4d111.8596052!16s%2Fg%2F1hc3d2fmz!19sChIJZRADgrUq-DEReYZV8T65e6s?authuser=0&hl=en&rclk=1,KFC Sing Kwong,3.7,(510),Operating
Sarawak,Igan,https://www.google.com/maps/place/KFC+Bau/data=!4m7!3m6!1s0x31fb72baf6365d5f:0xd5479d3c45167b95!8m2!3d1.4171257!4d110.1549953!16s%2Fg%2F11b66snxtq!19sChIJX1029rpy-zERlXsWRTydR9U?authuser=0&hl=en&rclk=1,KFC Bau,3.7,(323),Operating
Sarawak,Igan,https://www.google.com/maps/place/KFC+KIS/data=!4m7!3m6!1s0x31fba7f2e27bf1d7:0x51562547038d7e27!8m2!3d1.5550729!4d110.3402377!16s%2Fg%2F1th54j6k!19sChIJ1_F74vKn-zERJ36NA0clVlE?authuser=0&hl=en&rclk=1,KFC KIS,4.1,(226),Operating
Sarawak,Igan,https://www.google.com/maps/place/KFC+Sri+Aman/data=!4m7!3m6!1s0x31f9483318f6abfb:0x57127301abc3645b!8m2!3d1.23698!4d111.4598772!16s%2Fg%2F1hc1sbw3s!19sChIJ-6v2GDNI-TERW2TDqwFzElc?authuser=0&hl=en&rclk=1,KFC Sri Aman,3.8,(735),Operating
Sarawak,Igan,https://www.google.com/maps/place/KFC+Sarawak+Plaza/data=!4m7!3m6!1s0x31fba7e9f5d0aa4d:0xd419e9f130ad082d!8m2!3d1.5576786!4d110.3537561!16s%2Fg%2F11c67s7tmb!19sChIJTarQ9emn-zERLQitMPHpGdQ?authuser=0&hl=en&rclk=1,KFC Sarawak Plaza,3.9,(491),Operating
Sarawak,Igan,https://www.google.com/maps/place/KFC+Aiman+Mall/data=!4m7!3m6!1s0x31fba22b4efaca81:0x3a9c673b8e750ddd!8m2!3d1.4559818!4d110.4473965!16s%2Fg%2F1hc32ttkm!19sChIJgcr6Tiui-zER3Q11jjtnnDo?authuser=0&hl=en&rclk=1,KFC Aiman Mall,4.0,(903),Operating
Sarawak,Igan,https://www.google.com/maps/place/KFC+Betong/data=!4m7!3m6!1s0x31f93e3abb4ec535:0x4e5657a43a157272!8m2!3d1.4047688!4d111.5357158!16s%2Fg%2F11g5_3_tpy!19sChIJNcVOuzo--TERcnIVOqRXVk4?authuser=0&hl=en&rclk=1,KFC Betong,3.8,(381),Operating
Sarawak,Igan,https://www.google.com/maps/place/KFC+KIA/data=!4m7!3m6!1s0x31fba0a4dc7a4ad1:0xa1d23a1e332b7d60!8m2!3d1.486775!4d110.3417994!16s%2Fg%2F11c2qg9n_r!19sChIJ0Up63KSg-zERYH0rMx460qE?authuser=0&hl=en&rclk=1,KFC KIA,3.8,(80),Operating
Sarawak,Igan,https://www.google.com/maps/place/KFC+Sarikei/data=!4m7!3m6!1s0x31f9c2decb68bcdf:0x46484e64a0a3dca8!8m2!3d2.1312361!4d111.5201947!16s%2Fg%2F1hc8gffy8!19sChIJ37xoy97C-TERqNyjoGROSEY?authuser=0&hl=en&rclk=1,KFC Sarikei,4.0,(772),Operating
Sarawak,Igan,https://www.google.com/maps/place/KFC+Emart+Riam+Miri/data=!4m7!3m6!1s0x321f484923f50801:0xe882bd6c41b6a55f!8m2!3d4.343522!4d113.9927549!16s%2Fg%2F11c75ss1ts!19sChIJAQj1I0lIHzIRX6W2QWy9gug?authuser=0&hl=en&rclk=1,KFC Emart Riam Miri,3.6,(450),Operating
Sarawak,Igan,https://www.google.com/maps/place/KFC+Samariang/data=!4m7!3m6!1s0x31fba9457b5a147b:0xc4aaa3fcd10411e1!8m2!3d1.6369742!4d110.3420562!16s%2Fg%2F11k4l9c03s!19sChIJexRae0Wp-zER4REE0fyjqsQ?authuser=0&hl=en&rclk=1,KFC Samariang,3.8,(69),Operating
Sarawak,Igan,https://www.google.com/maps/place/KFC+Emart+Batu+Kawa/data=!4m7!3m6!1s0x31fb098e4c1cc65f:0xfaba23d113e5cbef!8m2!3d1.5067799!4d110.2986179!16s%2Fg%2F11cnxhp_1b!19sChIJX8YcTI4J-zER78vlE9Ejuvo?authuser=0&hl=en&rclk=1,KFC Emart Batu Kawa,3.9,"(1,546)",Operating
Sarawak,Igan,https://www.google.com/maps/place/KFC+Saratok/data=!4m7!3m6!1s0x31f99dab9a00a79d:0x1a51b73e2226a13d!8m2!3d1.740031!4d111.3375129!16s%2Fg%2F11c611nyr8!19sChIJnacAmqud-TERPaEmIj63URo?authuser=0&hl=en&rclk=1,KFC Saratok,3.6,(287),Operating
Sarawak,Sarikei,"https://www.google.com/maps/search/KFC+near+Sarikei,+Sarawak",KFC Sarikei,4.0,(772),Operating
Sarawak,Julau,https://www.google.com/maps/place/KFC+Tatau/data=!4m7!3m6!1s0x321d9d8c3334f335:0xa47cb84317a8879b!8m2!3d2.8788909!4d112.852212!16s%2Fg%2F11lp_76jlb!19sChIJNfM0M4ydHTIRm4eoF0O4fKQ?authuser=0&hl=en&rclk=1,KFC Tatau,4.0,(127),Operating
Sarawak,Julau,https://www.google.com/maps/place/KFC+Sarikei/data=!4m7!3m6!1s0x31f9c2decb68bcdf:0x46484e64a0a3dca8!8m2!3d2.1312361!4d111.5201947!16s%2Fg%2F1hc8gffy8!19sChIJ37xoy97C-TERqNyjoGROSEY?authuser=0&hl=en&rclk=1,KFC Sarikei,4.0,(772),Operating
Sarawak,Julau,https://www.google.com/maps/place/KFC+Kapit/data=!4m7!3m6!1s0x3202bef132b86605:0xdde4633dbfb534b0!8m2!3d2.0164266!4d112.9377664!16s%2Fg%2F11clyqzqzp!19sChIJBWa4MvG-AjIRsDS1vz1j5N0?authuser=0&hl=en&rclk=1,KFC Kapit,3.9,(367),Operating
Sarawak,Julau,https://www.google.com/maps/place/KFC+Mukah/data=!4m7!3m6!1s0x31f64d1effb8b60b:0xd64f476275fbb9d!8m2!3d2.8914052!4d112.0923361!16s%2Fg%2F1hc95gfwr!19sChIJC7a4_x5N9jERnbtfJ3b0ZA0?authuser=0&hl=en&rclk=1,KFC Mukah,3.8,(849),Operating
Sarawak,Julau,https://www.google.com/maps/place/JULAU+FOODCOURT/data=!4m7!3m6!1s0x31f835004db931fd:0xf550570893962fd3!8m2!3d2.0101779!4d111.9100493!16s%2Fg%2F11w7vvp28s!19sChIJ_TG5TQA1-DER0y-WkwhXUPU?authuser=0&hl=en&rclk=1,JULAU FOODCOURT,4.7,(6),Operating
Sarawak,Julau,https://www.google.com/maps/place/KFC+Sibu+Jaya/data=!4m7!3m6!1s0x31f829735582b583:0x63d476f0c6be942a!8m2!3d2.2404916!4d111.9759122!16s%2Fg%2F11b7hfjv61!19sChIJg7WCVXMp-DERKpS-xvB21GM?authuser=0&hl=en&rclk=1,KFC Sibu Jaya,3.9,(557),Operating
Sarawak,Kanowit,https://www.google.com/maps/place/KFC+Tatau/data=!4m7!3m6!1s0x321d9d8c3334f335:0xa47cb84317a8879b!8m2!3d2.8788909!4d112.852212!16s%2Fg%2F11lp_76jlb!19sChIJNfM0M4ydHTIRm4eoF0O4fKQ?authuser=0&hl=en&rclk=1,KFC Tatau,4.0,(127),Operating
Sarawak,Kanowit,https://www.google.com/maps/place/SugarBun+Kanowit/data=!4m7!3m6!1s0x31f83c88cd8359d3:0x7e47b96c0f993d26!8m2!3d2.1005043!4d112.1571797!16s%2Fg%2F11cn8s23sy!19sChIJ01mDzYg8-DERJj2ZD2y5R34?authuser=0&hl=en&rclk=1,SugarBun Kanowit,3.5,(46),Operating
Sarawak,Kanowit,https://www.google.com/maps/place/KFC+Kapit/data=!4m7!3m6!1s0x3202bef132b86605:0xdde4633dbfb534b0!8m2!3d2.0164266!4d112.9377664!16s%2Fg%2F11clyqzqzp!19sChIJBWa4MvG-AjIRsDS1vz1j5N0?authuser=0&hl=en&rclk=1,KFC Kapit,3.9,(367),Operating
Sarawak,Kanowit,https://www.google.com/maps/place/KFC+Sibu+Jaya/data=!4m7!3m6!1s0x31f829735582b583:0x63d476f0c6be942a!8m2!3d2.2404916!4d111.9759122!16s%2Fg%2F11b7hfjv61!19sChIJg7WCVXMp-DERKpS-xvB21GM?authuser=0&hl=en&rclk=1,KFC Sibu Jaya,3.9,(557),Operating
Sarawak,Kanowit,https://www.google.com/maps/place/KFC+Wisma+Sanyan/data=!4m7!3m6!1s0x31f77fdb9f88c82f:0xe5ea3e2b8b2cbde4!8m2!3d2.2901169!4d111.8253499!16s%2Fg%2F1hc1390p9!19sChIJL8iIn9t_9zER5L0siys-6uU?authuser=0&hl=en&rclk=1,KFC Wisma Sanyan,3.8,(154),Operating
Sarawak,Kanowit,https://www.google.com/maps/place/Kanowit+Food+Court/data=!4m7!3m6!1s0x31f83d68753bf9ab:0xdafd4f09b7d688c!8m2!3d2.1001745!4d112.1570359!16s%2Fg%2F11h5txmynr!19sChIJq_k7dWg9-DERjGh9m_DUrw0?authuser=0&hl=en&rclk=1,Kanowit Food Court,3.5,(37),No status
Sarawak,Kanowit,https://www.google.com/maps/place/KFC+Sibu+1/data=!4m7!3m6!1s0x31f77fdc6d7da9ff:0x925a9e97579d8f8e!8m2!3d2.2902175!4d111.8277911!16s%2Fg%2F1hc7gcrkj!19sChIJ_6l9bdx_9zERjo-dV5eeWpI?authuser=0&hl=en&rclk=1,KFC Sibu 1,4.1,(548),Operating
Sarawak,Kanowit,https://www.google.com/maps/place/KFC+Tanahmas/data=!4m7!3m6!1s0x31f77fddb12624c3:0x70d7465b447b4cd4!8m2!3d2.2881563!4d111.8306311!16s%2Fg%2F1hc48ylqc!19sChIJwyQmsd1_9zER1Ex7RFtG13A?authuser=0&hl=en&rclk=1,KFC Tanahmas,4.0,(920),Operating
Sarawak,Kanowit,https://www.google.com/maps/place/KFC+Sing+Kwong/data=!4m7!3m6!1s0x31f82ab582031065:0xab7bb93ef1558679!8m2!3d2.2656851!4d111.8596052!16s%2Fg%2F1hc3d2fmz!19sChIJZRADgrUq-DEReYZV8T65e6s?authuser=0&hl=en&rclk=1,KFC Sing Kwong,3.7,(510),Operating
Sarawak,Kanowit,https://www.google.com/maps/place/KFC+LKC+Sibu/data=!4m7!3m6!1s0x31f77f7e81423cbd:0x6f1e87325d1b531a!8m2!3d2.3241988!4d111.8522455!16s%2Fg%2F11b8b_fnhh!19sChIJvTxCgX5_9zERGlMbXTKHHm8?authuser=0&hl=en&rclk=1,KFC LKC Sibu,4.0,(415),Operating
Sarawak,Kanowit,https://www.google.com/maps/place/KFC+Sibu+Bus+Terminal/data=!4m7!3m6!1s0x31f77f8c88717941:0xfca870661d26c554!8m2!3d2.3044411!4d111.8502103!16s%2Fg%2F11g6nqqmpq!19sChIJQXlxiIx_9zERVMUmHWZwqPw?authuser=0&hl=en&rclk=1,KFC Sibu Bus Terminal,3.9,(316),Operating
Sarawak,Kanowit,https://www.google.com/maps/place/KFC+Sri+Aman/data=!4m7!3m6!1s0x31f9483318f6abfb:0x57127301abc3645b!8m2!3d1.23698!4d111.4598772!16s%2Fg%2F1hc1sbw3s!19sChIJ-6v2GDNI-TERW2TDqwFzElc?authuser=0&hl=en&rclk=1,KFC Sri Aman,3.8,(735),Operating
Sarawak,Kanowit,https://www.google.com/maps/place/KFC+Kidurong/data=!4m7!3m6!1s0x321dc48329eb70cb:0xa7b801310a6bf8d7!8m2!3d3.2664696!4d113.0997422!16s%2Fg%2F11cn9hkblp!19sChIJy3DrKYPEHTIR1_hrCjEBuKc?authuser=0&hl=en&rclk=1,KFC Kidurong,3.8,(566),Operating
Sarawak,Kanowit,https://www.google.com/maps/place/KFC+Betong/data=!4m7!3m6!1s0x31f93e3abb4ec535:0x4e5657a43a157272!8m2!3d1.4047688!4d111.5357158!16s%2Fg%2F11g5_3_tpy!19sChIJNcVOuzo--TERcnIVOqRXVk4?authuser=0&hl=en&rclk=1,KFC Betong,3.8,(381),Operating
Sarawak,Kanowit,https://www.google.com/maps/place/CCK+Fresh+Mart+%28Kanowit+Branch%29/data=!4m7!3m6!1s0x31f83d0003dfe48f:0xccc42d5294021b3!8m2!3d2.1011755!4d112.1527148!16s%2Fg%2F11m6lx1byk!19sChIJj-TfAwA9-DERsyFAKdVCzAw?authuser=0&hl=en&rclk=1,CCK Fresh Mart (Kanowit Branch),0,0,Operating
Sarawak,Kanowit,https://www.google.com/maps/place/KFC+Saratok/data=!4m7!3m6!1s0x31f99dab9a00a79d:0x1a51b73e2226a13d!8m2!3d1.740031!4d111.3375129!16s%2Fg%2F11c611nyr8!19sChIJnacAmqud-TERPaEmIj63URo?authuser=0&hl=en&rclk=1,KFC Saratok,3.6,(287),Operating
Sarawak,Kanowit,https://www.google.com/maps/place/KFC+Mukah/data=!4m7!3m6!1s0x31f64d1effb8b60b:0xd64f476275fbb9d!8m2!3d2.8914052!4d112.0923361!16s%2Fg%2F1hc95gfwr!19sChIJC7a4_x5N9jERnbtfJ3b0ZA0?authuser=0&hl=en&rclk=1,KFC Mukah,3.8,(849),Operating
Sarawak,Kanowit,https://www.google.com/maps/place/KFC+Sarikei/data=!4m7!3m6!1s0x31f9c2decb68bcdf:0x46484e64a0a3dca8!8m2!3d2.1312361!4d111.5201947!16s%2Fg%2F1hc8gffy8!19sChIJ37xoy97C-TERqNyjoGROSEY?authuser=0&hl=en&rclk=1,KFC Sarikei,4.0,(772),Operating
Sarawak,Kanowit,https://www.google.com/maps/place/Family+W+Mart+Kanowit/data=!4m7!3m6!1s0x31f83c88ca991385:0x87d7cd86c7033a24!8m2!3d2.1013053!4d112.156988!16s%2Fg%2F11f4qynml9!19sChIJhROZyog8-DERJDoDx4bN14c?authuser=0&hl=en&rclk=1,Family W Mart Kanowit,4.0,(17),No status
Sarawak,Kanowit,https://www.google.com/maps/place/KFC+Delta+Mall/data=!4m7!3m6!1s0x31f77f90c46fdd59:0xd8bf18c7a6c341ac!8m2!3d2.311717!4d111.8467555!16s%2Fg%2F1hc38w8wh!19sChIJWd1vxJB_9zERrEHDpscYv9g?authuser=0&hl=en&rclk=1,KFC Delta Mall,3.9,(326),Operating
Sarawak,Lanang,https://www.google.com/maps/place/KFC+Sibu+Jaya/data=!4m7!3m6!1s0x31f829735582b583:0x63d476f0c6be942a!8m2!3d2.2404916!4d111.9759122!16s%2Fg%2F11b7hfjv61!19sChIJg7WCVXMp-DERKpS-xvB21GM?authuser=0&hl=en&rclk=1,KFC Sibu Jaya,3.9,(557),Operating
Sarawak,Lanang,https://www.google.com/maps/place/KFC+Tanahmas/data=!4m7!3m6!1s0x31f77fddb12624c3:0x70d7465b447b4cd4!8m2!3d2.2881563!4d111.8306311!16s%2Fg%2F1hc48ylqc!19sChIJwyQmsd1_9zER1Ex7RFtG13A?authuser=0&hl=en&rclk=1,KFC Tanahmas,4.0,(920),Operating
Sarawak,Lanang,https://www.google.com/maps/place/KFC+LKC+Sibu/data=!4m7!3m6!1s0x31f77f7e81423cbd:0x6f1e87325d1b531a!8m2!3d2.3241988!4d111.8522455!16s%2Fg%2F11b8b_fnhh!19sChIJvTxCgX5_9zERGlMbXTKHHm8?authuser=0&hl=en&rclk=1,KFC LKC Sibu,4.0,(415),Operating
Sarawak,Lanang,https://www.google.com/maps/place/KFC+Wisma+Sanyan/data=!4m7!3m6!1s0x31f77fdb9f88c82f:0xe5ea3e2b8b2cbde4!8m2!3d2.2901169!4d111.8253499!16s%2Fg%2F1hc1390p9!19sChIJL8iIn9t_9zER5L0siys-6uU?authuser=0&hl=en&rclk=1,KFC Wisma Sanyan,3.8,(154),Operating
Sarawak,Lanang,https://www.google.com/maps/place/KFC+Sibu+1/data=!4m7!3m6!1s0x31f77fdc6d7da9ff:0x925a9e97579d8f8e!8m2!3d2.2902175!4d111.8277911!16s%2Fg%2F1hc7gcrkj!19sChIJ_6l9bdx_9zERjo-dV5eeWpI?authuser=0&hl=en&rclk=1,KFC Sibu 1,4.1,(548),Operating
Sarawak,Lanang,https://www.google.com/maps/place/KFC+Sing+Kwong/data=!4m7!3m6!1s0x31f82ab582031065:0xab7bb93ef1558679!8m2!3d2.2656851!4d111.8596052!16s%2Fg%2F1hc3d2fmz!19sChIJZRADgrUq-DEReYZV8T65e6s?authuser=0&hl=en&rclk=1,KFC Sing Kwong,3.7,(510),Operating
Sarawak,Lanang,https://www.google.com/maps/place/KFC+Sibu+Bus+Terminal/data=!4m7!3m6!1s0x31f77f8c88717941:0xfca870661d26c554!8m2!3d2.3044411!4d111.8502103!16s%2Fg%2F11g6nqqmpq!19sChIJQXlxiIx_9zERVMUmHWZwqPw?authuser=0&hl=en&rclk=1,KFC Sibu Bus Terminal,3.9,(316),Operating
Sarawak,Lanang,https://www.google.com/maps/place/KFC+Delta+Mall/data=!4m7!3m6!1s0x31f77f90c46fdd59:0xd8bf18c7a6c341ac!8m2!3d2.311717!4d111.8467555!16s%2Fg%2F1hc38w8wh!19sChIJWd1vxJB_9zERrEHDpscYv9g?authuser=0&hl=en&rclk=1,KFC Delta Mall,3.9,(326),Operating
Sarawak,Sibu,https://www.google.com/maps/place/KFC+Sibu+1/data=!4m7!3m6!1s0x31f77fdc6d7da9ff:0x925a9e97579d8f8e!8m2!3d2.2902175!4d111.8277911!16s%2Fg%2F1hc7gcrkj!19sChIJ_6l9bdx_9zERjo-dV5eeWpI?authuser=0&hl=en&rclk=1,KFC Sibu 1,4.1,(548),Operating
Sarawak,Sibu,https://www.google.com/maps/place/KFC+LKC+Sibu/data=!4m7!3m6!1s0x31f77f7e81423cbd:0x6f1e87325d1b531a!8m2!3d2.3241988!4d111.8522455!16s%2Fg%2F11b8b_fnhh!19sChIJvTxCgX5_9zERGlMbXTKHHm8?authuser=0&hl=en&rclk=1,KFC LKC Sibu,4.0,(415),Operating
Sarawak,Sibu,https://www.google.com/maps/place/KFC+Sibu+Jaya/data=!4m7!3m6!1s0x31f829735582b583:0x63d476f0c6be942a!8m2!3d2.2404916!4d111.9759122!16s%2Fg%2F11b7hfjv61!19sChIJg7WCVXMp-DERKpS-xvB21GM?authuser=0&hl=en&rclk=1,KFC Sibu Jaya,3.9,(557),Operating
Sarawak,Sibu,https://www.google.com/maps/place/KFC+Delta+Mall/data=!4m7!3m6!1s0x31f77f90c46fdd59:0xd8bf18c7a6c341ac!8m2!3d2.311717!4d111.8467555!16s%2Fg%2F1hc38w8wh!19sChIJWd1vxJB_9zERrEHDpscYv9g?authuser=0&hl=en&rclk=1,KFC Delta Mall,3.9,(326),Operating
Sarawak,Sibu,https://www.google.com/maps/place/KFC+Sing+Kwong/data=!4m7!3m6!1s0x31f82ab582031065:0xab7bb93ef1558679!8m2!3d2.2656851!4d111.8596052!16s%2Fg%2F1hc3d2fmz!19sChIJZRADgrUq-DEReYZV8T65e6s?authuser=0&hl=en&rclk=1,KFC Sing Kwong,3.7,(510),Operating
Sarawak,Sibu,https://www.google.com/maps/place/KFC+Tanahmas/data=!4m7!3m6!1s0x31f77fddb12624c3:0x70d7465b447b4cd4!8m2!3d2.2881563!4d111.8306311!16s%2Fg%2F1hc48ylqc!19sChIJwyQmsd1_9zER1Ex7RFtG13A?authuser=0&hl=en&rclk=1,KFC Tanahmas,4.0,(920),Operating
Sarawak,Sibu,https://www.google.com/maps/place/KFC+Wisma+Sanyan/data=!4m7!3m6!1s0x31f77fdb9f88c82f:0xe5ea3e2b8b2cbde4!8m2!3d2.2901169!4d111.8253499!16s%2Fg%2F1hc1390p9!19sChIJL8iIn9t_9zER5L0siys-6uU?authuser=0&hl=en&rclk=1,KFC Wisma Sanyan,3.8,(154),Operating
Sarawak,Sibu,https://www.google.com/maps/place/KFC+Sibu+Bus+Terminal/data=!4m7!3m6!1s0x31f77f8c88717941:0xfca870661d26c554!8m2!3d2.3044411!4d111.8502103!16s%2Fg%2F11g6nqqmpq!19sChIJQXlxiIx_9zERVMUmHWZwqPw?authuser=0&hl=en&rclk=1,KFC Sibu Bus Terminal,3.9,(316),Operating
Sarawak,Mukah,"https://www.google.com/maps/search/KFC+near+Mukah,+Sarawak",KFC Mukah,3.8,(849),Operating
Sarawak,Selangau,https://www.google.com/maps/place/KFC+Sibu+Jaya/data=!4m7!3m6!1s0x31f829735582b583:0x63d476f0c6be942a!8m2!3d2.2404916!4d111.9759122!16s%2Fg%2F11b7hfjv61!19sChIJg7WCVXMp-DERKpS-xvB21GM?authuser=0&hl=en&rclk=1,KFC Sibu Jaya,3.9,(557),Operating
Sarawak,Selangau,https://www.google.com/maps/place/KFC+Kidurong/data=!4m7!3m6!1s0x321dc48329eb70cb:0xa7b801310a6bf8d7!8m2!3d3.2664696!4d113.0997422!16s%2Fg%2F11cn9hkblp!19sChIJy3DrKYPEHTIR1_hrCjEBuKc?authuser=0&hl=en&rclk=1,KFC Kidurong,3.8,(566),Operating
Sarawak,Selangau,https://www.google.com/maps/place/KFC+Tanahmas/data=!4m7!3m6!1s0x31f77fddb12624c3:0x70d7465b447b4cd4!8m2!3d2.2881563!4d111.8306311!16s%2Fg%2F1hc48ylqc!19sChIJwyQmsd1_9zER1Ex7RFtG13A?authuser=0&hl=en&rclk=1,KFC Tanahmas,4.0,(920),Operating
Sarawak,Selangau,https://www.google.com/maps/place/KFC+Sibu+1/data=!4m7!3m6!1s0x31f77fdc6d7da9ff:0x925a9e97579d8f8e!8m2!3d2.2902175!4d111.8277911!16s%2Fg%2F1hc7gcrkj!19sChIJ_6l9bdx_9zERjo-dV5eeWpI?authuser=0&hl=en&rclk=1,KFC Sibu 1,4.1,(548),Operating
Sarawak,Selangau,https://www.google.com/maps/place/KFC+LKC+Sibu/data=!4m7!3m6!1s0x31f77f7e81423cbd:0x6f1e87325d1b531a!8m2!3d2.3241988!4d111.8522455!16s%2Fg%2F11b8b_fnhh!19sChIJvTxCgX5_9zERGlMbXTKHHm8?authuser=0&hl=en&rclk=1,KFC LKC Sibu,4.0,(415),Operating
Sarawak,Selangau,https://www.google.com/maps/place/KFC+Sri+Aman/data=!4m7!3m6!1s0x31f9483318f6abfb:0x57127301abc3645b!8m2!3d1.23698!4d111.4598772!16s%2Fg%2F1hc1sbw3s!19sChIJ-6v2GDNI-TERW2TDqwFzElc?authuser=0&hl=en&rclk=1,KFC Sri Aman,3.8,(735),Operating
Sarawak,Selangau,https://www.google.com/maps/place/KFC+Wisma+Sanyan/data=!4m7!3m6!1s0x31f77fdb9f88c82f:0xe5ea3e2b8b2cbde4!8m2!3d2.2901169!4d111.8253499!16s%2Fg%2F1hc1390p9!19sChIJL8iIn9t_9zER5L0siys-6uU?authuser=0&hl=en&rclk=1,KFC Wisma Sanyan,3.8,(154),Operating
Sarawak,Selangau,https://www.google.com/maps/place/KFC+Kapit/data=!4m7!3m6!1s0x3202bef132b86605:0xdde4633dbfb534b0!8m2!3d2.0164266!4d112.9377664!16s%2Fg%2F11clyqzqzp!19sChIJBWa4MvG-AjIRsDS1vz1j5N0?authuser=0&hl=en&rclk=1,KFC Kapit,3.9,(367),Operating
Sarawak,Selangau,https://www.google.com/maps/place/KFC+Sarikei/data=!4m7!3m6!1s0x31f9c2decb68bcdf:0x46484e64a0a3dca8!8m2!3d2.1312361!4d111.5201947!16s%2Fg%2F1hc8gffy8!19sChIJ37xoy97C-TERqNyjoGROSEY?authuser=0&hl=en&rclk=1,KFC Sarikei,4.0,(772),Operating
Sarawak,Selangau,https://www.google.com/maps/place/KFC+Sing+Kwong/data=!4m7!3m6!1s0x31f82ab582031065:0xab7bb93ef1558679!8m2!3d2.2656851!4d111.8596052!16s%2Fg%2F1hc3d2fmz!19sChIJZRADgrUq-DEReYZV8T65e6s?authuser=0&hl=en&rclk=1,KFC Sing Kwong,3.7,(510),Operating
Sarawak,Selangau,https://www.google.com/maps/place/KFC+Sibu+Bus+Terminal/data=!4m7!3m6!1s0x31f77f8c88717941:0xfca870661d26c554!8m2!3d2.3044411!4d111.8502103!16s%2Fg%2F11g6nqqmpq!19sChIJQXlxiIx_9zERVMUmHWZwqPw?authuser=0&hl=en&rclk=1,KFC Sibu Bus Terminal,3.9,(316),Operating
Sarawak,Selangau,https://www.google.com/maps/place/KFC+Delta+Mall/data=!4m7!3m6!1s0x31f77f90c46fdd59:0xd8bf18c7a6c341ac!8m2!3d2.311717!4d111.8467555!16s%2Fg%2F1hc38w8wh!19sChIJWd1vxJB_9zERrEHDpscYv9g?authuser=0&hl=en&rclk=1,KFC Delta Mall,3.9,(326),Operating
Sarawak,Selangau,https://www.google.com/maps/place/KFC+Mukah/data=!4m7!3m6!1s0x31f64d1effb8b60b:0xd64f476275fbb9d!8m2!3d2.8914052!4d112.0923361!16s%2Fg%2F1hc95gfwr!19sChIJC7a4_x5N9jERnbtfJ3b0ZA0?authuser=0&hl=en&rclk=1,KFC Mukah,3.8,(849),Operating
Sarawak,Selangau,https://www.google.com/maps/place/KFC+Saratok/data=!4m7!3m6!1s0x31f99dab9a00a79d:0x1a51b73e2226a13d!8m2!3d1.740031!4d111.3375129!16s%2Fg%2F11c611nyr8!19sChIJnacAmqud-TERPaEmIj63URo?authuser=0&hl=en&rclk=1,KFC Saratok,3.6,(287),Operating
Sarawak,Selangau,https://www.google.com/maps/place/KFC+Louis+Junction/data=!4m7!3m6!1s0x31fb88fcc5ff95bb:0x62f45d4b44de57bd!8m2!3d1.1792766!4d110.5650736!16s%2Fg%2F11b6bttzgf!19sChIJu5X_xfyI-zERvVfeREtd9GI?authuser=0&hl=en&rclk=1,KFC Louis Junction,3.8,(255),Operating
Sarawak,Selangau,https://www.google.com/maps/place/KFC+Betong/data=!4m7!3m6!1s0x31f93e3abb4ec535:0x4e5657a43a157272!8m2!3d1.4047688!4d111.5357158!16s%2Fg%2F11g5_3_tpy!19sChIJNcVOuzo--TERcnIVOqRXVk4?authuser=0&hl=en&rclk=1,KFC Betong,3.8,(381),Operating
Sarawak,Kapit,"https://www.google.com/maps/search/KFC+near+Kapit,+Sarawak",KFC Kapit,3.9,(367),Operating
Sarawak,Hulu Rajang,"https://www.google.com/maps/search/KFC+near+Hulu Rajang,+Sarawak",KFC Tatau,4.0,(127),Operating
Sarawak,Bintulu,https://www.google.com/maps/place/KFC+Tatau/data=!4m7!3m6!1s0x321d9d8c3334f335:0xa47cb84317a8879b!8m2!3d2.8788909!4d112.852212!16s%2Fg%2F11lp_76jlb!19sChIJNfM0M4ydHTIRm4eoF0O4fKQ?authuser=0&hl=en&rclk=1,KFC Tatau,4.0,(127),Operating
Sarawak,Bintulu,https://www.google.com/maps/place/KFC+Paragon+Bintulu/data=!4m7!3m6!1s0x321dc058b2a0adbd:0x2a01e19f2680d031!8m2!3d3.1703177!4d113.0480218!16s%2Fg%2F11c6f57zvq!19sChIJva2gsljAHTIRMdCAJp_hASo?authuser=0&hl=en&rclk=1,KFC Paragon Bintulu,4.0,(702),Operating
Sarawak,Bintulu,https://www.google.com/maps/place/KFC+Medan+Jaya/data=!4m7!3m6!1s0x321dc10deb0ae0df:0xd27d1da9c778b978!8m2!3d3.1989762!4d113.0595774!16s%2Fg%2F1hc6gn3q8!19sChIJ3-AK6w3BHTIReLl4x6kdfdI?authuser=0&hl=en&rclk=1,KFC Medan Jaya,4.0,"(1,530)",Operating
Sarawak,Bintulu,https://www.google.com/maps/place/KFC+Times+Square/data=!4m7!3m6!1s0x321dc1312d9ca2e1:0x3eae61475da6af48!8m2!3d3.1971974!4d113.0878734!16s%2Fg%2F11bx55p65x!19sChIJ4aKcLTHBHTIRSK-mXUdhrj4?authuser=0&hl=en&rclk=1,KFC Times Square,3.8,(317),Operating
Sarawak,Bintulu,https://www.google.com/maps/place/KFC+Spring+Bintulu/data=!4m7!3m6!1s0x321dc05b8d6276e5:0x7bcf851b9433162b!8m2!3d3.1804735!4d113.0343371!16s%2Fg%2F1hc2d5ygx!19sChIJ5XZijVvAHTIRKxYzlBuFz3s?authuser=0&hl=en&rclk=1,KFC Spring Bintulu,3.1,(57),Operating
Sarawak,Bintulu,https://www.google.com/maps/place/KFC+Kidurong/data=!4m7!3m6!1s0x321dc48329eb70cb:0xa7b801310a6bf8d7!8m2!3d3.2664696!4d113.0997422!16s%2Fg%2F11cn9hkblp!19sChIJy3DrKYPEHTIR1_hrCjEBuKc?authuser=0&hl=en&rclk=1,KFC Kidurong,3.8,(566),Operating
Sarawak,Sibuti,https://www.google.com/maps/place/KFC+Kapit/data=!4m7!3m6!1s0x3202bef132b86605:0xdde4633dbfb534b0!8m2!3d2.0164266!4d112.9377664!16s%2Fg%2F11clyqzqzp!19sChIJBWa4MvG-AjIRsDS1vz1j5N0?authuser=0&hl=en&rclk=1,KFC Kapit,3.9,(367),Operating
Sarawak,Sibuti,https://www.google.com/maps/place/KFC+Niah/data=!4m7!3m6!1s0x321ee85feade816b:0x820fd250a5c862ef!8m2!3d3.8569943!4d113.7169883!16s%2Fg%2F11c1xmbsbl!19sChIJa4He6l_oHjIR72LIpVDSD4I?authuser=0&hl=en&rclk=1,KFC Niah,4.0,(327),Operating
Sarawak,Sibuti,https://www.google.com/maps/place/KFC+Sibu+Jaya/data=!4m7!3m6!1s0x31f829735582b583:0x63d476f0c6be942a!8m2!3d2.2404916!4d111.9759122!16s%2Fg%2F11b7hfjv61!19sChIJg7WCVXMp-DERKpS-xvB21GM?authuser=0&hl=en&rclk=1,KFC Sibu Jaya,3.9,(557),Operating
Sarawak,Sibuti,https://www.google.com/maps/place/KFC+Boulevard/data=!4m7!3m6!1s0x321f4ee7ffc6e02d:0xf96454d7cdf3ac86!8m2!3d4.4149403!4d114.0130396!16s%2Fg%2F1hc0t_5f_!19sChIJLeDG_-dOHzIRhqzzzddUZPk?authuser=0&hl=en&rclk=1,KFC Boulevard,3.8,(339),Operating
Sarawak,Sibuti,https://www.google.com/maps/place/KFC+Senadin/data=!4m7!3m6!1s0x321f5149e426a2dd:0xfe716e47448f59da!8m2!3d4.5005253!4d114.0401231!16s%2Fg%2F11lym9l2kj!19sChIJ3aIm5ElRHzIR2lmPREducf4?authuser=0&hl=en&rclk=1,KFC Senadin,3.3,(43),Operating
Sarawak,Sibuti,https://www.google.com/maps/place/KFC+Bau/data=!4m7!3m6!1s0x31fb72baf6365d5f:0xd5479d3c45167b95!8m2!3d1.4171257!4d110.1549953!16s%2Fg%2F11b66snxtq!19sChIJX1029rpy-zERlXsWRTydR9U?authuser=0&hl=en&rclk=1,KFC Bau,3.7,(323),Operating
Sarawak,Sibuti,https://www.google.com/maps/place/KFC+Emart+Miri/data=!4m7!3m6!1s0x321f51faf9e5521d:0xf0ccd53f633fa5ad!8m2!3d4.4783869!4d114.039589!16s%2Fg%2F11b8_x4dsz!19sChIJHVLl-fpRHzIRraU_Yz_VzPA?authuser=0&hl=en&rclk=1,KFC Emart Miri,3.9,"(1,040)",Operating
Sarawak,Sibuti,https://www.google.com/maps/place/KFC+Emart+Riam+Miri/data=!4m7!3m6!1s0x321f484923f50801:0xe882bd6c41b6a55f!8m2!3d4.343522!4d113.9927549!16s%2Fg%2F11c75ss1ts!19sChIJAQj1I0lIHzIRX6W2QWy9gug?authuser=0&hl=en&rclk=1,KFC Emart Riam Miri,3.6,(450),Operating
Sarawak,Sibuti,https://www.google.com/maps/place/KFC+Mukah/data=!4m7!3m6!1s0x31f64d1effb8b60b:0xd64f476275fbb9d!8m2!3d2.8914052!4d112.0923361!16s%2Fg%2F1hc95gfwr!19sChIJC7a4_x5N9jERnbtfJ3b0ZA0?authuser=0&hl=en&rclk=1,KFC Mukah,3.8,(849),Operating
Sarawak,Sibuti,https://www.google.com/maps/place/KFC+Sibu+1/data=!4m7!3m6!1s0x31f77fdc6d7da9ff:0x925a9e97579d8f8e!8m2!3d2.2902175!4d111.8277911!16s%2Fg%2F1hc7gcrkj!19sChIJ_6l9bdx_9zERjo-dV5eeWpI?authuser=0&hl=en&rclk=1,KFC Sibu 1,4.1,(548),Operating
Sarawak,Sibuti,https://www.google.com/maps/place/KFC+Taman+Selera+Drive+Thru/data=!4m7!3m6!1s0x321f48919e9c7909:0xd22f602fcf830a29!8m2!3d4.3709568!4d113.9689308!16s%2Fg%2F11b6lkx7k0!19sChIJCXmcnpFIHzIRKQqDzy9gL9I?authuser=0&hl=en&rclk=1,KFC Taman Selera Drive Thru,3.6,(751),Operating
Sarawak,Sibuti,https://www.google.com/maps/place/KFC+LKC+Sibu/data=!4m7!3m6!1s0x31f77f7e81423cbd:0x6f1e87325d1b531a!8m2!3d2.3241988!4d111.8522455!16s%2Fg%2F11b8b_fnhh!19sChIJvTxCgX5_9zERGlMbXTKHHm8?authuser=0&hl=en&rclk=1,KFC LKC Sibu,4.0,(415),Operating
Sarawak,Miri,https://www.google.com/maps/place/KFC+Emart+Miri/data=!4m7!3m6!1s0x321f51faf9e5521d:0xf0ccd53f633fa5ad!8m2!3d4.4783869!4d114.039589!16s%2Fg%2F11b8_x4dsz!19sChIJHVLl-fpRHzIRraU_Yz_VzPA?authuser=0&hl=en&rclk=1,KFC Emart Miri,3.9,"(1,040)",Operating
Sarawak,Miri,https://www.google.com/maps/place/KFC+Emart+Riam+Miri/data=!4m7!3m6!1s0x321f484923f50801:0xe882bd6c41b6a55f!8m2!3d4.343522!4d113.9927549!16s%2Fg%2F11c75ss1ts!19sChIJAQj1I0lIHzIRX6W2QWy9gug?authuser=0&hl=en&rclk=1,KFC Emart Riam Miri,3.6,(450),Operating
Sarawak,Miri,https://www.google.com/maps/place/KFC+MARINA+PARKCITY/data=!4m7!3m6!1s0x321f492c1ae33e1d:0x8f97e49ccc28b59a!8m2!3d4.3932598!4d113.9852859!16s%2Fg%2F11s0wgj46s!19sChIJHT7jGixJHzIRmrUozJzkl48?authuser=0&hl=en&rclk=1,KFC MARINA PARKCITY,3.9,(807),Operating
Sarawak,Miri,https://www.google.com/maps/place/KFC+Senadin/data=!4m7!3m6!1s0x321f5149e426a2dd:0xfe716e47448f59da!8m2!3d4.5005253!4d114.0401231!16s%2Fg%2F11lym9l2kj!19sChIJ3aIm5ElRHzIR2lmPREducf4?authuser=0&hl=en&rclk=1,KFC Senadin,3.3,(43),Operating
Sarawak,Miri,https://www.google.com/maps/place/KFC+Boulevard/data=!4m7!3m6!1s0x321f4ee7ffc6e02d:0xf96454d7cdf3ac86!8m2!3d4.4149403!4d114.0130396!16s%2Fg%2F1hc0t_5f_!19sChIJLeDG_-dOHzIRhqzzzddUZPk?authuser=0&hl=en&rclk=1,KFC Boulevard,3.8,(339),Operating
Sarawak,Miri,https://www.google.com/maps/place/KFC+Bintang+Plaza/data=!4m7!3m6!1s0x321f4f2cc9561fdf:0xc67499f2b10be9e5!8m2!3d4.3973582!4d113.993953!16s%2Fg%2F1hc0zkc69!19sChIJ3x9WySxPHzIR5ekLsfKZdMY?authuser=0&hl=en&rclk=1,KFC Bintang Plaza,3.7,(111),Operating
Sarawak,Miri,https://www.google.com/maps/place/KFC+Imperial+Mall/data=!4m7!3m6!1s0x321f4f2d834ead51:0xf2525be25f08a048!8m2!3d4.3996596!4d113.990066!16s%2Fg%2F1tp_3y95!19sChIJUa1Ogy1PHzIRSKAIX-JbUvI?authuser=0&hl=en&rclk=1,KFC Imperial Mall,3.9,(101),Operating
Sarawak,Miri,https://www.google.com/maps/place/KFC+Niah/data=!4m7!3m6!1s0x321ee85feade816b:0x820fd250a5c862ef!8m2!3d3.8569943!4d113.7169883!16s%2Fg%2F11c1xmbsbl!19sChIJa4He6l_oHjIR72LIpVDSD4I?authuser=0&hl=en&rclk=1,KFC Niah,4.0,(327),Operating
Sarawak,Miri,https://www.google.com/maps/place/KFC+Medan+Jaya/data=!4m7!3m6!1s0x321dc10deb0ae0df:0xd27d1da9c778b978!8m2!3d3.1989762!4d113.0595774!16s%2Fg%2F1hc6gn3q8!19sChIJ3-AK6w3BHTIReLl4x6kdfdI?authuser=0&hl=en&rclk=1,KFC Medan Jaya,4.0,"(1,530)",Operating
Sarawak,Miri,https://www.google.com/maps/place/KFC+Taman+Selera+Drive+Thru/data=!4m7!3m6!1s0x321f48919e9c7909:0xd22f602fcf830a29!8m2!3d4.3709568!4d113.9689308!16s%2Fg%2F11b6lkx7k0!19sChIJCXmcnpFIHzIRKQqDzy9gL9I?authuser=0&hl=en&rclk=1,KFC Taman Selera Drive Thru,3.6,(751),Operating
Sarawak,Baram,https://www.google.com/maps/place/KFC+Niah/data=!4m7!3m6!1s0x321ee85feade816b:0x820fd250a5c862ef!8m2!3d3.8569943!4d113.7169883!16s%2Fg%2F11c1xmbsbl!19sChIJa4He6l_oHjIR72LIpVDSD4I?authuser=0&hl=en&rclk=1,KFC Niah,4.0,(327),Operating
Sarawak,Baram,https://www.google.com/maps/place/KFC+Sri+Aman/data=!4m7!3m6!1s0x31f9483318f6abfb:0x57127301abc3645b!8m2!3d1.23698!4d111.4598772!16s%2Fg%2F1hc1sbw3s!19sChIJ-6v2GDNI-TERW2TDqwFzElc?authuser=0&hl=en&rclk=1,KFC Sri Aman,3.8,(735),Operating
Sarawak,Baram,https://www.google.com/maps/place/KFC+Senadin/data=!4m7!3m6!1s0x321f5149e426a2dd:0xfe716e47448f59da!8m2!3d4.5005253!4d114.0401231!16s%2Fg%2F11lym9l2kj!19sChIJ3aIm5ElRHzIR2lmPREducf4?authuser=0&hl=en&rclk=1,KFC Senadin,3.3,(43),Operating
Sarawak,Baram,https://www.google.com/maps/place/KFC+Bau/data=!4m7!3m6!1s0x31fb72baf6365d5f:0xd5479d3c45167b95!8m2!3d1.4171257!4d110.1549953!16s%2Fg%2F11b66snxtq!19sChIJX1029rpy-zERlXsWRTydR9U?authuser=0&hl=en&rclk=1,KFC Bau,3.7,(323),Operating
Sarawak,Baram,https://www.google.com/maps/place/KFC+Emart+Riam+Miri/data=!4m7!3m6!1s0x321f484923f50801:0xe882bd6c41b6a55f!8m2!3d4.343522!4d113.9927549!16s%2Fg%2F11c75ss1ts!19sChIJAQj1I0lIHzIRX6W2QWy9gug?authuser=0&hl=en&rclk=1,KFC Emart Riam Miri,3.6,(450),Operating
Sarawak,Baram,https://www.google.com/maps/place/KFC+Taman+Selera+Drive+Thru/data=!4m7!3m6!1s0x321f48919e9c7909:0xd22f602fcf830a29!8m2!3d4.3709568!4d113.9689308!16s%2Fg%2F11b6lkx7k0!19sChIJCXmcnpFIHzIRKQqDzy9gL9I?authuser=0&hl=en&rclk=1,KFC Taman Selera Drive Thru,3.6,(751),Operating
Sarawak,Baram,https://www.google.com/maps/place/KFC+Boulevard/data=!4m7!3m6!1s0x321f4ee7ffc6e02d:0xf96454d7cdf3ac86!8m2!3d4.4149403!4d114.0130396!16s%2Fg%2F1hc0t_5f_!19sChIJLeDG_-dOHzIRhqzzzddUZPk?authuser=0&hl=en&rclk=1,KFC Boulevard,3.8,(339),Operating
Sarawak,Baram,https://www.google.com/maps/place/KFC+MARINA+PARKCITY/data=!4m7!3m6!1s0x321f492c1ae33e1d:0x8f97e49ccc28b59a!8m2!3d4.3932598!4d113.9852859!16s%2Fg%2F11s0wgj46s!19sChIJHT7jGixJHzIRmrUozJzkl48?authuser=0&hl=en&rclk=1,KFC MARINA PARKCITY,3.9,(807),Operating
Sarawak,Baram,https://www.google.com/maps/place/KFC+Sarawak+Plaza/data=!4m7!3m6!1s0x31fba7e9f5d0aa4d:0xd419e9f130ad082d!8m2!3d1.5576786!4d110.3537561!16s%2Fg%2F11c67s7tmb!19sChIJTarQ9emn-zERLQitMPHpGdQ?authuser=0&hl=en&rclk=1,KFC Sarawak Plaza,3.9,(491),Operating
Sarawak,Baram,https://www.google.com/maps/place/KFC+Serian+Baru/data=!4m7!3m6!1s0x31fb88544678cc95:0xc0484a72899f5797!8m2!3d1.167809!4d110.5651415!16s%2Fg%2F11b70hsb54!19sChIJlcx4RlSI-zERl1efiXJKSMA?authuser=0&hl=en&rclk=1,KFC Serian Baru,3.9,(374),Operating
Sarawak,Baram,https://www.google.com/maps/place/KFC+Emart+Miri/data=!4m7!3m6!1s0x321f51faf9e5521d:0xf0ccd53f633fa5ad!8m2!3d4.4783869!4d114.039589!16s%2Fg%2F11b8_x4dsz!19sChIJHVLl-fpRHzIRraU_Yz_VzPA?authuser=0&hl=en&rclk=1,KFC Emart Miri,3.9,"(1,040)",Operating
Sarawak,Baram,https://www.google.com/maps/place/KFC+Aiman+Mall/data=!4m7!3m6!1s0x31fba22b4efaca81:0x3a9c673b8e750ddd!8m2!3d1.4559818!4d110.4473965!16s%2Fg%2F1hc32ttkm!19sChIJgcr6Tiui-zER3Q11jjtnnDo?authuser=0&hl=en&rclk=1,KFC Aiman Mall,4.0,(903),Operating
Sarawak,Baram,https://www.google.com/maps/place/KFC+Tanahmas/data=!4m7!3m6!1s0x31f77fddb12624c3:0x70d7465b447b4cd4!8m2!3d2.2881563!4d111.8306311!16s%2Fg%2F1hc48ylqc!19sChIJwyQmsd1_9zER1Ex7RFtG13A?authuser=0&hl=en&rclk=1,KFC Tanahmas,4.0,(920),Operating
Sarawak,Baram,https://www.google.com/maps/place/KFC+Bako+Drive+Thru/data=!4m7!3m6!1s0x31fba87b4b11d4a5:0x5627a34bc4c756cd!8m2!3d1.580013!4d110.3713188!16s%2Fg%2F1pzxb2tlx!19sChIJpdQRS3uo-zERzVbHxEujJ1Y?authuser=0&hl=en&rclk=1,KFC Bako Drive Thru,4.0,"(1,204)",Operating
Sarawak,Baram,https://www.google.com/maps/place/KFC+Imperial+Mall/data=!4m7!3m6!1s0x321f4f2d834ead51:0xf2525be25f08a048!8m2!3d4.3996596!4d113.990066!16s%2Fg%2F1tp_3y95!19sChIJUa1Ogy1PHzIRSKAIX-JbUvI?authuser=0&hl=en&rclk=1,KFC Imperial Mall,3.9,(101),Operating
Sarawak,Baram,https://www.google.com/maps/place/KFC+Samariang/data=!4m7!3m6!1s0x31fba9457b5a147b:0xc4aaa3fcd10411e1!8m2!3d1.6369742!4d110.3420562!16s%2Fg%2F11k4l9c03s!19sChIJexRae0Wp-zER4REE0fyjqsQ?authuser=0&hl=en&rclk=1,KFC Samariang,3.8,(69),Operating
Sarawak,Baram,https://www.google.com/maps/place/KFC+Betong/data=!4m7!3m6!1s0x31f93e3abb4ec535:0x4e5657a43a157272!8m2!3d1.4047688!4d111.5357158!16s%2Fg%2F11g5_3_tpy!19sChIJNcVOuzo--TERcnIVOqRXVk4?authuser=0&hl=en&rclk=1,KFC Betong,3.8,(381),Operating
Sarawak,Baram,https://www.google.com/maps/place/KFC+Emart+Batu+Kawa/data=!4m7!3m6!1s0x31fb098e4c1cc65f:0xfaba23d113e5cbef!8m2!3d1.5067799!4d110.2986179!16s%2Fg%2F11cnxhp_1b!19sChIJX8YcTI4J-zER78vlE9Ejuvo?authuser=0&hl=en&rclk=1,KFC Emart Batu Kawa,3.9,"(1,546)",Operating
Sarawak,Baram,https://www.google.com/maps/place/KFC+PETROS+Darul+Hana+DT/data=!4m7!3m6!1s0x31fba7f0956d333b:0xfe591b0b83cf4156!8m2!3d1.5655675!4d110.3657562!16s%2Fg%2F11vd_9sx4f!19sChIJOzNtlfCn-zERVkHPgwsbWf4?authuser=0&hl=en&rclk=1,KFC PETROS Darul Hana DT,3.1,(66),Operating
Sarawak,Baram,https://www.google.com/maps/place/KFC+Sarikei/data=!4m7!3m6!1s0x31f9c2decb68bcdf:0x46484e64a0a3dca8!8m2!3d2.1312361!4d111.5201947!16s%2Fg%2F1hc8gffy8!19sChIJ37xoy97C-TERqNyjoGROSEY?authuser=0&hl=en&rclk=1,KFC Sarikei,4.0,(772),Operating
Sarawak,Baram,https://www.google.com/maps/place/KFC+Mukah/data=!4m7!3m6!1s0x31f64d1effb8b60b:0xd64f476275fbb9d!8m2!3d2.8914052!4d112.0923361!16s%2Fg%2F1hc95gfwr!19sChIJC7a4_x5N9jERnbtfJ3b0ZA0?authuser=0&hl=en&rclk=1,KFC Mukah,3.8,(849),Operating
Sarawak,Baram,https://www.google.com/maps/place/KFC+Bintang+Plaza/data=!4m7!3m6!1s0x321f4f2cc9561fdf:0xc67499f2b10be9e5!8m2!3d4.3973582!4d113.993953!16s%2Fg%2F1hc0zkc69!19sChIJ3x9WySxPHzIR5ekLsfKZdMY?authuser=0&hl=en&rclk=1,KFC Bintang Plaza,3.7,(111),Operating
Sarawak,Limbang,"https://www.google.com/maps/search/KFC+near+Limbang,+Sarawak",KFC Limbang,3.6,(323),Operating
Sarawak,Lawas,"https://www.google.com/maps/search/KFC+near+Lawas,+Sarawak",KFC Lawas,4.0,(495),Operating
Selangor,Sabak Bernam,"https://www.google.com/maps/search/KFC+near+Sabak Bernam,+Selangor",KFC Sabak Bernam,3.9,(619),Operating
Selangor,Sungai Besar,"https://www.google.com/maps/search/KFC+near+Sungai Besar,+Selangor",KFC Sungai Besar,4.0,"(1,037)",Operating
Selangor,Hulu Selangor,https://www.google.com/maps/place/KFC+BHPetrol+Tanjung+Malim/data=!4m7!3m6!1s0x31cb87db0364f389:0x751a5299b7758425!8m2!3d3.695326!4d101.5157724!16s%2Fg%2F12qhb4t1z!19sChIJifNkA9uHyzERJYR1t5lSGnU?authuser=0&hl=en&rclk=1,KFC BHPetrol Tanjung Malim,3.6,"(1,162)",Operating
Selangor,Hulu Selangor,https://www.google.com/maps/place/KFC+Shell+Bukit+Beruntung+Drive+Thru/data=!4m7!3m6!1s0x31cc69d28b169dbd:0x28539c36fe124b73!8m2!3d3.3887167!4d101.559149!16s%2Fg%2F11sf7zy29s!19sChIJvZ0Wi9JpzDERc0sS_jacUyg?authuser=0&hl=en&rclk=1,KFC Shell Bukit Beruntung Drive Thru,3.6,(206),Operating
Selangor,Hulu Selangor,https://www.google.com/maps/place/KFC+Caltex+Ulu+Yam+Drive+Thru/data=!4m7!3m6!1s0x31cc6da0f7025fb5:0x10898189bf78976f!8m2!3d3.4389118!4d101.6316597!16s%2Fg%2F11t4dssngc!19sChIJtV8C96BtzDERb5d4v4mBiRA?authuser=0&hl=en&rclk=1,KFC Caltex Ulu Yam Drive Thru,3.2,(208),Operating
Selangor,Hulu Selangor,https://www.google.com/maps/place/KFC+IJOK/data=!4m7!3m6!1s0x31cc5e6077c8a095:0x351ad3841a6b3f!8m2!3d3.3142778!4d101.4113339!16s%2Fg%2F11bbrkpph2!19sChIJlaDId2BezDERP2sahNMaNQA?authuser=0&hl=en&rclk=1,KFC IJOK,3.9,(860),Operating
Selangor,Hulu Selangor,https://www.google.com/maps/place/KFC+Bukit+Sentosa+Rawang/data=!4m7!3m6!1s0x31cc68ef49d24573:0x29f43cf1edd83b2d!8m2!3d3.4041992!4d101.5574421!16s%2Fg%2F11cn8sfy5m!19sChIJc0XSSe9ozDERLTvY7fE89Ck?authuser=0&hl=en&rclk=1,KFC Bukit Sentosa Rawang,3.5,"(1,233)",Operating
Selangor,Hulu Selangor,https://www.google.com/maps/place/KFC+Pusat+Bandar+Rawang/data=!4m7!3m6!1s0x31cc4250eb08dc79:0x973f543c8bb422af!8m2!3d3.3191483!4d101.577576!16s%2Fg%2F11c2y5knj5!19sChIJedwI61BCzDERryK0izxUP5c?authuser=0&hl=en&rclk=1,KFC Pusat Bandar Rawang,3.6,(478),Operating
Selangor,Hulu Selangor,https://www.google.com/maps/place/KFC+Batang+Kali/data=!4m7!3m6!1s0x31cc6c514feb53c7:0xc6730d49b1a55a13!8m2!3d3.462727!4d101.6536484!16s%2Fg%2F1hc1tlv9n!19sChIJx1PrT1FszDERE1qlsUkNc8Y?authuser=0&hl=en&rclk=1,KFC Batang Kali,3.9,"(1,350)",Operating
Selangor,Hulu Selangor,https://www.google.com/maps/place/KFC+Kuala+Kubu+Baru/data=!4m7!3m6!1s0x31cc73eb9d05ec35:0xeb453ee4cd2c0286!8m2!3d3.5630756!4d101.6591457!16s%2Fg%2F11hds4649s!19sChIJNewFnetzzDERhgIszeQ-Res?authuser=0&hl=en&rclk=1,KFC Kuala Kubu Baru,4.1,(468),Operating
Selangor,Hulu Selangor,https://www.google.com/maps/place/KFC+Rawang+New+Town/data=!4m7!3m6!1s0x31cc425bc5816dc7:0x2461891a41a8233c!8m2!3d3.3235373!4d101.5768115!16s%2Fg%2F1hc0rcw9p!19sChIJx22BxVtCzDERPCOoQRqJYSQ?authuser=0&hl=en&rclk=1,KFC Rawang New Town,3.7,(999),Operating
Selangor,Hulu Selangor,https://www.google.com/maps/place/KFC+Petron+Hulu+Langat+Drive+Thru/data=!4m7!3m6!1s0x31cc34e4e4c3bd59:0x39abb394f34f7537!8m2!3d3.0705182!4d101.7809376!16s%2Fg%2F11c2qjbmq8!19sChIJWb3D5OQ0zDERN3VP85Szqzk?authuser=0&hl=en&rclk=1,KFC Petron Hulu Langat Drive Thru,3.7,(357),Operating
Selangor,Tanjong Karang,"https://www.google.com/maps/search/KFC+near+Tanjong Karang,+Selangor",KFC Tanjong Karang,4.0,(616),Operating
Selangor,Kuala Selangor,https://www.google.com/maps/place/KFC+Kuala+Selangor/data=!4m7!3m6!1s0x31ccf49eea9ebfe3:0x98e667da1e68425e!8m2!3d3.3299544!4d101.2570627!16s%2Fg%2F1hc2tc1xh!19sChIJ47-e6p70zDERXkJoHtpn5pg?authuser=0&hl=en&rclk=1,KFC Kuala Selangor,4.0,(867),Operating
Selangor,Kuala Selangor,https://www.google.com/maps/place/KFC+Tanjong+Karang/data=!4m7!3m6!1s0x31cc8de593721a85:0xce66b41d5e48aceb!8m2!3d3.4250865!4d101.177112!16s%2Fg%2F1hc8gffwp!19sChIJhRpyk-WNzDER66xIXh20Zs4?authuser=0&hl=en&rclk=1,KFC Tanjong Karang,4.0,(616),Operating
Selangor,Kuala Selangor,https://www.google.com/maps/place/KFC+Lotus%27s+Kuala+Selangor/data=!4m7!3m6!1s0x31ccf48c6de56055:0xa9906ed3def0fbdc!8m2!3d3.3196126!4d101.2707673!16s%2Fg%2F11g5_42ll2!19sChIJVWDlbYz0zDER3Pvw3tNukKk?authuser=0&hl=en&rclk=1,KFC Lotus's Kuala Selangor,3.3,(81),Operating
Selangor,Selayang,https://www.google.com/maps/place/KFC+Selayang/data=!4m7!3m6!1s0x31cc470fbebb3981:0x8106fdd831458fb3!8m2!3d3.2357322!4d101.6719599!16s%2Fg%2F1hc1hhnl5!19sChIJgTm7vg9HzDERs49FMdj9BoE?authuser=0&hl=en&rclk=1,KFC Selayang,3.7,"(1,085)",Operating
Selangor,Selayang,https://www.google.com/maps/place/KFC+Selayang+Mall/data=!4m7!3m6!1s0x31cc46f161cc7b7d:0xe257770e1e1da559!8m2!3d3.2368935!4d101.6435698!16s%2Fg%2F1ptwsgykb!19sChIJfXvMYfFGzDERWaUdHg53V-I?authuser=0&hl=en&rclk=1,KFC Selayang Mall,3.0,(382),Operating
Selangor,Selayang,https://www.google.com/maps/place/KFC+Bandar+Baru+Selayang/data=!4m7!3m6!1s0x31cc4705faaaf051:0xc5176c16f9ec1dc6!8m2!3d3.2563646!4d101.6565949!16s%2Fg%2F11cjznvzr5!19sChIJUfCq-gVHzDERxh3s-RZsF8U?authuser=0&hl=en&rclk=1,KFC Bandar Baru Selayang,3.5,(830),Operating
Selangor,Selayang,https://www.google.com/maps/place/KFC+Sri+Gombak/data=!4m7!3m6!1s0x31cc477af7ee8fff:0x59f76fa2317f384b!8m2!3d3.2376861!4d101.6975369!16s%2Fg%2F1hc21v64n!19sChIJ_4_u93pHzDERSzh_MaJv91k?authuser=0&hl=en&rclk=1,KFC Sri Gombak,3.7,"(1,694)",Operating
Selangor,Selayang,https://www.google.com/maps/place/KFC+Lotus%27s+Extra+Selayang/data=!4m7!3m6!1s0x31cc47af2fc93f17:0x9182ef3233a683b8!8m2!3d3.2210217!4d101.6710953!16s%2Fg%2F11c6121pgm!19sChIJFz_JL69HzDERuIOmMzLvgpE?authuser=0&hl=en&rclk=1,KFC Lotus's Extra Selayang,2.5,(197),Operating
Selangor,Gombak,https://www.google.com/maps/place/KFC+Kuala+Selangor/data=!4m7!3m6!1s0x31ccf49eea9ebfe3:0x98e667da1e68425e!8m2!3d3.3299544!4d101.2570627!16s%2Fg%2F1hc2tc1xh!19sChIJ47-e6p70zDERXkJoHtpn5pg?authuser=0&hl=en&rclk=1,KFC Kuala Selangor,4.0,(867),Operating
Selangor,Gombak,https://www.google.com/maps/place/KFC+Sri+Gombak/data=!4m7!3m6!1s0x31cc477af7ee8fff:0x59f76fa2317f384b!8m2!3d3.2376861!4d101.6975369!16s%2Fg%2F1hc21v64n!19sChIJ_4_u93pHzDERSzh_MaJv91k?authuser=0&hl=en&rclk=1,KFC Sri Gombak,3.7,"(1,694)",Operating
Selangor,Gombak,https://www.google.com/maps/place/KFC+@+TF+Value-Mart+Batu+Caves/data=!4m7!3m6!1s0x31cc47772c8cf07d:0x35a334bc3c883191!8m2!3d3.2348835!4d101.6941992!16s%2Fg%2F12qg11ms4!19sChIJffCMLHdHzDERkTGIPLw0ozU?authuser=0&hl=en&rclk=1,KFC @ TF Value-Mart Batu Caves,3.0,(258),Operating
Selangor,Gombak,https://www.google.com/maps/place/KFC+Bandar+Baru+Selayang/data=!4m7!3m6!1s0x31cc4705faaaf051:0xc5176c16f9ec1dc6!8m2!3d3.2563646!4d101.6565949!16s%2Fg%2F11cjznvzr5!19sChIJUfCq-gVHzDERxh3s-RZsF8U?authuser=0&hl=en&rclk=1,KFC Bandar Baru Selayang,3.5,(830),Operating
Selangor,Ampang,https://www.google.com/maps/place/KFC+Kuala+Selangor/data=!4m7!3m6!1s0x31ccf49eea9ebfe3:0x98e667da1e68425e!8m2!3d3.3299544!4d101.2570627!16s%2Fg%2F1hc2tc1xh!19sChIJ47-e6p70zDERXkJoHtpn5pg?authuser=0&hl=en&rclk=1,KFC Kuala Selangor,4.0,(867),Operating
Selangor,Ampang,https://www.google.com/maps/place/KFC+Ampang+Point/data=!4m7!3m6!1s0x31cc37a9ca8903a7:0xcc2d09ff12242bd!8m2!3d3.157318!4d101.7511154!16s%2Fg%2F11c67s0_m7!19sChIJpwOJyqk3zDERvUIi8Z_Qwgw?authuser=0&hl=en&rclk=1,KFC Ampang Point,3.8,(545),Operating
Selangor,Ampang,https://www.google.com/maps/place/KFC+Ampang+2/data=!4m7!3m6!1s0x31cc36e38401442f:0xd002679cae644a03!8m2!3d3.1460128!4d101.7669416!16s%2Fg%2F1hc2zh7tw!19sChIJL0QBhOM2zDERA0pkrpxnAtA?authuser=0&hl=en&rclk=1,KFC Ampang 2,3.7,"(1,205)",Operating
Selangor,Ampang,https://www.google.com/maps/place/KFC+AEON+BiG+Ampang/data=!4m7!3m6!1s0x31cc36dcb6c1f3af:0x52db9a0b75f19d8e!8m2!3d3.1412615!4d101.7790019!16s%2Fg%2F11c59xgvhh!19sChIJr_PBttw2zDERjp3xdQua21I?authuser=0&hl=en&rclk=1,KFC AEON BiG Ampang,3.7,(391),Operating
Selangor,Ampang,https://www.google.com/maps/place/KFC+Lotus%27s+Ampang/data=!4m7!3m6!1s0x31cc36503339d3d1:0x493896f2a43b811c!8m2!3d3.1438659!4d101.7423577!16s%2Fg%2F1hc3mdtkc!19sChIJ0dM5M1A2zDERHIE7pPKWOEk?authuser=0&hl=en&rclk=1,KFC Lotus's Ampang,2.7,(203),Operating
Selangor,Ampang,https://www.google.com/maps/place/KFC+Tasik+Puteri+Drive-thru/data=!4m7!3m6!1s0x31cc5d2a07fc8413:0x60a001c4abf471b!8m2!3d3.2923227!4d101.4788627!16s%2Fg%2F11kdt9sz44!19sChIJE4T8BypdzDERG0e_ShwACgY?authuser=0&hl=en&rclk=1,KFC Tasik Puteri Drive-thru,3.2,(682),Operating
Selangor,Ampang,https://www.google.com/maps/place/KFC+Taman+Cempaka+%28Axis+Atrium%29/data=!4m7!3m6!1s0x31cc36590f552b35:0xc784751ade70dc99!8m2!3d3.1364985!4d101.7468968!16s%2Fg%2F1hc45lsn4!19sChIJNStVD1k2zDERmdxw3hp1hMc?authuser=0&hl=en&rclk=1,KFC Taman Cempaka (Axis Atrium),3.8,(380),Operating
Selangor,Ampang,https://www.google.com/maps/place/KFC+Taman+Putra/data=!4m7!3m6!1s0x31cc368546c553cb:0xee94d153cc8889d4!8m2!3d3.1203763!4d101.7628559!16s%2Fg%2F1hc1_cgm5!19sChIJy1PFRoU2zDER1ImIzFPRlO4?authuser=0&hl=en&rclk=1,KFC Taman Putra,3.8,(910),Operating
Selangor,Pandan,https://www.google.com/maps/place/KFC+@+Desa+Pandan/data=!4m7!3m6!1s0x31cc364c0dd22405:0xd48da5b2c41207b2!8m2!3d3.1469201!4d101.7372096!16s%2Fg%2F1tx12whw!19sChIJBSTSDUw2zDERsgcSxLKljdQ?authuser=0&hl=en&rclk=1,KFC @ Desa Pandan,4.1,"(1,342)",Operating
Selangor,Pandan,https://www.google.com/maps/place/KFC+Pandan+Indah/data=!4m7!3m6!1s0x31cc3668080ac00f:0xd1ff748a9b29b1e0!8m2!3d3.1316875!4d101.7517496!16s%2Fg%2F1hc3b3kv5!19sChIJD8AKCGg2zDER4LEpm4p0_9E?authuser=0&hl=en&rclk=1,KFC Pandan Indah,3.5,(699),Operating
Selangor,Pandan,https://www.google.com/maps/place/KFC+SEKINCHAN/data=!4m7!3m6!1s0x31cc9091f1087691:0xfe46a008a6e86e87!8m2!3d3.5026922!4d101.1036783!16s%2Fg%2F11bzsdxn5w!19sChIJkXYI8ZGQzDERh27opgigRv4?authuser=0&hl=en&rclk=1,KFC SEKINCHAN,3.8,(496),Operating
Selangor,Pandan,https://www.google.com/maps/place/KFC+Lotus%27s+Ampang/data=!4m7!3m6!1s0x31cc36503339d3d1:0x493896f2a43b811c!8m2!3d3.1438659!4d101.7423577!16s%2Fg%2F1hc3mdtkc!19sChIJ0dM5M1A2zDERHIE7pPKWOEk?authuser=0&hl=en&rclk=1,KFC Lotus's Ampang,2.7,(203),Operating
Selangor,Pandan,https://www.google.com/maps/place/KFC+Taman+Putra/data=!4m7!3m6!1s0x31cc368546c553cb:0xee94d153cc8889d4!8m2!3d3.1203763!4d101.7628559!16s%2Fg%2F1hc1_cgm5!19sChIJy1PFRoU2zDER1ImIzFPRlO4?authuser=0&hl=en&rclk=1,KFC Taman Putra,3.8,(910),Operating
Selangor,Pandan,https://www.google.com/maps/place/KFC+Taman+Cempaka+%28Axis+Atrium%29/data=!4m7!3m6!1s0x31cc36590f552b35:0xc784751ade70dc99!8m2!3d3.1364985!4d101.7468968!16s%2Fg%2F1hc45lsn4!19sChIJNStVD1k2zDERmdxw3hp1hMc?authuser=0&hl=en&rclk=1,KFC Taman Cempaka (Axis Atrium),3.8,(380),Operating
Selangor,Hulu Langat,https://www.google.com/maps/place/KFC+Kuala+Selangor/data=!4m7!3m6!1s0x31ccf49eea9ebfe3:0x98e667da1e68425e!8m2!3d3.3299544!4d101.2570627!16s%2Fg%2F1hc2tc1xh!19sChIJ47-e6p70zDERXkJoHtpn5pg?authuser=0&hl=en&rclk=1,KFC Kuala Selangor,4.0,(867),Operating
Selangor,Hulu Langat,https://www.google.com/maps/place/KFC+Petron+Hulu+Langat+Drive+Thru/data=!4m7!3m6!1s0x31cc34e4e4c3bd59:0x39abb394f34f7537!8m2!3d3.0705182!4d101.7809376!16s%2Fg%2F11c2qjbmq8!19sChIJWb3D5OQ0zDERN3VP85Szqzk?authuser=0&hl=en&rclk=1,KFC Petron Hulu Langat Drive Thru,3.7,(357),Operating
Selangor,Bangi,https://www.google.com/maps/place/KFC+BANGI+UTAMA/data=!4m7!3m6!1s0x31cdc97e1256c131:0xf1cf19e06a1323b4!8m2!3d2.9533655!4d101.7572785!16s%2Fg%2F12qgjj7bg!19sChIJMcFWEn7JzTERtCMTauAZz_E?authuser=0&hl=en&rclk=1,KFC BANGI UTAMA,3.7,(929),Operating
Selangor,Bangi,https://www.google.com/maps/place/KFC+Southville+City/data=!4m7!3m6!1s0x31cdc9f5db4f5d5f:0x131bb422fa2aafe!8m2!3d2.9035962!4d101.7642544!16s%2Fg%2F11q3sr1xbp!19sChIJX11P2_XJzTER_qqiL0K7MQE?authuser=0&hl=en&rclk=1,KFC Southville City,3.3,(95),Operating
Selangor,Bangi,https://www.google.com/maps/place/KFC+Bandar+Seri+Putra+Bangi/data=!4m7!3m6!1s0x31cdc8ae045a2d53:0xf98c6e5200307a40!8m2!3d2.8850098!4d101.7916394!16s%2Fg%2F11cn8wx57c!19sChIJUy1aBK7IzTERQHowAFJujPk?authuser=0&hl=en&rclk=1,KFC Bandar Seri Putra Bangi,4.0,"(1,003)",Operating
Selangor,Bangi,https://www.google.com/maps/place/KFC+DE+Centrum/data=!4m7!3m6!1s0x31cdca45c8f9b7af:0x751ac25da1b72b1b!8m2!3d2.9797639!4d101.7386823!16s%2Fg%2F11cn9_k368!19sChIJr7f5yEXKzTERGyu3oV3CGnU?authuser=0&hl=en&rclk=1,KFC DE Centrum,3.0,(343),Operating
Selangor,Bangi,https://www.google.com/maps/place/KFC+PKNS+Bangi/data=!4m7!3m6!1s0x31cdcbd24bb5580b:0xb652659271821c88!8m2!3d2.9618587!4d101.7570865!16s%2Fg%2F1hc299s2s!19sChIJC1i1S9LLzTERiByCcZJlUrY?authuser=0&hl=en&rclk=1,KFC PKNS Bangi,3.5,(825),Operating
Selangor,Puchong,https://www.google.com/maps/place/KFC+Kuala+Selangor/data=!4m7!3m6!1s0x31ccf49eea9ebfe3:0x98e667da1e68425e!8m2!3d3.3299544!4d101.2570627!16s%2Fg%2F1hc2tc1xh!19sChIJ47-e6p70zDERXkJoHtpn5pg?authuser=0&hl=en&rclk=1,KFC Kuala Selangor,4.0,(867),Operating
Selangor,Puchong,https://www.google.com/maps/place/KFC/data=!4m7!3m6!1s0x31cdb5d2bb2df133:0x98e0f7470951b4aa!8m2!3d3.0199312!4d101.6250848!16s%2Fg%2F11scjr0x9r!19sChIJM_Etu9K1zTERqrRRCUf34Jg?authuser=0&hl=en&rclk=1,KFC,2.6,(359),Operating
Selangor,Puchong,https://www.google.com/maps/place/KFC+Puchong/data=!4m7!3m6!1s0x31cc4b11bcafa7fd:0x8b8821c2150fea88!8m2!3d3.0616978!4d101.6459316!16s%2Fg%2F1hc2fdpjk!19sChIJ_aevvBFLzDERiOoPFcIhiIs?authuser=0&hl=en&rclk=1,KFC Puchong,3.2,(956),Operating
Selangor,Puchong,https://www.google.com/maps/place/KFC+Bukit+Sentosa+Rawang/data=!4m7!3m6!1s0x31cc68ef49d24573:0x29f43cf1edd83b2d!8m2!3d3.4041992!4d101.5574421!16s%2Fg%2F11cn8sfy5m!19sChIJc0XSSe9ozDERLTvY7fE89Ck?authuser=0&hl=en&rclk=1,KFC Bukit Sentosa Rawang,3.5,"(1,233)",Operating
Selangor,Puchong,https://www.google.com/maps/place/KFC/data=!4m7!3m6!1s0x31cdb37462e79a79:0xbc1ad29c0edd2cd2!8m2!3d2.99959!4d101.5959522!16s%2Fg%2F1thcpvsl!19sChIJeZrnYnSzzTER0izdDpzSGrw?authuser=0&hl=en&rclk=1,KFC,3.1,(924),Operating
Selangor,Puchong,https://www.google.com/maps/place/KFC+@Lotus%27s+Puchong/data=!4m7!3m6!1s0x31cc4caaa87d578f:0x60ee21c7ca61755f!8m2!3d3.034357!4d101.615866!16s%2Fg%2F1hcb8kh8w!19sChIJj1d9qKpMzDERX3Vhysch7mA?authuser=0&hl=en&rclk=1,KFC @Lotus's Puchong,3.3,(690),Operating
Selangor,Puchong,https://www.google.com/maps/place/KFC/data=!4m7!3m6!1s0x31cdb39187497d1f:0xd1e891919df5ce3f!8m2!3d2.9809307!4d101.6020799!16s%2Fg%2F1q62gcdkc!19sChIJH31Jh5GzzTERP871nZGR6NE?authuser=0&hl=en&rclk=1,KFC,3.4,"(2,427)",Operating
Selangor,Puchong,https://www.google.com/maps/place/KFC+Sri+Jati+Puchong+DT/data=!4m7!3m6!1s0x31cc4a548f222b83:0x7976673e77a4926f!8m2!3d3.0773011!4d101.6637734!16s%2Fg%2F11bxf_khww!19sChIJgysij1RKzDERb5Kkdz5ndnk?authuser=0&hl=en&rclk=1,KFC Sri Jati Puchong DT,3.4,"(1,613)",Operating
Selangor,Puchong,https://www.google.com/maps/place/KFC+Petronas+Puchong+Gateway+Drive-Thru/data=!4m7!3m6!1s0x31cdb580c4c3916b:0xb16db04c94affc5b!8m2!3d2.9819925!4d101.6494445!16s%2Fg%2F11p44jjmf1!19sChIJa5HDxIC1zTERW_yvlEywbbE?authuser=0&hl=en&rclk=1,KFC Petronas Puchong Gateway Drive-Thru,3.7,(261),Operating
Selangor,Puchong,https://www.google.com/maps/place/KFC+Caltex+Coalfields./data=!4m7!3m6!1s0x31cc5ba25090cc1d:0x8d3afeabbd280aff!8m2!3d3.2505906!4d101.4712679!16s%2Fg%2F11c1xlfzr6!19sChIJHcyQUKJbzDER_woovav-Oo0?authuser=0&hl=en&rclk=1,KFC Caltex Coalfields.,3.7,(754),Operating
Selangor,Puchong,https://www.google.com/maps/place/KFC+@+Giant+Bandar+Kinrara/data=!4m7!3m6!1s0x31cc4b3c42d7c93d:0x3164494507548a03!8m2!3d3.0503331!4d101.6468427!16s%2Fg%2F1hc64l4tl!19sChIJPcnXQjxLzDERA4pUB0VJZDE?authuser=0&hl=en&rclk=1,KFC @ Giant Bandar Kinrara,3.0,(487),Operating
Selangor,Puchong,"https://www.google.com/maps/place/KFC+@+IOI+Mall,+Puchong/data=!4m7!3m6!1s0x31cc4b59ad4dccef:0xa3acf6a88475a178!8m2!3d3.0458562!4d101.6181724!16s%2Fg%2F1tnpby79!19sChIJ78xNrVlLzDEReKF1hKj2rKM?authuser=0&hl=en&rclk=1","KFC @ IOI Mall, Puchong",2.6,(173),Permanently Closed
Selangor,Subang,https://www.google.com/maps/place/KFC+AEON+Big+Subang/data=!4m7!3m6!1s0x31cc4c5ca8b14d15:0x1968b9dc186594c4!8m2!3d3.0827804!4d101.5875708!16s%2Fg%2F11csp_h8s7!19sChIJFU2xqFxMzDERxJRlGNy5aBk?authuser=0&hl=en&rclk=1,KFC AEON Big Subang,3.5,(453),Operating
Selangor,Subang,https://www.google.com/maps/place/KFC+SUBANG+2+DT/data=!4m7!3m6!1s0x31cc4fcaf11b8597:0xf85dace575aa7133!8m2!3d3.1552888!4d101.5456239!16s%2Fg%2F1tz6zxgx!19sChIJl4Ub8cpPzDERM3GqdeWsXfg?authuser=0&hl=en&rclk=1,KFC SUBANG 2 DT,3.9,"(2,466)",Operating
Selangor,Subang,https://www.google.com/maps/place/KFC+Summit+USJ/data=!4m7!3m6!1s0x31cc4c933699ea9d:0x144a172b36f8fc9d!8m2!3d3.0599489!4d101.59356!16s%2Fg%2F1q62grdpl!19sChIJneqZNpNMzDERnfz4NisXShQ?authuser=0&hl=en&rclk=1,KFC Summit USJ,3.4,(221),Operating
Selangor,Subang,https://www.google.com/maps/place/KFC/data=!4m7!3m6!1s0x31cc4c5f9deabe9f:0x3b68873613492de5!8m2!3d3.0782444!4d101.5882855!16s%2Fg%2F12qg7zgy5!19sChIJn77qnV9MzDER5S1JEzaHaDs?authuser=0&hl=en&rclk=1,KFC,3.6,(862),Operating
Selangor,Subang,https://www.google.com/maps/place/KFC+@+Taipan+Business+Centre/data=!4m7!3m6!1s0x31cc4cc371d4acef:0x749be065aa1f4668!8m2!3d3.0501614!4d101.5837675!16s%2Fg%2F11bbrl6j_3!19sChIJ76zUccNMzDERaEYfqmXgm3Q?authuser=0&hl=en&rclk=1,KFC @ Taipan Business Centre,3.6,(910),Operating
Selangor,Subang,https://www.google.com/maps/place/KFC+Petronas+USJ+20+DT/data=!4m7!3m6!1s0x31cdb3322f892927:0x9a8936b6846ed4ca!8m2!3d3.0302596!4d101.5836153!16s%2Fg%2F1hc3mdtly!19sChIJJymJLzKzzTERytRuhLY2iZo?authuser=0&hl=en&rclk=1,KFC Petronas USJ 20 DT,3.9,"(1,357)",Operating
Selangor,Subang,https://www.google.com/maps/place/KFC+Mydin+USJ/data=!4m7!3m6!1s0x31cc4c947746cd93:0x175682d8128c9dbd!8m2!3d3.0588809!4d101.5964479!16s%2Fg%2F1hc54pzcz!19sChIJk81Gd5RMzDERvZ2MEtiCVhc?authuser=0&hl=en&rclk=1,KFC Mydin USJ,3.8,(199),Operating
Selangor,Subang,https://www.google.com/maps/place/KFC+Alam+Megah/data=!4m7!3m6!1s0x31cdb2e2c4a56041:0xf9abd81a57452206!8m2!3d3.00643!4d101.5681112!16s%2Fg%2F1hc6mw1d5!19sChIJQWClxOKyzTERBiJFVxrYq_k?authuser=0&hl=en&rclk=1,KFC Alam Megah,3.7,"(1,216)",Operating
Selangor,Subang,https://www.google.com/maps/place/KFC+Sunway+Metro/data=!4m7!3m6!1s0x31cc4c80b65e9bdf:0x54afb620240a7886!8m2!3d3.0727714!4d101.6092374!16s%2Fg%2F11hhtqyckp!19sChIJ35tetoBMzDERhngKJCC2r1Q?authuser=0&hl=en&rclk=1,KFC Sunway Metro,2.4,(230),Operating
Selangor,Subang,https://www.google.com/maps/place/KFC+Da+Men+Mall/data=!4m7!3m6!1s0x31cc4d6f7d4e36cf:0x704ed06253db51d3!8m2!3d3.0585204!4d101.5931732!16s%2Fg%2F11h__c9k1y!19sChIJzzZOfW9NzDER01HbU2LQTnA?authuser=0&hl=en&rclk=1,KFC Da Men Mall,2.8,(164),Operating
Selangor,Petaling Jaya,"https://www.google.com/maps/place/KFC+@+Jalan+Barat,+Petaling+Jaya/data=!4m7!3m6!1s0x31cc4bc2fd94df65:0x64e2e59157fa8639!8m2!3d3.1008096!4d101.6413127!16s%2Fg%2F1vm_vdbr!19sChIJZd-U_cJLzDEROYb6V5Hl4mQ?authuser=0&hl=en&rclk=1","KFC @ Jalan Barat, Petaling Jaya",4.0,"(1,215)",Operating
Selangor,Petaling Jaya,https://www.google.com/maps/place/KFC+PJ+State/data=!4m7!3m6!1s0x31cc4bc43928b851:0x39e45f0504d6f86d!8m2!3d3.098892!4d101.6461483!16s%2Fg%2F1hc28_px6!19sChIJUbgoOcRLzDERbfjWBAVf5Dk?authuser=0&hl=en&rclk=1,KFC PJ State,3.9,(796),Operating
Selangor,Petaling Jaya,https://www.google.com/maps/place/KFC+Damansara+Damai/data=!4m7!3m6!1s0x31cc45f322580ac3:0x660dca60e20aed73!8m2!3d3.198995!4d101.5943294!16s%2Fg%2F11bzxbmv62!19sChIJwwpYIvNFzDERc-0K4mDKDWY?authuser=0&hl=en&rclk=1,KFC Damansara Damai,3.6,(835),Operating
Selangor,Petaling Jaya,https://www.google.com/maps/place/KFC+Kota+Damansara+DT/data=!4m7!3m6!1s0x31cc4f068e29f9e9:0xdb7dff7714acac95!8m2!3d3.1601191!4d101.5748089!16s%2Fg%2F11bv30gzqv!19sChIJ6fkpjgZPzDERlaysFHf_fds?authuser=0&hl=en&rclk=1,KFC Kota Damansara DT,3.7,"(1,058)",Operating
Selangor,Petaling Jaya,https://www.google.com/maps/place/KFC+Centerpoint+Bandar+Utama/data=!4m7!3m6!1s0x31cc4ecc02ba4c09:0xefe9b9fce8644da2!8m2!3d3.1380407!4d101.6099428!16s%2Fg%2F11bwyyfw4_!19sChIJCUy6AsxOzDERok1k6Py56e8?authuser=0&hl=en&rclk=1,KFC Centerpoint Bandar Utama,3.7,(488),Operating
Selangor,Petaling Jaya,https://www.google.com/maps/place/KFC+Kota+Damansara/data=!4m7!3m6!1s0x31cc4ee272588f87:0xc79d5f3bf513ff8a!8m2!3d3.1505026!4d101.5854848!16s%2Fg%2F11c6063td4!19sChIJh49YcuJOzDERiv8T9Ttfncc?authuser=0&hl=en&rclk=1,KFC Kota Damansara,3.8,"(1,138)",Operating
Selangor,Petaling Jaya,https://www.google.com/maps/place/KFC+Paradigm+Mall+PJ/data=!4m7!3m6!1s0x31cc4d719cfdce31:0x2a540bb72f464e51!8m2!3d3.1051504!4d101.5960284!16s%2Fg%2F11glfkvjqv!19sChIJMc79nHFNzDERUU5GL7cLVCo?authuser=0&hl=en&rclk=1,KFC Paradigm Mall PJ,2.0,(255),Operating
Selangor,Petaling Jaya,https://www.google.com/maps/place/KFC+SS6/data=!4m7!3m6!1s0x31cc4c1c34c7ad43:0x8737066e28521691!8m2!3d3.1049653!4d101.60021!16s%2Fg%2F1tcz5v19!19sChIJQ63HNBxMzDERkRZSKG4GN4c?authuser=0&hl=en&rclk=1,KFC SS6,3.5,(797),Operating
Selangor,Petaling Jaya,https://www.google.com/maps/place/KFC+Lotus+Ara+Damansara/data=!4m7!3m6!1s0x31cc4e83ffc8c6d1:0x735d8e620eb81869!8m2!3d3.118492!4d101.576252!16s%2Fg%2F11ckvfwqfd!19sChIJ0cbI_4NOzDERaRi4DmKOXXM?authuser=0&hl=en&rclk=1,KFC Lotus Ara Damansara,3.3,(383),Operating
Selangor,Petaling Jaya,https://www.google.com/maps/place/KFC+IOI+Mall+Damansara/data=!4m7!3m6!1s0x31cc4f1d268a8675:0xb2868938545695ca!8m2!3d3.1487845!4d101.5947374!16s%2Fg%2F11rmxpxg9g!19sChIJdYaKJh1PzDERypVWVDiJhrI?authuser=0&hl=en&rclk=1,KFC IOI Mall Damansara,1.8,(124),Operating
Selangor,Petaling Jaya,https://www.google.com/maps/place/KFC+VSQ/data=!4m7!3m6!1s0x31cc4bdde7c167df:0xe302c63f1e3f47c8!8m2!3d3.1071872!4d101.6399431!16s%2Fg%2F11cm_66k_j!19sChIJ32fB591LzDERyEc_Hj_GAuM?authuser=0&hl=en&rclk=1,KFC VSQ,3.9,(316),Operating
Selangor,Petaling Jaya,https://www.google.com/maps/place/KFC+@+Seapark/data=!4m7!3m6!1s0x31cc4bfc14fe864d:0x31b653d5cca155b3!8m2!3d3.1089696!4d101.622798!16s%2Fg%2F1hc3qh25_!19sChIJTYb-FPxLzDERs1WhzNVTtjE?authuser=0&hl=en&rclk=1,KFC @ Seapark,3.6,(852),Operating
Selangor,Petaling Jaya,https://www.google.com/maps/place/KFC+Jalan+Universiti+DT/data=!4m7!3m6!1s0x31cc4c0c0f5e6db3:0xdf2f7cb523130b7b!8m2!3d3.118423!4d101.6480817!16s%2Fg%2F1tpn01ql!19sChIJs21eDwxMzDERewsTI7V8L98?authuser=0&hl=en&rclk=1,KFC Jalan Universiti DT,3.9,"(3,256)",Operating
Selangor,Petaling Jaya,https://www.google.com/maps/place/KFC+Petronas+Petaling+Utama+Drive+Thru/data=!4m7!3m6!1s0x31cc4ba43291792f:0x1bcc171e95a7e40d!8m2!3d3.0789396!4d101.646762!16s%2Fg%2F1hc204t4b!19sChIJL3mRMqRLzDERDeSnlR4XzBs?authuser=0&hl=en&rclk=1,KFC Petronas Petaling Utama Drive Thru,3.4,(776),Operating
Selangor,Petaling Jaya,https://www.google.com/maps/place/KFC+@+Giant+Kota+Damansara/data=!4m7!3m6!1s0x31cc4f210c1625cb:0x30b0e49a53bb490f!8m2!3d3.1561992!4d101.596532!16s%2Fg%2F1hc15f2b_!19sChIJyyUWDCFPzDERD0m7U5rksDA?authuser=0&hl=en&rclk=1,KFC @ Giant Kota Damansara,3.3,(183),Operating
Selangor,Petaling Jaya,https://www.google.com/maps/place/KFC+Bandar+Utama/data=!4m7!3m6!1s0x31cc4ed5375bf94f:0x2dbe3b962b75d035!8m2!3d3.149117!4d101.6165996!16s%2Fg%2F1tdwmlq0!19sChIJT_lbN9VOzDERNdB1K5Y7vi0?authuser=0&hl=en&rclk=1,KFC Bandar Utama,3.4,(562),Operating
Selangor,Petaling Jaya,https://www.google.com/maps/place/KFC/data=!4m7!3m6!1s0x31cc4f2cfe3999c5:0x89c6b246bd84332f!8m2!3d3.1593268!4d101.613111!16s%2Fg%2F11c2y56j_l!19sChIJxZk5_ixPzDERLzOEvUayxok?authuser=0&hl=en&rclk=1,KFC,3.4,(246),Operating
Selangor,Petaling Jaya,https://www.google.com/maps/place/KFC/data=!4m7!3m6!1s0x31cc494ca32476f1:0xb599a182c47cf38e!8m2!3d3.1270756!4d101.6163006!16s%2Fg%2F1hc6f8g_7!19sChIJ8XYko0xJzDERjvN8xIKhmbU?authuser=0&hl=en&rclk=1,KFC,3.0,(253),Operating
Selangor,Petaling Jaya,https://www.google.com/maps/place/KFC+Sunway+Metro/data=!4m7!3m6!1s0x31cc4c80b65e9bdf:0x54afb620240a7886!8m2!3d3.0727714!4d101.6092374!16s%2Fg%2F11hhtqyckp!19sChIJ35tetoBMzDERhngKJCC2r1Q?authuser=0&hl=en&rclk=1,KFC Sunway Metro,2.4,(230),Operating
Selangor,Petaling Jaya,https://www.google.com/maps/place/KFC/data=!4m7!3m6!1s0x31cc4d8a303329e5:0xbe674f85b48a1f32!8m2!3d3.1110196!4d101.5872145!16s%2Fg%2F11fjbprykt!19sChIJ5SkzMIpNzDERMh-KtIVPZ74?authuser=0&hl=en&rclk=1,KFC,2.8,(568),Operating
Selangor,Petaling Jaya,https://www.google.com/maps/place/KFC+Bandar+Sri+Damansara/data=!4m7!3m6!1s0x31cc45f914e6f0a5:0xbf4d46dfd5dda2db!8m2!3d3.19556!4d101.6083652!16s%2Fg%2F11f28d4m25!19sChIJpfDmFPlFzDER26Ld1d9GTb8?authuser=0&hl=en&rclk=1,KFC Bandar Sri Damansara,3.5,(962),Operating
Selangor,Petaling Jaya,https://www.google.com/maps/place/KFC+Shell+NKVE+DT/data=!4m7!3m6!1s0x31cc4ebd4d863dbb:0xb31c0b3fd76ce00e!8m2!3d3.1232818!4d101.5937768!16s%2Fg%2F11clvsccn6!19sChIJuz2GTb1OzDERDuBs1z8LHLM?authuser=0&hl=en&rclk=1,KFC Shell NKVE DT,3.9,(797),Operating
Selangor,Petaling Jaya,https://www.google.com/maps/place/KFC+%E2%80%A2+Sri+Manja+Square/data=!4m7!3m6!1s0x31cc4ba72929f651:0xe57e4520f206c11b!8m2!3d3.0741222!4d101.6500721!16s%2Fg%2F1hc25yr1c!19sChIJUfYpKadLzDERG8EG8iBFfuU?authuser=0&hl=en&rclk=1,KFC • Sri Manja Square,3.5,(873),Operating
Selangor,Petaling Jaya,https://www.google.com/maps/place/KFC+Sunway+Mentari/data=!4m7!3m6!1s0x31cc4d27a6375d1b:0x4e2ac0bbc26f6123!8m2!3d3.0762174!4d101.6111804!16s%2Fg%2F11gk0ntsv2!19sChIJG103pidNzDERI2FvwrvAKk4?authuser=0&hl=en&rclk=1,KFC Sunway Mentari,3.2,(626),Operating
Selangor,Petaling Jaya,https://www.google.com/maps/place/KFC/data=!4m7!3m6!1s0x31cc4930265d00d1:0xe5ffaf185a159953!8m2!3d3.142124!4d101.6251952!16s%2Fg%2F11bbrh43sg!19sChIJ0QBdJjBJzDERU5kVWhiv_-U?authuser=0&hl=en&rclk=1,KFC,4.0,(967),Operating
Selangor,Petaling Jaya,https://www.google.com/maps/place/KFC+R%26R+Jejantas+Sungai+Buloh+%28KFC+OHB+Sg+Buloh%29/data=!4m7!3m6!1s0x31cc4f63eef1224d:0x1b04e4b27fb92ded!8m2!3d3.1886027!4d101.586407!16s%2Fg%2F1hc1dgm3p!19sChIJTSLx7mNPzDER7S25f7LkBBs?authuser=0&hl=en&rclk=1,KFC R&R Jejantas Sungai Buloh (KFC OHB Sg Buloh),3.9,"(1,858)",Operating
Selangor,Petaling Jaya,https://www.google.com/maps/place/KFC+SUBANG+2+DT/data=!4m7!3m6!1s0x31cc4fcaf11b8597:0xf85dace575aa7133!8m2!3d3.1552888!4d101.5456239!16s%2Fg%2F1tz6zxgx!19sChIJl4Ub8cpPzDERM3GqdeWsXfg?authuser=0&hl=en&rclk=1,KFC SUBANG 2 DT,3.9,"(2,466)",Operating
Selangor,Petaling Jaya,https://www.google.com/maps/place/KFC+Sunway+Pyramid/data=!4m7!3m6!1s0x31cc4c87797f6b33:0xa6e293e260c6b411!8m2!3d3.0718706!4d101.6077125!16s%2Fg%2F1tfzzl2m!19sChIJM2t_eYdMzDEREbTGYOKT4qY?authuser=0&hl=en&rclk=1,KFC Sunway Pyramid,3.6,"(1,211)",Operating
Selangor,Damansara,https://www.google.com/maps/place/KFC+Tanjong+Karang/data=!4m7!3m6!1s0x31cc8de593721a85:0xce66b41d5e48aceb!8m2!3d3.4250865!4d101.177112!16s%2Fg%2F1hc8gffwp!19sChIJhRpyk-WNzDER66xIXh20Zs4?authuser=0&hl=en&rclk=1,KFC Tanjong Karang,4.0,(616),Operating
Selangor,Damansara,https://www.google.com/maps/place/KFC+Kuala+Selangor/data=!4m7!3m6!1s0x31ccf49eea9ebfe3:0x98e667da1e68425e!8m2!3d3.3299544!4d101.2570627!16s%2Fg%2F1hc2tc1xh!19sChIJ47-e6p70zDERXkJoHtpn5pg?authuser=0&hl=en&rclk=1,KFC Kuala Selangor,4.0,(867),Operating
Selangor,Damansara,https://www.google.com/maps/place/KFC+Damansara+Damai/data=!4m7!3m6!1s0x31cc45f322580ac3:0x660dca60e20aed73!8m2!3d3.198995!4d101.5943294!16s%2Fg%2F11bzxbmv62!19sChIJwwpYIvNFzDERc-0K4mDKDWY?authuser=0&hl=en&rclk=1,KFC Damansara Damai,3.6,(835),Operating
Selangor,Damansara,https://www.google.com/maps/place/KFC+Bukit+Sentosa+Rawang/data=!4m7!3m6!1s0x31cc68ef49d24573:0x29f43cf1edd83b2d!8m2!3d3.4041992!4d101.5574421!16s%2Fg%2F11cn8sfy5m!19sChIJc0XSSe9ozDERLTvY7fE89Ck?authuser=0&hl=en&rclk=1,KFC Bukit Sentosa Rawang,3.5,"(1,233)",Operating
Selangor,Damansara,https://www.google.com/maps/place/KFC+BHPetrol+Tanjung+Malim/data=!4m7!3m6!1s0x31cb87db0364f389:0x751a5299b7758425!8m2!3d3.695326!4d101.5157724!16s%2Fg%2F12qhb4t1z!19sChIJifNkA9uHyzERJYR1t5lSGnU?authuser=0&hl=en&rclk=1,KFC BHPetrol Tanjung Malim,3.6,"(1,162)",Operating
Selangor,Damansara,https://www.google.com/maps/place/KFC+Bandar+Country+Homes/data=!4m7!3m6!1s0x31cc42ccdef49c47:0x8844288c824ad3fb!8m2!3d3.3237819!4d101.5259793!16s%2Fg%2F11g6975mp8!19sChIJR5z03sxCzDER-9NKgowoRIg?authuser=0&hl=en&rclk=1,KFC Bandar Country Homes,3.5,(875),Operating
Selangor,Damansara,https://www.google.com/maps/place/KFC+Kota+Damansara+DT/data=!4m7!3m6!1s0x31cc4f068e29f9e9:0xdb7dff7714acac95!8m2!3d3.1601191!4d101.5748089!16s%2Fg%2F11bv30gzqv!19sChIJ6fkpjgZPzDERlaysFHf_fds?authuser=0&hl=en&rclk=1,KFC Kota Damansara DT,3.7,"(1,058)",Operating
Selangor,Damansara,https://www.google.com/maps/place/KFC+Tanjung+Malim/data=!4m7!3m6!1s0x31cb87e3a99c84d3:0x910b374b6b06e92b!8m2!3d3.6808837!4d101.5214883!16s%2Fg%2F1hc0yb92b!19sChIJ04ScqeOHyzERK-kGa0s3C5E?authuser=0&hl=en&rclk=1,KFC Tanjung Malim,3.9,(899),Operating
Selangor,Damansara,https://www.google.com/maps/place/KFC+Lotus+Ara+Damansara/data=!4m7!3m6!1s0x31cc4e83ffc8c6d1:0x735d8e620eb81869!8m2!3d3.118492!4d101.576252!16s%2Fg%2F11ckvfwqfd!19sChIJ0cbI_4NOzDERaRi4DmKOXXM?authuser=0&hl=en&rclk=1,KFC Lotus Ara Damansara,3.3,(383),Operating
Selangor,Damansara,https://www.google.com/maps/place/KFC+Kota+Damansara/data=!4m7!3m6!1s0x31cc4ee272588f87:0xc79d5f3bf513ff8a!8m2!3d3.1505026!4d101.5854848!16s%2Fg%2F11c6063td4!19sChIJh49YcuJOzDERiv8T9Ttfncc?authuser=0&hl=en&rclk=1,KFC Kota Damansara,3.8,"(1,138)",Operating
Selangor,Damansara,https://www.google.com/maps/place/KFC+IJOK/data=!4m7!3m6!1s0x31cc5e6077c8a095:0x351ad3841a6b3f!8m2!3d3.3142778!4d101.4113339!16s%2Fg%2F11bbrkpph2!19sChIJlaDId2BezDERP2sahNMaNQA?authuser=0&hl=en&rclk=1,KFC IJOK,3.9,(860),Operating
Selangor,Damansara,https://www.google.com/maps/place/KFC+IOI+Mall+Damansara/data=!4m7!3m6!1s0x31cc4f1d268a8675:0xb2868938545695ca!8m2!3d3.1487845!4d101.5947374!16s%2Fg%2F11rmxpxg9g!19sChIJdYaKJh1PzDERypVWVDiJhrI?authuser=0&hl=en&rclk=1,KFC IOI Mall Damansara,1.8,(124),Operating
Selangor,Damansara,https://www.google.com/maps/place/KFC+Bandar+Sri+Damansara/data=!4m7!3m6!1s0x31cc45f914e6f0a5:0xbf4d46dfd5dda2db!8m2!3d3.19556!4d101.6083652!16s%2Fg%2F11f28d4m25!19sChIJpfDmFPlFzDER26Ld1d9GTb8?authuser=0&hl=en&rclk=1,KFC Bandar Sri Damansara,3.5,(962),Operating
Selangor,Damansara,https://www.google.com/maps/place/KFC+Setia+Rawang/data=!4m7!3m6!1s0x31cc43cec553ac09:0x3199d3ebc0d78545!8m2!3d3.3031383!4d101.5992166!16s%2Fg%2F1hc4yhw1j!19sChIJCaxTxc5DzDERRYXXwOvTmTE?authuser=0&hl=en&rclk=1,KFC Setia Rawang,3.8,(677),Operating
Selangor,Damansara,https://www.google.com/maps/place/KFC+Rawang+New+Town/data=!4m7!3m6!1s0x31cc425bc5816dc7:0x2461891a41a8233c!8m2!3d3.3235373!4d101.5768115!16s%2Fg%2F1hc0rcw9p!19sChIJx22BxVtCzDERPCOoQRqJYSQ?authuser=0&hl=en&rclk=1,KFC Rawang New Town,3.7,(999),Operating
Selangor,Damansara,https://www.google.com/maps/place/KFC/data=!4m7!3m6!1s0x31cc4f2cfe3999c5:0x89c6b246bd84332f!8m2!3d3.1593268!4d101.613111!16s%2Fg%2F11c2y56j_l!19sChIJxZk5_ixPzDERLzOEvUayxok?authuser=0&hl=en&rclk=1,KFC,3.4,(246),Operating
Selangor,Damansara,https://www.google.com/maps/place/KFC+@+Giant+Kota+Damansara/data=!4m7!3m6!1s0x31cc4f210c1625cb:0x30b0e49a53bb490f!8m2!3d3.1561992!4d101.596532!16s%2Fg%2F1hc15f2b_!19sChIJyyUWDCFPzDERD0m7U5rksDA?authuser=0&hl=en&rclk=1,KFC @ Giant Kota Damansara,3.3,(183),Operating
Selangor,Damansara,https://www.google.com/maps/place/KFC+Pusat+Bandar+Rawang/data=!4m7!3m6!1s0x31cc4250eb08dc79:0x973f543c8bb422af!8m2!3d3.3191483!4d101.577576!16s%2Fg%2F11c2y5knj5!19sChIJedwI61BCzDERryK0izxUP5c?authuser=0&hl=en&rclk=1,KFC Pusat Bandar Rawang,3.6,(478),Operating
Selangor,Damansara,https://www.google.com/maps/place/KFC+Shell+NKVE+DT/data=!4m7!3m6!1s0x31cc4ebd4d863dbb:0xb31c0b3fd76ce00e!8m2!3d3.1232818!4d101.5937768!16s%2Fg%2F11clvsccn6!19sChIJuz2GTb1OzDERDuBs1z8LHLM?authuser=0&hl=en&rclk=1,KFC Shell NKVE DT,3.9,(797),Operating
Selangor,Damansara,https://www.google.com/maps/place/KFC/data=!4m7!3m6!1s0x31cc494ca32476f1:0xb599a182c47cf38e!8m2!3d3.1270756!4d101.6163006!16s%2Fg%2F1hc6f8g_7!19sChIJ8XYko0xJzDERjvN8xIKhmbU?authuser=0&hl=en&rclk=1,KFC,3.0,(253),Operating
Selangor,Damansara,https://www.google.com/maps/place/KFC/data=!4m7!3m6!1s0x31cc4d8a303329e5:0xbe674f85b48a1f32!8m2!3d3.1110196!4d101.5872145!16s%2Fg%2F11fjbprykt!19sChIJ5SkzMIpNzDERMh-KtIVPZ74?authuser=0&hl=en&rclk=1,KFC,2.8,(568),Operating
Selangor,Damansara,https://www.google.com/maps/place/KFC+Saujana+Utama+Sungai+Buloh/data=!4m7!3m6!1s0x31cc5a8587f444d1:0x37cfa837621f3ece!8m2!3d3.2030966!4d101.4873842!16s%2Fg%2F1hc0wc3n6!19sChIJ0UT0h4VazDERzj4fYjeozzc?authuser=0&hl=en&rclk=1,KFC Saujana Utama Sungai Buloh,3.6,"(1,120)",Operating
Selangor,Damansara,https://www.google.com/maps/place/KFC+Lotus%27s+Kuala+Selangor/data=!4m7!3m6!1s0x31ccf48c6de56055:0xa9906ed3def0fbdc!8m2!3d3.3196126!4d101.2707673!16s%2Fg%2F11g5_42ll2!19sChIJVWDlbYz0zDER3Pvw3tNukKk?authuser=0&hl=en&rclk=1,KFC Lotus's Kuala Selangor,3.3,(81),Operating
Selangor,Damansara,https://www.google.com/maps/place/KFC+Bandar+Baru+Sungai+Buloh+%28Sg+Buloh+2%29/data=!4m7!3m6!1s0x31cc4574a81aabdf:0x7e716bb21ff0d9d9!8m2!3d3.2114852!4d101.5645851!16s%2Fg%2F1tdqr0sx!19sChIJ36saqHRFzDER2dnwH7JrcX4?authuser=0&hl=en&rclk=1,KFC Bandar Baru Sungai Buloh (Sg Buloh 2),3.8,"(1,171)",Operating
Selangor,Damansara,https://www.google.com/maps/place/KFC+SS6/data=!4m7!3m6!1s0x31cc4c1c34c7ad43:0x8737066e28521691!8m2!3d3.1049653!4d101.60021!16s%2Fg%2F1tcz5v19!19sChIJQ63HNBxMzDERkRZSKG4GN4c?authuser=0&hl=en&rclk=1,KFC SS6,3.5,(797),Operating
Selangor,Damansara,https://www.google.com/maps/place/KFC+SEKINCHAN/data=!4m7!3m6!1s0x31cc9091f1087691:0xfe46a008a6e86e87!8m2!3d3.5026922!4d101.1036783!16s%2Fg%2F11bzsdxn5w!19sChIJkXYI8ZGQzDERh27opgigRv4?authuser=0&hl=en&rclk=1,KFC SEKINCHAN,3.8,(496),Operating
Selangor,Damansara,https://www.google.com/maps/place/KFC+Puncak+Alam/data=!4m7!3m6!1s0x31cc597d697c33b7:0x4c4c9a980d5627ae!8m2!3d3.2416828!4d101.4327609!16s%2Fg%2F11cnd8_bd0!19sChIJtzN8aX1ZzDERridWDZiaTEw?authuser=0&hl=en&rclk=1,KFC Puncak Alam,3.8,"(1,386)",Operating
Selangor,Damansara,https://www.google.com/maps/place/KFC+Petronas+Petaling+Utama+Drive+Thru/data=!4m7!3m6!1s0x31cc4ba43291792f:0x1bcc171e95a7e40d!8m2!3d3.0789396!4d101.646762!16s%2Fg%2F1hc204t4b!19sChIJL3mRMqRLzDERDeSnlR4XzBs?authuser=0&hl=en&rclk=1,KFC Petronas Petaling Utama Drive Thru,3.4,(776),Operating
Selangor,Damansara,https://www.google.com/maps/place/KFC+@+Seapark/data=!4m7!3m6!1s0x31cc4bfc14fe864d:0x31b653d5cca155b3!8m2!3d3.1089696!4d101.622798!16s%2Fg%2F1hc3qh25_!19sChIJTYb-FPxLzDERs1WhzNVTtjE?authuser=0&hl=en&rclk=1,KFC @ Seapark,3.6,(852),Operating
Selangor,Damansara,https://www.google.com/maps/place/KFC+Sunway+Metro/data=!4m7!3m6!1s0x31cc4c80b65e9bdf:0x54afb620240a7886!8m2!3d3.0727714!4d101.6092374!16s%2Fg%2F11hhtqyckp!19sChIJ35tetoBMzDERhngKJCC2r1Q?authuser=0&hl=en&rclk=1,KFC Sunway Metro,2.4,(230),Operating
Selangor,Damansara,"https://www.google.com/maps/place/KFC+@+Jalan+Barat,+Petaling+Jaya/data=!4m7!3m6!1s0x31cc4bc2fd94df65:0x64e2e59157fa8639!8m2!3d3.1008096!4d101.6413127!16s%2Fg%2F1vm_vdbr!19sChIJZd-U_cJLzDEROYb6V5Hl4mQ?authuser=0&hl=en&rclk=1","KFC @ Jalan Barat, Petaling Jaya",4.0,"(1,215)",Operating
Selangor,Damansara,https://www.google.com/maps/place/KFC/data=!4m7!3m6!1s0x31cc4930265d00d1:0xe5ffaf185a159953!8m2!3d3.142124!4d101.6251952!16s%2Fg%2F11bbrh43sg!19sChIJ0QBdJjBJzDERU5kVWhiv_-U?authuser=0&hl=en&rclk=1,KFC,4.0,(967),Operating
Selangor,Damansara,https://www.google.com/maps/place/KFC+SUBANG+2+DT/data=!4m7!3m6!1s0x31cc4fcaf11b8597:0xf85dace575aa7133!8m2!3d3.1552888!4d101.5456239!16s%2Fg%2F1tz6zxgx!19sChIJl4Ub8cpPzDERM3GqdeWsXfg?authuser=0&hl=en&rclk=1,KFC SUBANG 2 DT,3.9,"(2,466)",Operating
Selangor,Damansara,https://www.google.com/maps/place/KFC+Bandar+Utama/data=!4m7!3m6!1s0x31cc4ed5375bf94f:0x2dbe3b962b75d035!8m2!3d3.149117!4d101.6165996!16s%2Fg%2F1tdwmlq0!19sChIJT_lbN9VOzDERNdB1K5Y7vi0?authuser=0&hl=en&rclk=1,KFC Bandar Utama,3.4,(562),Operating
Selangor,Damansara,https://www.google.com/maps/place/KFC+VSQ/data=!4m7!3m6!1s0x31cc4bdde7c167df:0xe302c63f1e3f47c8!8m2!3d3.1071872!4d101.6399431!16s%2Fg%2F11cm_66k_j!19sChIJ32fB591LzDERyEc_Hj_GAuM?authuser=0&hl=en&rclk=1,KFC VSQ,3.9,(316),Operating
Selangor,Damansara,https://www.google.com/maps/place/KFC+%E2%80%A2+Sri+Manja+Square/data=!4m7!3m6!1s0x31cc4ba72929f651:0xe57e4520f206c11b!8m2!3d3.0741222!4d101.6500721!16s%2Fg%2F1hc25yr1c!19sChIJUfYpKadLzDERG8EG8iBFfuU?authuser=0&hl=en&rclk=1,KFC • Sri Manja Square,3.5,(873),Operating
Selangor,Damansara,https://www.google.com/maps/place/KFC+Batang+Kali/data=!4m7!3m6!1s0x31cc6c514feb53c7:0xc6730d49b1a55a13!8m2!3d3.462727!4d101.6536484!16s%2Fg%2F1hc1tlv9n!19sChIJx1PrT1FszDERE1qlsUkNc8Y?authuser=0&hl=en&rclk=1,KFC Batang Kali,3.9,"(1,350)",Operating
Selangor,Damansara,https://www.google.com/maps/place/KFC+Desa+Aman+Puri/data=!4m7!3m6!1s0x31cc45e004c03aeb:0xbdc255550cabe0a8!8m2!3d3.210976!4d101.6164221!16s%2Fg%2F1hc85kyk8!19sChIJ6zrABOBFzDERqOCrDFVVwr0?authuser=0&hl=en&rclk=1,KFC Desa Aman Puri,3.6,(615),Operating
Selangor,Damansara,https://www.google.com/maps/place/KFC+Petronas+Puchong+Gateway+Drive-Thru/data=!4m7!3m6!1s0x31cdb580c4c3916b:0xb16db04c94affc5b!8m2!3d2.9819925!4d101.6494445!16s%2Fg%2F11p44jjmf1!19sChIJa5HDxIC1zTERW_yvlEywbbE?authuser=0&hl=en&rclk=1,KFC Petronas Puchong Gateway Drive-Thru,3.7,(261),Operating
Selangor,Sungai Buloh,https://www.google.com/maps/place/KFC+Sungai+Buloh+1/data=!4m7!3m6!1s0x31cc457019fb8117:0x8f3a64a42c05dc1!8m2!3d3.2030204!4d101.5595548!16s%2Fg%2F1hc5g98c7!19sChIJF4H7GXBFzDERwV3AQkqm8wg?authuser=0&hl=en&rclk=1,KFC Sungai Buloh 1,3.7,(451),Operating
Selangor,Sungai Buloh,https://www.google.com/maps/place/KFC+Bandar+Baru+Sungai+Buloh+%28Sg+Buloh+2%29/data=!4m7!3m6!1s0x31cc4574a81aabdf:0x7e716bb21ff0d9d9!8m2!3d3.2114852!4d101.5645851!16s%2Fg%2F1tdqr0sx!19sChIJ36saqHRFzDER2dnwH7JrcX4?authuser=0&hl=en&rclk=1,KFC Bandar Baru Sungai Buloh (Sg Buloh 2),3.8,"(1,171)",Operating
Selangor,Sungai Buloh,https://www.google.com/maps/place/KFC+R%26R+Jejantas+Sungai+Buloh+%28KFC+OHB+Sg+Buloh%29/data=!4m7!3m6!1s0x31cc4f63eef1224d:0x1b04e4b27fb92ded!8m2!3d3.1886027!4d101.586407!16s%2Fg%2F1hc1dgm3p!19sChIJTSLx7mNPzDER7S25f7LkBBs?authuser=0&hl=en&rclk=1,KFC R&R Jejantas Sungai Buloh (KFC OHB Sg Buloh),3.9,"(1,858)",Operating
Selangor,Sungai Buloh,https://www.google.com/maps/place/KFC+Saujana+Utama+Sungai+Buloh/data=!4m7!3m6!1s0x31cc5a8587f444d1:0x37cfa837621f3ece!8m2!3d3.2030966!4d101.4873842!16s%2Fg%2F1hc0wc3n6!19sChIJ0UT0h4VazDERzj4fYjeozzc?authuser=0&hl=en&rclk=1,KFC Saujana Utama Sungai Buloh,3.6,"(1,120)",Operating
Selangor,Sungai Buloh,https://www.google.com/maps/place/KFC+Caltex+Coalfields./data=!4m7!3m6!1s0x31cc5ba25090cc1d:0x8d3afeabbd280aff!8m2!3d3.2505906!4d101.4712679!16s%2Fg%2F11c1xlfzr6!19sChIJHcyQUKJbzDER_woovav-Oo0?authuser=0&hl=en&rclk=1,KFC Caltex Coalfields.,3.7,(754),Operating
Selangor,Shah Alam,https://www.google.com/maps/place/KFC+Kuala+Selangor/data=!4m7!3m6!1s0x31ccf49eea9ebfe3:0x98e667da1e68425e!8m2!3d3.3299544!4d101.2570627!16s%2Fg%2F1hc2tc1xh!19sChIJ47-e6p70zDERXkJoHtpn5pg?authuser=0&hl=en&rclk=1,KFC Kuala Selangor,4.0,(867),Operating
Selangor,Shah Alam,https://www.google.com/maps/place/KFC+Puncak+Alam/data=!4m7!3m6!1s0x31cc597d697c33b7:0x4c4c9a980d5627ae!8m2!3d3.2416828!4d101.4327609!16s%2Fg%2F11cnd8_bd0!19sChIJtzN8aX1ZzDERridWDZiaTEw?authuser=0&hl=en&rclk=1,KFC Puncak Alam,3.8,"(1,386)",Operating
Selangor,Shah Alam,https://www.google.com/maps/place/KFC+Giant+Shah+Alam/data=!4m7!3m6!1s0x31cc4da2ca804d37:0x1cd83486d27ab428!8m2!3d3.0840548!4d101.5493071!16s%2Fg%2F1vq9jt0q!19sChIJN02AyqJNzDERKLR60oY02Bw?authuser=0&hl=en&rclk=1,KFC Giant Shah Alam,3.1,(115),Operating
Selangor,Shah Alam,https://www.google.com/maps/place/KFC+Section+20+Shah+Alam/data=!4m7!3m6!1s0x31cc4d6a20ab6e5d:0x3190bed80e683cab!8m2!3d3.0561831!4d101.5419486!16s%2Fg%2F1hc74mw1g!19sChIJXW6rIGpNzDERqzxoDti-kDE?authuser=0&hl=en&rclk=1,KFC Section 20 Shah Alam,3.7,(678),Operating
Selangor,Shah Alam,https://www.google.com/maps/place/KFC+DT+@+Setia+Impian/data=!4m7!3m6!1s0x31cc4e6700000001:0xfbaa937c89ded1f9!8m2!3d3.1017176!4d101.4451813!16s%2Fg%2F1hc1mspbf!19sChIJAQAAAGdOzDER-dHeiXyTqvs?authuser=0&hl=en&rclk=1,KFC DT @ Setia Impian,3.7,"(1,758)",Operating
Selangor,Shah Alam,https://www.google.com/maps/place/KFC+Petron+Setia+Alam+DT/data=!4m7!3m6!1s0x31cc5170be39017b:0x724642243875d61d!8m2!3d3.1254971!4d101.4722183!16s%2Fg%2F11dxm6c2lp!19sChIJewE5vnBRzDERHdZ1OCRCRnI?authuser=0&hl=en&rclk=1,KFC Petron Setia Alam DT,3.6,(876),Operating
Selangor,Shah Alam,https://www.google.com/maps/place/KFC+Tanjung+Malim/data=!4m7!3m6!1s0x31cb87e3a99c84d3:0x910b374b6b06e92b!8m2!3d3.6808837!4d101.5214883!16s%2Fg%2F1hc0yb92b!19sChIJ04ScqeOHyzERK-kGa0s3C5E?authuser=0&hl=en&rclk=1,KFC Tanjung Malim,3.9,(899),Operating
Selangor,Shah Alam,https://www.google.com/maps/place/KFC+Shah+Alam+1/data=!4m7!3m6!1s0x31cc528691f98d43:0x509fd1b701713d96!8m2!3d3.0716248!4d101.5166845!16s%2Fg%2F1hc4b973s!19sChIJQ435kYZSzDERlj1xAbfRn1A?authuser=0&hl=en&rclk=1,KFC Shah Alam 1,4.1,(469),Operating
Selangor,Shah Alam,https://www.google.com/maps/place/KFC+SUBANG+2+DT/data=!4m7!3m6!1s0x31cc4fcaf11b8597:0xf85dace575aa7133!8m2!3d3.1552888!4d101.5456239!16s%2Fg%2F1tz6zxgx!19sChIJl4Ub8cpPzDERM3GqdeWsXfg?authuser=0&hl=en&rclk=1,KFC SUBANG 2 DT,3.9,"(2,466)",Operating
Selangor,Shah Alam,https://www.google.com/maps/place/KFC+Extreme+Park+S13+Shah+Alam/data=!4m7!3m6!1s0x31cc4d96459b796f:0xebb06930363e0868!8m2!3d3.0869584!4d101.5420971!16s%2Fg%2F1hc3w0z2l!19sChIJb3mbRZZNzDERaAg-NjBpsOs?authuser=0&hl=en&rclk=1,KFC Extreme Park S13 Shah Alam,4.0,"(1,617)",Operating
Selangor,Shah Alam,https://www.google.com/maps/place/KFC+MSU+SHAH+ALAM/data=!4m7!3m6!1s0x31cc4df1e3bd530d:0xfc1b2bd51694de5d!8m2!3d3.078038!4d101.5528999!16s%2Fg%2F11rvbmq9md!19sChIJDVO94_FNzDERXd6UFtUrG_w?authuser=0&hl=en&rclk=1,KFC MSU SHAH ALAM,1.6,(41),Temporarily Closed
Selangor,Shah Alam,https://www.google.com/maps/place/KFC+Bukit+Sentosa+Rawang/data=!4m7!3m6!1s0x31cc68ef49d24573:0x29f43cf1edd83b2d!8m2!3d3.4041992!4d101.5574421!16s%2Fg%2F11cn8sfy5m!19sChIJc0XSSe9ozDERLTvY7fE89Ck?authuser=0&hl=en&rclk=1,KFC Bukit Sentosa Rawang,3.5,"(1,233)",Operating
Selangor,Shah Alam,https://www.google.com/maps/place/KFC+Lotus%27s+Shah+Alam/data=!4m7!3m6!1s0x31cc4d76ff0ed689:0xa7ca1d3b12e08416!8m2!3d3.0720185!4d101.5384994!16s%2Fg%2F113fpjtr3!19sChIJidYO_3ZNzDERFoTgEjsdyqc?authuser=0&hl=en&rclk=1,KFC Lotus's Shah Alam,3.7,(151),Operating
Selangor,Shah Alam,https://www.google.com/maps/place/KFC+AEON+Shah+Alam/data=!4m7!3m6!1s0x31cc4da03668d931:0x9cae8c4b3ee61b19!8m2!3d3.0762788!4d101.5479045!16s%2Fg%2F11c2qz7p83!19sChIJMdloNqBNzDERGRvmPkuMrpw?authuser=0&hl=en&rclk=1,KFC AEON Shah Alam,3.7,(488),Temporarily Closed
Selangor,Shah Alam,https://www.google.com/maps/place/KFC+Denai+Alam/data=!4m7!3m6!1s0x31cc50304c5eea0b:0xab11028e0dccc6db!8m2!3d3.1611261!4d101.5115357!16s%2Fg%2F11dfjyh88c!19sChIJC-peTDBQzDER28bMDY4CEas?authuser=0&hl=en&rclk=1,KFC Denai Alam,3.4,"(1,030)",Operating
Selangor,Shah Alam,https://www.google.com/maps/place/KFC+Shah+Alam+2/data=!4m7!3m6!1s0x31cc52af38b58871:0x8a4d3aeb6b860eb8!8m2!3d3.0440462!4d101.5181317!16s%2Fg%2F1tmy2kl6!19sChIJcYi1OK9SzDERuA6Ga-s6TYo?authuser=0&hl=en&rclk=1,KFC Shah Alam 2,3.6,(895),Operating
Selangor,Shah Alam,https://www.google.com/maps/place/KFC+Shah+Alam+Section2+Drive+Thru/data=!4m7!3m6!1s0x31cc52897007771b:0xf376d485f5bdb0dd!8m2!3d3.0718174!4d101.5084188!16s%2Fg%2F1hc3tz4s2!19sChIJG3cHcIlSzDER3bC99YXUdvM?authuser=0&hl=en&rclk=1,KFC Shah Alam Section2 Drive Thru,3.8,"(1,161)",Operating
Selangor,Shah Alam,https://www.google.com/maps/place/KFC+Shah+Alam+Section+7+DT/data=!4m7!3m6!1s0x31cc52fa83661ef9:0xf3ac8cae2b007ef6!8m2!3d3.0670708!4d101.4908452!16s%2Fg%2F1tx8qq2t!19sChIJ-R5mg_pSzDER9n4AK66MrPM?authuser=0&hl=en&rclk=1,KFC Shah Alam Section 7 DT,3.9,"(2,074)",Operating
Selangor,Shah Alam,https://www.google.com/maps/place/KFC+Alam+Impian/data=!4m7!3m6!1s0x31cdad7b452fdd97:0xe5fb2ba6c529c8a9!8m2!3d3.0261174!4d101.5158797!16s%2Fg%2F11ty46bp3f!19sChIJl90vRXutzTERqcgpxaYr--U?authuser=0&hl=en&rclk=1,KFC Alam Impian,2.2,(79),Operating
Selangor,Shah Alam,https://www.google.com/maps/place/KFC+Alam+Sentral/data=!4m7!3m6!1s0x31cc528764551315:0x6006e921a2de88df!8m2!3d3.0735688!4d101.5170235!16s%2Fg%2F1th07yv_!19sChIJFRNVZIdSzDER34jeoiHpBmA?authuser=0&hl=en&rclk=1,KFC Alam Sentral,3.0,(41),Operating
Selangor,Shah Alam,https://www.google.com/maps/place/KFC+Alam+Megah/data=!4m7!3m6!1s0x31cdb2e2c4a56041:0xf9abd81a57452206!8m2!3d3.00643!4d101.5681112!16s%2Fg%2F1hc6mw1d5!19sChIJQWClxOKyzTERBiJFVxrYq_k?authuser=0&hl=en&rclk=1,KFC Alam Megah,3.7,"(1,216)",Operating
Selangor,Shah Alam,https://www.google.com/maps/place/KFC+Bukit+Jelutong/data=!4m7!3m6!1s0x31cc4e0067030a69:0x1cfed17e96c80189!8m2!3d3.1150948!4d101.5271223!16s%2Fg%2F11bzs_m3kk!19sChIJaQoDZwBOzDERiQHIln7R_hw?authuser=0&hl=en&rclk=1,KFC Bukit Jelutong,3.7,(951),Operating
Selangor,Shah Alam,https://www.google.com/maps/place/KFC+Central+i-City/data=!4m7!3m6!1s0x31cc53c351f8dafd:0xc6698d4c4cce6b04!8m2!3d3.0625352!4d101.4809839!16s%2Fg%2F11jtsnzfmz!19sChIJ_dr4UcNTzDERBGvOTEyNacY?authuser=0&hl=en&rclk=1,KFC Central i-City,2.5,(111),Operating
Selangor,Shah Alam,https://www.google.com/maps/place/KFC+Bukit+Kemuning+DriveThru/data=!4m7!3m6!1s0x31cdb2bb720c2d67:0xbf7e4e9c740802f2!8m2!3d3.0209753!4d101.5383217!16s%2Fg%2F11g65c9z7h!19sChIJZy0McruyzTER8gIIdJxOfr8?authuser=0&hl=en&rclk=1,KFC Bukit Kemuning DriveThru,3.8,"(1,529)",Operating
Selangor,Shah Alam,https://www.google.com/maps/place/KFC+Saujana+Utama+Sungai+Buloh/data=!4m7!3m6!1s0x31cc5a8587f444d1:0x37cfa837621f3ece!8m2!3d3.2030966!4d101.4873842!16s%2Fg%2F1hc0wc3n6!19sChIJ0UT0h4VazDERzj4fYjeozzc?authuser=0&hl=en&rclk=1,KFC Saujana Utama Sungai Buloh,3.6,"(1,120)",Operating
Selangor,Shah Alam,https://www.google.com/maps/place/KFC+Sungai+Buloh+1/data=!4m7!3m6!1s0x31cc457019fb8117:0x8f3a64a42c05dc1!8m2!3d3.2030204!4d101.5595548!16s%2Fg%2F1hc5g98c7!19sChIJF4H7GXBFzDERwV3AQkqm8wg?authuser=0&hl=en&rclk=1,KFC Sungai Buloh 1,3.7,(451),Operating
Selangor,Shah Alam,https://www.google.com/maps/place/I-City+Park+-+KFC/data=!4m7!3m6!1s0x31cc52fccbdb5825:0xafc211dbe1b94879!8m2!3d3.0646454!4d101.4832492!16s%2Fg%2F1pzxgtrkz!19sChIJJVjby_xSzDEReUi54dsRwq8?authuser=0&hl=en&rclk=1,I-City Park - KFC,4.0,(638),Operating
Selangor,Shah Alam,https://www.google.com/maps/place/KFC+Taman+Sri+Muda/data=!4m7!3m6!1s0x31cdb2ad94464887:0xd2700ad7a4a7c6be!8m2!3d3.0319336!4d101.5349215!16s%2Fg%2F1hc32tthp!19sChIJh0hGlK2yzTERvsanpNcKcNI?authuser=0&hl=en&rclk=1,KFC Taman Sri Muda,3.9,"(1,085)",Operating
Selangor,Shah Alam,https://www.google.com/maps/place/KFC+Bukit+Raja+DT/data=!4m7!3m6!1s0x31cc538c8ce9363d:0xa7f627f7725feb02!8m2!3d3.0910487!4d101.4527143!16s%2Fg%2F11qn9v4v20!19sChIJPTbpjIxTzDERAutfcvcn9qc?authuser=0&hl=en&rclk=1,KFC Bukit Raja DT,3.8,(914),Operating
Selangor,Shah Alam,https://www.google.com/maps/place/KFC+AEON+BiG+Bukit+Rimau/data=!4m7!3m6!1s0x31cdb28110db9d3f:0x228ab06428a6084e!8m2!3d2.9987846!4d101.5285232!16s%2Fg%2F1vtzdqyy!19sChIJP53bEIGyzTERTgimKGSwiiI?authuser=0&hl=en&rclk=1,KFC AEON BiG Bukit Rimau,3.4,(372),Operating
Selangor,Shah Alam,https://www.google.com/maps/place/KFC+Kota+Kemuning/data=!4m7!3m6!1s0x31cdb28f96aa362d:0xdeabda2d503e13a!8m2!3d3.0041346!4d101.5371464!16s%2Fg%2F11dzt5rfdp!19sChIJLTaqlo-yzTEROuED1aK96g0?authuser=0&hl=en&rclk=1,KFC Kota Kemuning,3.7,(929),Operating
Selangor,Kapar,https://www.google.com/maps/place/KFC+KAPAR/data=!4m7!3m6!1s0x31cc5641649d6d67:0xa2e1c09609a24300!8m2!3d3.138561!4d101.371223!16s%2Fg%2F1hc97xkvl!19sChIJZ22dZEFWzDERAEOiCZbA4aI?authuser=0&hl=en&rclk=1,KFC KAPAR,3.9,"(1,103)",Operating
Selangor,Kapar,https://www.google.com/maps/place/KFC+Petron+Sementa+DT/data=!4m7!3m6!1s0x31cc556aaf31144f:0x2e9444502416c50!8m2!3d3.0946514!4d101.3802987!16s%2Fg%2F11sf7_0n0h!19sChIJTxQxr2pVzDERUGxBAkVE6QI?authuser=0&hl=en&rclk=1,KFC Petron Sementa DT,3.8,(200),Operating
Selangor,Kapar,https://www.google.com/maps/place/KFC+Aeon+Big+Kapar/data=!4m7!3m6!1s0x31cc5483a85387bf:0x9c0c954af9bf8701!8m2!3d3.0690751!4d101.4304882!16s%2Fg%2F1wz506mf!19sChIJv4dTqINUzDERAYe_-UqVDJw?authuser=0&hl=en&rclk=1,KFC Aeon Big Kapar,3.9,"(1,815)",Operating
Selangor,Kapar,https://www.google.com/maps/place/KFC+Jalan+Kapar/data=!4m7!3m6!1s0x31cc55874bc7526d:0x8301a97341f225c0!8m2!3d3.0712422!4d101.4113473!16s%2Fg%2F11f89r1vxt!19sChIJbVLHS4dVzDERwCXyQXOpAYM?authuser=0&hl=en&rclk=1,KFC Jalan Kapar,3.8,(669),Operating
Selangor,Klang,https://www.google.com/maps/place/KFC+Tanjong+Karang/data=!4m7!3m6!1s0x31cc8de593721a85:0xce66b41d5e48aceb!8m2!3d3.4250865!4d101.177112!16s%2Fg%2F1hc8gffwp!19sChIJhRpyk-WNzDER66xIXh20Zs4?authuser=0&hl=en&rclk=1,KFC Tanjong Karang,4.0,(616),Operating
Selangor,Klang,https://www.google.com/maps/place/KFC+Bukit+Sentosa+Rawang/data=!4m7!3m6!1s0x31cc68ef49d24573:0x29f43cf1edd83b2d!8m2!3d3.4041992!4d101.5574421!16s%2Fg%2F11cn8sfy5m!19sChIJc0XSSe9ozDERLTvY7fE89Ck?authuser=0&hl=en&rclk=1,KFC Bukit Sentosa Rawang,3.5,"(1,233)",Operating
Selangor,Klang,https://www.google.com/maps/place/KFC+Bukit+Raja+DT/data=!4m7!3m6!1s0x31cc538c8ce9363d:0xa7f627f7725feb02!8m2!3d3.0910487!4d101.4527143!16s%2Fg%2F11qn9v4v20!19sChIJPTbpjIxTzDERAutfcvcn9qc?authuser=0&hl=en&rclk=1,KFC Bukit Raja DT,3.8,(914),Operating
Selangor,Klang,https://www.google.com/maps/place/KFC/data=!4m7!3m6!1s0x31cc5344f3d21903:0xcbebc83b5f696f35!8m2!3d3.0494546!4d101.4476195!16s%2Fg%2F1hc1l8gg1!19sChIJAxnS80RTzDERNW9pXzvI68s?authuser=0&hl=en&rclk=1,KFC,4.1,"(1,295)",Operating
Selangor,Klang,https://www.google.com/maps/place/KFC+Klang+Utama/data=!4m7!3m6!1s0x31cc546315a8e1c9:0x99fc2bc8e85208e8!8m2!3d3.0793477!4d101.421051!16s%2Fg%2F1hc209pd6!19sChIJyeGoFWNUzDER6AhS6Mgr_Jk?authuser=0&hl=en&rclk=1,KFC Klang Utama,3.4,(379),Operating
Selangor,Klang,https://www.google.com/maps/place/KFC+-+Bandar+Sentosa/data=!4m7!3m6!1s0x31cdacef65943e7f:0xb8e9d6b36a7e50b!8m2!3d3.0106447!4d101.4653092!16s%2Fg%2F1hc1bs8w8!19sChIJfz6UZe-szTERC-WnNmudjgs?authuser=0&hl=en&rclk=1,KFC - Bandar Sentosa,3.6,"(2,201)",Operating
Selangor,Klang,https://www.google.com/maps/place/KFC+@+Jalan+Meru/data=!4m7!3m6!1s0x31cc536df1857229:0x243d55cfe3a73f66!8m2!3d3.0650386!4d101.4519425!16s%2Fg%2F1hc4tq2pp!19sChIJKXKF8W1TzDERZj-n489VPSQ?authuser=0&hl=en&rclk=1,KFC @ Jalan Meru,3.9,(532),Operating
Selangor,Klang,https://www.google.com/maps/place/KFC+Teluk+Pulai/data=!4m7!3m6!1s0x31cc54aa0829da9b:0xb7ba9855c015e20a!8m2!3d3.0427358!4d101.4268044!16s%2Fg%2F1hc737m3m!19sChIJm9opCKpUzDERCuIVwFWYurc?authuser=0&hl=en&rclk=1,KFC Teluk Pulai,3.7,(956),Operating
Selangor,Klang,https://www.google.com/maps/place/KFC+KAPAR/data=!4m7!3m6!1s0x31cc5641649d6d67:0xa2e1c09609a24300!8m2!3d3.138561!4d101.371223!16s%2Fg%2F1hc97xkvl!19sChIJZ22dZEFWzDERAEOiCZbA4aI?authuser=0&hl=en&rclk=1,KFC KAPAR,3.9,"(1,103)",Operating
Selangor,Klang,https://www.google.com/maps/place/KFC+Petron+Sementa+DT/data=!4m7!3m6!1s0x31cc556aaf31144f:0x2e9444502416c50!8m2!3d3.0946514!4d101.3802987!16s%2Fg%2F11sf7_0n0h!19sChIJTxQxr2pVzDERUGxBAkVE6QI?authuser=0&hl=en&rclk=1,KFC Petron Sementa DT,3.8,(200),Operating
Selangor,Klang,https://www.google.com/maps/place/KFC+Pekan+Meru/data=!4m7!3m6!1s0x31cc514942f13ac9:0xf031383d03e48b0f!8m2!3d3.1308269!4d101.4403487!16s%2Fg%2F1hc4dxk53!19sChIJyTrxQklRzDERD4vkAz04MfA?authuser=0&hl=en&rclk=1,KFC Pekan Meru,3.8,(636),Operating
Selangor,Klang,https://www.google.com/maps/place/KFC+AEON+Mall+Bukit+Raja/data=!4m7!3m6!1s0x31cc531bdd8110f9:0x352e368fb05875a!8m2!3d3.0608707!4d101.4723337!16s%2Fg%2F1hc9c7_b_!19sChIJ-RCB3RtTzDERWocF-2jjUgM?authuser=0&hl=en&rclk=1,KFC AEON Mall Bukit Raja,3.8,(197),Operating
Selangor,Klang,https://www.google.com/maps/place/KFC+Aeon+Big+Kapar/data=!4m7!3m6!1s0x31cc5483a85387bf:0x9c0c954af9bf8701!8m2!3d3.0690751!4d101.4304882!16s%2Fg%2F1wz506mf!19sChIJv4dTqINUzDERAYe_-UqVDJw?authuser=0&hl=en&rclk=1,KFC Aeon Big Kapar,3.9,"(1,815)",Operating
Selangor,Klang,https://www.google.com/maps/place/KFC+BHP+BANDAR+SULTAN+SULAIMAN+DT/data=!4m7!3m6!1s0x31cc55752b160f7f:0x824241580f63a965!8m2!3d3.0390243!4d101.3838281!16s%2Fg%2F11jzw488l5!19sChIJfw8WK3VVzDERZaljD1hBQoI?authuser=0&hl=en&rclk=1,KFC BHP BANDAR SULTAN SULAIMAN DT,3.9,(201),Operating
Selangor,Klang,"https://www.google.com/maps/place/KFC+Lotus%27s+Bukit+Tinggi,+Klang/data=!4m7!3m6!1s0x31cdac84c735d605:0xaa1ece0c41af4e9f!8m2!3d3.0052274!4d101.4404936!16s%2Fg%2F11c2y57d0t!19sChIJBdY1x4SszTERn06vQQzOHqo?authuser=0&hl=en&rclk=1","KFC Lotus's Bukit Tinggi, Klang",3.5,(378),Operating
Selangor,Klang,https://www.google.com/maps/place/KFC+Port+Klang/data=!4m7!3m6!1s0x31cdab00f72bf1a9:0x87f89f3d34c0b455!8m2!3d3.0028288!4d101.399841!16s%2Fg%2F1hc61vl3f!19sChIJqfEr9wCrzTERVbTAND2f-Ic?authuser=0&hl=en&rclk=1,KFC Port Klang,3.8,"(1,163)",Operating
Selangor,Klang,https://www.google.com/maps/place/KFC+-+Giant+Bukit+Tinggi/data=!4m7!3m6!1s0x31cdab626337ceed:0xd4569d9c2974a9d8!8m2!3d3.0088959!4d101.4328571!16s%2Fg%2F1tfx2dq0!19sChIJ7c43Y2KrzTER2Kl0KZydVtQ?authuser=0&hl=en&rclk=1,KFC - Giant Bukit Tinggi,3.7,(471),Operating
Selangor,Klang,https://www.google.com/maps/place/KFC+Pandamaran/data=!4m7!3m6!1s0x31cdab679a44d819:0x5448209de7977c40!8m2!3d3.015984!4d101.4249719!16s%2Fg%2F1hc3xqnxk!19sChIJGdhEmmerzTERQHyX550gSFQ?authuser=0&hl=en&rclk=1,KFC Pandamaran,3.7,(903),Operating
Selangor,Klang,https://www.google.com/maps/place/KFC+Gravit8+Klang/data=!4m7!3m6!1s0x31cdaddddff7df3d:0x3729e133676fd2eb!8m2!3d2.9811553!4d101.4447727!16s%2Fg%2F11jgxz9_t5!19sChIJPd_3392tzTER69JvZzPhKTc?authuser=0&hl=en&rclk=1,KFC Gravit8 Klang,3.5,(435),Operating
Selangor,Klang,https://www.google.com/maps/place/KFC+AEON+Bukit+Tinggi/data=!4m7!3m6!1s0x31cdac7cd8abe3e5:0xa48eb6f1f8727d52!8m2!3d2.9949349!4d101.4442678!16s%2Fg%2F1hc1_k85w!19sChIJ5eOr2HyszTERUn1y-PG2jqQ?authuser=0&hl=en&rclk=1,KFC AEON Bukit Tinggi,3.6,(290),Operating
Selangor,Klang,https://www.google.com/maps/place/KFC+Jalan+Kapar/data=!4m7!3m6!1s0x31cc55874bc7526d:0x8301a97341f225c0!8m2!3d3.0712422!4d101.4113473!16s%2Fg%2F11f89r1vxt!19sChIJbVLHS4dVzDERwCXyQXOpAYM?authuser=0&hl=en&rclk=1,KFC Jalan Kapar,3.8,(669),Operating
Selangor,Kota Raja,https://www.google.com/maps/place/KFC+Bukit+Raja+DT/data=!4m7!3m6!1s0x31cc538c8ce9363d:0xa7f627f7725feb02!8m2!3d3.0910487!4d101.4527143!16s%2Fg%2F11qn9v4v20!19sChIJPTbpjIxTzDERAutfcvcn9qc?authuser=0&hl=en&rclk=1,KFC Bukit Raja DT,3.8,(914),Operating
Selangor,Kota Raja,https://www.google.com/maps/place/KFC+AEON+Mall+Bukit+Raja/data=!4m7!3m6!1s0x31cc531bdd8110f9:0x352e368fb05875a!8m2!3d3.0608707!4d101.4723337!16s%2Fg%2F1hc9c7_b_!19sChIJ-RCB3RtTzDERWocF-2jjUgM?authuser=0&hl=en&rclk=1,KFC AEON Mall Bukit Raja,3.8,(197),Operating
Selangor,Kota Raja,https://www.google.com/maps/place/KFC+BHP+BANDAR+SULTAN+SULAIMAN+DT/data=!4m7!3m6!1s0x31cc55752b160f7f:0x824241580f63a965!8m2!3d3.0390243!4d101.3838281!16s%2Fg%2F11jzw488l5!19sChIJfw8WK3VVzDERZaljD1hBQoI?authuser=0&hl=en&rclk=1,KFC BHP BANDAR SULTAN SULAIMAN DT,3.9,(201),Operating
Selangor,Kota Raja,https://www.google.com/maps/place/KFC+KAPAR/data=!4m7!3m6!1s0x31cc5641649d6d67:0xa2e1c09609a24300!8m2!3d3.138561!4d101.371223!16s%2Fg%2F1hc97xkvl!19sChIJZ22dZEFWzDERAEOiCZbA4aI?authuser=0&hl=en&rclk=1,KFC KAPAR,3.9,"(1,103)",Operating
Selangor,Kota Raja,https://www.google.com/maps/place/KFC+Pekan+Meru/data=!4m7!3m6!1s0x31cc514942f13ac9:0xf031383d03e48b0f!8m2!3d3.1308269!4d101.4403487!16s%2Fg%2F1hc4dxk53!19sChIJyTrxQklRzDERD4vkAz04MfA?authuser=0&hl=en&rclk=1,KFC Pekan Meru,3.8,(636),Operating
Selangor,Kota Raja,https://www.google.com/maps/place/KFC+Klang+Utama/data=!4m7!3m6!1s0x31cc546315a8e1c9:0x99fc2bc8e85208e8!8m2!3d3.0793477!4d101.421051!16s%2Fg%2F1hc209pd6!19sChIJyeGoFWNUzDER6AhS6Mgr_Jk?authuser=0&hl=en&rclk=1,KFC Klang Utama,3.4,(379),Operating
Selangor,Kota Raja,https://www.google.com/maps/place/KFC+Port+Klang/data=!4m7!3m6!1s0x31cdab00f72bf1a9:0x87f89f3d34c0b455!8m2!3d3.0028288!4d101.399841!16s%2Fg%2F1hc61vl3f!19sChIJqfEr9wCrzTERVbTAND2f-Ic?authuser=0&hl=en&rclk=1,KFC Port Klang,3.8,"(1,163)",Operating
Selangor,Kota Raja,https://www.google.com/maps/place/KFC+-+Bandar+Sentosa/data=!4m7!3m6!1s0x31cdacef65943e7f:0xb8e9d6b36a7e50b!8m2!3d3.0106447!4d101.4653092!16s%2Fg%2F1hc1bs8w8!19sChIJfz6UZe-szTERC-WnNmudjgs?authuser=0&hl=en&rclk=1,KFC - Bandar Sentosa,3.6,"(2,201)",Operating
Selangor,Kota Raja,https://www.google.com/maps/place/KFC+DT+@+Setia+Impian/data=!4m7!3m6!1s0x31cc4e6700000001:0xfbaa937c89ded1f9!8m2!3d3.1017176!4d101.4451813!16s%2Fg%2F1hc1mspbf!19sChIJAQAAAGdOzDER-dHeiXyTqvs?authuser=0&hl=en&rclk=1,KFC DT @ Setia Impian,3.7,"(1,758)",Operating
Selangor,Kota Raja,https://www.google.com/maps/place/KFC+Kota+Damansara/data=!4m7!3m6!1s0x31cc4ee272588f87:0xc79d5f3bf513ff8a!8m2!3d3.1505026!4d101.5854848!16s%2Fg%2F11c6063td4!19sChIJh49YcuJOzDERiv8T9Ttfncc?authuser=0&hl=en&rclk=1,KFC Kota Damansara,3.8,"(1,138)",Operating
Selangor,Kota Raja,https://www.google.com/maps/place/KFC/data=!4m7!3m6!1s0x31cc5344f3d21903:0xcbebc83b5f696f35!8m2!3d3.0494546!4d101.4476195!16s%2Fg%2F1hc1l8gg1!19sChIJAxnS80RTzDERNW9pXzvI68s?authuser=0&hl=en&rclk=1,KFC,4.1,"(1,295)",Operating
Selangor,Kota Raja,https://www.google.com/maps/place/KFC+Kota+Damansara+DT/data=!4m7!3m6!1s0x31cc4f068e29f9e9:0xdb7dff7714acac95!8m2!3d3.1601191!4d101.5748089!16s%2Fg%2F11bv30gzqv!19sChIJ6fkpjgZPzDERlaysFHf_fds?authuser=0&hl=en&rclk=1,KFC Kota Damansara DT,3.7,"(1,058)",Operating
Selangor,Kota Raja,"https://www.google.com/maps/place/KFC+Lotus%27s+Bukit+Tinggi,+Klang/data=!4m7!3m6!1s0x31cdac84c735d605:0xaa1ece0c41af4e9f!8m2!3d3.0052274!4d101.4404936!16s%2Fg%2F11c2y57d0t!19sChIJBdY1x4SszTERn06vQQzOHqo?authuser=0&hl=en&rclk=1","KFC Lotus's Bukit Tinggi, Klang",3.5,(378),Operating
Selangor,Kota Raja,https://www.google.com/maps/place/KFC+Raja+Laut/data=!4m7!3m6!1s0x31cc48235abdf263:0x40a86ca08a4d4001!8m2!3d3.1667161!4d101.6962418!16s%2Fg%2F1hc5qdp3v!19sChIJY_K9WiNIzDERAUBNiqBsqEA?authuser=0&hl=en&rclk=1,KFC Raja Laut,3.9,"(2,346)",Operating
Selangor,Kuala Langat,https://www.google.com/maps/place/KFC+Kuala+Selangor/data=!4m7!3m6!1s0x31ccf49eea9ebfe3:0x98e667da1e68425e!8m2!3d3.3299544!4d101.2570627!16s%2Fg%2F1hc2tc1xh!19sChIJ47-e6p70zDERXkJoHtpn5pg?authuser=0&hl=en&rclk=1,KFC Kuala Selangor,4.0,(867),Operating
Selangor,Kuala Langat,https://www.google.com/maps/place/KFC+Lotus%27s+Kuala+Selangor/data=!4m7!3m6!1s0x31ccf48c6de56055:0xa9906ed3def0fbdc!8m2!3d3.3196126!4d101.2707673!16s%2Fg%2F11g5_42ll2!19sChIJVWDlbYz0zDER3Pvw3tNukKk?authuser=0&hl=en&rclk=1,KFC Lotus's Kuala Selangor,3.3,(81),Operating
Selangor,Kuala Langat,https://www.google.com/maps/place/KFC+Petron+Hulu+Langat+Drive+Thru/data=!4m7!3m6!1s0x31cc34e4e4c3bd59:0x39abb394f34f7537!8m2!3d3.0705182!4d101.7809376!16s%2Fg%2F11c2qjbmq8!19sChIJWb3D5OQ0zDERN3VP85Szqzk?authuser=0&hl=en&rclk=1,KFC Petron Hulu Langat Drive Thru,3.7,(357),Operating
Selangor,Kuala Langat,https://www.google.com/maps/place/KFC+Teluk+Panglima+Garang/data=!4m7!3m6!1s0x31cdaf0506b85811:0x8ff59553878fc0f2!8m2!3d2.910476!4d101.4705312!16s%2Fg%2F1hc180d8n!19sChIJEVi4BgWvzTER8sCPh1OV9Y8?authuser=0&hl=en&rclk=1,KFC Teluk Panglima Garang,3.9,(956),Operating
Selangor,Sepang,https://www.google.com/maps/place/KFC+Kota+Warisan+Drive-Thru/data=!4m7!3m6!1s0x31cdb890ba1b2e29:0x4e359f5a01c19b6e!8m2!3d2.8232491!4d101.6943867!16s%2Fg%2F11d_pvwjzs!19sChIJKS4bupC4zTERbpvBAVqfNU4?authuser=0&hl=en&rclk=1,KFC Kota Warisan Drive-Thru,3.7,"(1,920)",Operating
Selangor,Sepang,https://www.google.com/maps/place/KFC+Sungai+Pelek/data=!4m7!3m6!1s0x31cdc715b6f4e627:0x1314065b87be90f0!8m2!3d2.641355!4d101.7148957!16s%2Fg%2F1hc0_5hkv!19sChIJJ-b0thXHzTER8JC-h1sGFBM?authuser=0&hl=en&rclk=1,KFC Sungai Pelek,3.6,(688),Operating
Selangor,Sepang,https://www.google.com/maps/place/KFC+Dengkil/data=!4m7!3m6!1s0x31cdb840eb7b390f:0x6871b57b55fe721b!8m2!3d2.8639564!4d101.6758103!16s%2Fg%2F1hc7xr0tq!19sChIJDzl760C4zTERG3L-VXu1cWg?authuser=0&hl=en&rclk=1,KFC Dengkil,3.7,"(1,473)",Operating
Selangor,Sepang,https://www.google.com/maps/place/KFC+@+Salak+Tinggi/data=!4m7!3m6!1s0x31cdc73c42379355:0x8226b8399c38a98c!8m2!3d2.8114426!4d101.7382667!16s%2Fg%2F1hc11yd3s!19sChIJVZM3QjzHzTERjKk4nDm4JoI?authuser=0&hl=en&rclk=1,KFC @ Salak Tinggi,3.8,(960),Operating
Selangor,Sepang,https://www.google.com/maps/place/KFC+SALAK+PERDANA/data=!4m7!3m6!1s0x31cdc7c6e4e592d7:0x74c666ae1f05c142!8m2!3d2.8380435!4d101.7257555!16s%2Fg%2F11h0mnxk3w!19sChIJ15Ll5MbHzTERQsEFH65mxnQ?authuser=0&hl=en&rclk=1,KFC SALAK PERDANA,4.1,(417),Temporarily Closed
Selangor,Sepang,https://www.google.com/maps/place/KFC+Cyber+Valley+DT/data=!4m7!3m6!1s0x31cdb7402f5d5b27:0x5ae6e5809aaffcba!8m2!3d2.8784599!4d101.6659434!16s%2Fg%2F11j7vsh1mg!19sChIJJ1tdL0C3zTERuvyvmoDl5lo?authuser=0&hl=en&rclk=1,KFC Cyber Valley DT,3.4,"(1,105)",Operating
Selangor,Sepang,https://www.google.com/maps/place/KFC+KLIA+Terminal+2+Arrival/data=!4m7!3m6!1s0x31cdbf960a2e69f5:0xb0d369f2a9e6364a!8m2!3d2.7434683!4d101.6868632!16s%2Fg%2F11clwjxz45!19sChIJ9WkuCpa_zTERSjbmqfJp07A?authuser=0&hl=en&rclk=1,KFC KLIA Terminal 2 Arrival,3.6,(386),Operating
Selangor,Sepang,https://www.google.com/maps/place/KFC+KLIA+1+ANJUNG/data=!4m7!3m6!1s0x31cdbf8735eb25f3:0xf13e7f52347e1b34!8m2!3d2.7529087!4d101.7053365!16s%2Fg%2F1tf2pr0_!19sChIJ8yXrNYe_zTERNBt-NFJ_PvE?authuser=0&hl=en&rclk=1,KFC KLIA 1 ANJUNG,3.8,(634),Operating
Selangor,Sepang,https://www.google.com/maps/place/KFC+Taman+Bunga+Raya+Sepang/data=!4m7!3m6!1s0x31cdc728fc520b1d:0x925f8e530e534cc8!8m2!3d2.8060872!4d101.7159937!16s%2Fg%2F11h8lfhqlk!19sChIJHQtS_CjHzTERyExTDlOOX5I?authuser=0&hl=en&rclk=1,KFC Taman Bunga Raya Sepang,3.6,(204),Temporarily Closed
Terengganu,Besut,"https://www.google.com/maps/search/KFC+near+Besut,+Terengganu",KFC Petron Kg Raja Besut,3.8,(708),Operating
Terengganu,Setiu,https://www.google.com/maps/place/KFC+Kuala+Berang/data=!4m7!3m6!1s0x31b7da996ba105d7:0x39cff8af7b2311ab!8m2!3d5.0738111!4d103.0216027!16s%2Fg%2F1hc2mznbh!19sChIJ1wWha5natzERqxEje6_4zzk?authuser=0&hl=en&rclk=1,KFC Kuala Berang,3.8,(642),Operating
Terengganu,Setiu,https://www.google.com/maps/place/KFC+Bukit+Payong/data=!4m7!3m6!1s0x31b7c141b42d3e87:0xee781a48425431!8m2!3d5.2344065!4d103.1005761!16s%2Fg%2F11j4sgjckq!19sChIJhz4ttEHBtzERMVRCSBp47gA?authuser=0&hl=en&rclk=1,KFC Bukit Payong,3.9,(324),Temporarily Closed
Terengganu,Setiu,https://www.google.com/maps/place/KFC+Kuala+Terengganu+1/data=!4m7!3m6!1s0x31b7be797dfd1bff:0x1d5c058e1e67b0e5!8m2!3d5.3247907!4d103.1525562!16s%2Fg%2F1hc0zkc2s!19sChIJ_xv9fXm-tzER5bBnHo4FXB0?authuser=0&hl=en&rclk=1,KFC Kuala Terengganu 1,3.9,"(1,074)",Operating
Terengganu,Setiu,https://www.google.com/maps/place/Serbuk+Cheese+Kfc+Kuala+Nerus/data=!4m7!3m6!1s0x31b7bd50e0816433:0x43bcaad08fdd2d32!8m2!3d5.402475!4d103.0872614!16s%2Fg%2F11hz_8mfkt!19sChIJM2SB4FC9tzERMi3dj9CqvEM?authuser=0&hl=en&rclk=1,Serbuk Cheese Kfc Kuala Nerus,4.5,(8),Operating
Terengganu,Setiu,https://www.google.com/maps/place/KFC+Giant+Kuala+Terengganu/data=!4m7!3m6!1s0x31b7be5f5bb5b1ef:0x20ffeb443601bb27!8m2!3d5.3108711!4d103.1283721!16s%2Fg%2F1hc13s8wk!19sChIJ77G1W1--tzERJ7sBNkTr_yA?authuser=0&hl=en&rclk=1,KFC Giant Kuala Terengganu,3.7,(62),Temporarily Closed
Terengganu,Setiu,https://www.google.com/maps/place/KFC+Petron+Kg+Raja+Besut/data=!4m7!3m6!1s0x31b6efb12d69b93b:0xb54bdf6fc7150c59!8m2!3d5.8010083!4d102.5676917!16s%2Fg%2F11f8l37tdy!19sChIJO7lpLbHvtjERWQwVx2_fS7U?authuser=0&hl=en&rclk=1,KFC Petron Kg Raja Besut,3.8,(708),Operating
Terengganu,Setiu,https://www.google.com/maps/place/KFC+Jertih/data=!4m7!3m6!1s0x31b6f25d47b3e867:0xef47ef10552db59b!8m2!3d5.7380749!4d102.4960306!16s%2Fg%2F1hc74n4v9!19sChIJZ-izR13ytjERm7UtVRDvR-8?authuser=0&hl=en&rclk=1,KFC Jertih,4.0,"(1,052)",Operating
Terengganu,Setiu,https://www.google.com/maps/place/KFC+Setiu/data=!4m7!3m6!1s0x31b6546f64f4c585:0xa642cdf72ed801b6!8m2!3d5.5211597!4d102.7475176!16s%2Fg%2F11clysy6y4!19sChIJhcX0ZG9UtjERtgHYLvfNQqY?authuser=0&hl=en&rclk=1,KFC Setiu,3.7,(624),Permanently Closed
Terengganu,Kuala Nerus,https://www.google.com/maps/place/KFC+Kuala+Berang/data=!4m7!3m6!1s0x31b7da996ba105d7:0x39cff8af7b2311ab!8m2!3d5.0738111!4d103.0216027!16s%2Fg%2F1hc2mznbh!19sChIJ1wWha5natzERqxEje6_4zzk?authuser=0&hl=en&rclk=1,KFC Kuala Berang,3.8,(642),Operating
Terengganu,Kuala Nerus,https://www.google.com/maps/place/KFC+Gong+Badak+Drive+Thru/data=!4m7!3m6!1s0x31b7bb00512546a3:0xb3905f1173eb0808!8m2!3d5.392028!4d103.081766!16s%2Fg%2F11x74t0vzy!19sChIJo0YlUQC7tzERCAjrcxFfkLM?authuser=0&hl=en&rclk=1,KFC Gong Badak Drive Thru,1.0,(1),No status
Terengganu,Kuala Nerus,https://www.google.com/maps/place/Serbuk+Cheese+Kfc+Kuala+Nerus/data=!4m7!3m6!1s0x31b7bd50e0816433:0x43bcaad08fdd2d32!8m2!3d5.402475!4d103.0872614!16s%2Fg%2F11hz_8mfkt!19sChIJM2SB4FC9tzERMi3dj9CqvEM?authuser=0&hl=en&rclk=1,Serbuk Cheese Kfc Kuala Nerus,4.5,(8),Operating
Terengganu,Kuala Nerus,https://www.google.com/maps/place/KFC+Kuala+Terengganu+1/data=!4m7!3m6!1s0x31b7be797dfd1bff:0x1d5c058e1e67b0e5!8m2!3d5.3247907!4d103.1525562!16s%2Fg%2F1hc0zkc2s!19sChIJ_xv9fXm-tzER5bBnHo4FXB0?authuser=0&hl=en&rclk=1,KFC Kuala Terengganu 1,3.9,"(1,074)",Operating
Terengganu,Kuala Nerus,https://www.google.com/maps/place/KFC+Mydin+%28Cabang+Tiga%29/data=!4m7!3m6!1s0x31b7be5f1e368bd3:0x43f5ae33687547fc!8m2!3d5.3113178!4d103.1307027!16s%2Fg%2F11g6hw2gv4!19sChIJ04s2Hl--tzER_Ed1aDOu9UM?authuser=0&hl=en&rclk=1,KFC Mydin (Cabang Tiga),3.8,(73),Temporarily Closed
Terengganu,Kuala Nerus,https://www.google.com/maps/place/KFC+Giant+Kuala+Terengganu/data=!4m7!3m6!1s0x31b7be5f5bb5b1ef:0x20ffeb443601bb27!8m2!3d5.3108711!4d103.1283721!16s%2Fg%2F1hc13s8wk!19sChIJ77G1W1--tzERJ7sBNkTr_yA?authuser=0&hl=en&rclk=1,KFC Giant Kuala Terengganu,3.7,(62),Temporarily Closed
Terengganu,Kuala Nerus,"https://www.google.com/maps/place/KFC+Paya+Keladi,+Terengganu/data=!4m7!3m6!1s0x31b7be7856cc0a8f:0x8ba632e359cb6952!8m2!3d5.3330919!4d103.1370487!16s%2Fg%2F1hc59fb2y!19sChIJjwrMVni-tzERUmnLWeMypos?authuser=0&hl=en&rclk=1","KFC Paya Keladi, Terengganu",4.0,(599),Temporarily Closed
Terengganu,Kuala Nerus,https://www.google.com/maps/place/KFC+Dataran+Austin/data=!4m7!3m6!1s0x31b7bd4257e8acd5:0x25b40dc46c6f70a5!8m2!3d5.3570287!4d103.0965891!16s%2Fg%2F11gp4kxx5g!19sChIJ1azoV0K9tzERpXBvbMQNtCU?authuser=0&hl=en&rclk=1,KFC Dataran Austin,4.1,(465),Permanently Closed
Terengganu,Kuala Nerus,https://www.google.com/maps/place/KFC+Gong+Badak+Drive+Thru/data=!4m7!3m6!1s0x31b7bb6270c21153:0x6246828d5c64cfa6!8m2!3d5.3969254!4d103.0842151!16s%2Fg%2F11bv3mpt8l!19sChIJUxHCcGK7tzERps9kXI2CRmI?authuser=0&hl=en&rclk=1,KFC Gong Badak Drive Thru,3.9,"(1,277)",Permanently Closed
Terengganu,Kuala Terengganu,https://www.google.com/maps/place/KFC+Kuala+Berang/data=!4m7!3m6!1s0x31b7da996ba105d7:0x39cff8af7b2311ab!8m2!3d5.0738111!4d103.0216027!16s%2Fg%2F1hc2mznbh!19sChIJ1wWha5natzERqxEje6_4zzk?authuser=0&hl=en&rclk=1,KFC Kuala Berang,3.8,(642),No status
Terengganu,Kuala Terengganu,https://www.google.com/maps/place/KFC+Kuala+Terengganu+1/data=!4m7!3m6!1s0x31b7be797dfd1bff:0x1d5c058e1e67b0e5!8m2!3d5.3247907!4d103.1525562!16s%2Fg%2F1hc0zkc2s!19sChIJ_xv9fXm-tzER5bBnHo4FXB0?authuser=0&hl=en&rclk=1,KFC Kuala Terengganu 1,3.9,"(1,074)",Operating
Terengganu,Kuala Terengganu,https://www.google.com/maps/place/KFC+Ajil/data=!4m7!3m6!1s0x31b7ddb0351cd299:0xd9885b10234f58e6!8m2!3d5.08334!4d103.08716!16s%2Fg%2F11rhy91wqt!19sChIJmdIcNbDdtzER5lhPIxBbiNk?authuser=0&hl=en&rclk=1,KFC Ajil,3.8,(84),Temporarily Closed
Terengganu,Kuala Terengganu,"https://www.google.com/maps/place/KFC+Paya+Keladi,+Terengganu/data=!4m7!3m6!1s0x31b7be7856cc0a8f:0x8ba632e359cb6952!8m2!3d5.3330919!4d103.1370487!16s%2Fg%2F1hc59fb2y!19sChIJjwrMVni-tzERUmnLWeMypos?authuser=0&hl=en&rclk=1","KFC Paya Keladi, Terengganu",4.0,(599),Temporarily Closed
Terengganu,Kuala Terengganu,https://www.google.com/maps/place/KFC+Giant+Kuala+Terengganu/data=!4m7!3m6!1s0x31b7be5f5bb5b1ef:0x20ffeb443601bb27!8m2!3d5.3108711!4d103.1283721!16s%2Fg%2F1hc13s8wk!19sChIJ77G1W1--tzERJ7sBNkTr_yA?authuser=0&hl=en&rclk=1,KFC Giant Kuala Terengganu,3.7,(62),Temporarily Closed
Terengganu,Kuala Terengganu,https://www.google.com/maps/place/KFC+Mydin+%28Cabang+Tiga%29/data=!4m7!3m6!1s0x31b7be5f1e368bd3:0x43f5ae33687547fc!8m2!3d5.3113178!4d103.1307027!16s%2Fg%2F11g6hw2gv4!19sChIJ04s2Hl--tzER_Ed1aDOu9UM?authuser=0&hl=en&rclk=1,KFC Mydin (Cabang Tiga),3.8,(73),Temporarily Closed
Terengganu,Kuala Terengganu,https://www.google.com/maps/place/KFC+KTCC/data=!4m7!3m6!1s0x31b7bf078fec19d7:0xb5d8d422239261f7!8m2!3d5.3338451!4d103.1506307!16s%2Fg%2F11fslxd57w!19sChIJ1xnsjwe_tzER92GSIyLU2LU?authuser=0&hl=en&rclk=1,KFC KTCC,3.3,(86),Operating
Terengganu,Kuala Terengganu,https://www.google.com/maps/place/KFC+Bukit+Payong/data=!4m7!3m6!1s0x31b7c141b42d3e87:0xee781a48425431!8m2!3d5.2344065!4d103.1005761!16s%2Fg%2F11j4sgjckq!19sChIJhz4ttEHBtzERMVRCSBp47gA?authuser=0&hl=en&rclk=1,KFC Bukit Payong,3.9,(324),Temporarily Closed
Terengganu,Marang,https://www.google.com/maps/place/KFC+Kuala+Berang/data=!4m7!3m6!1s0x31b7da996ba105d7:0x39cff8af7b2311ab!8m2!3d5.0738111!4d103.0216027!16s%2Fg%2F1hc2mznbh!19sChIJ1wWha5natzERqxEje6_4zzk?authuser=0&hl=en&rclk=1,KFC Kuala Berang,3.8,(642),No status
Terengganu,Marang,https://www.google.com/maps/place/KFC+Bukit+Payong/data=!4m7!3m6!1s0x31b7c141b42d3e87:0xee781a48425431!8m2!3d5.2344065!4d103.1005761!16s%2Fg%2F11j4sgjckq!19sChIJhz4ttEHBtzERMVRCSBp47gA?authuser=0&hl=en&rclk=1,KFC Bukit Payong,3.9,(324),Temporarily Closed
Terengganu,Marang,https://www.google.com/maps/place/KFC+Bukit+Payung/data=!4m7!3m6!1s0x31b7c1c931740d11:0x8d382e1b8d0b877c!8m2!3d5.2343529!4d103.100555!16s%2Fg%2F11vdrhvc94!19sChIJEQ10McnBtzERfIcLjRsuOI0?authuser=0&hl=en&rclk=1,KFC Bukit Payung,1.0,(1),No status
Terengganu,Marang,https://www.google.com/maps/place/KFC+Kuala+Terengganu+1/data=!4m7!3m6!1s0x31b7be797dfd1bff:0x1d5c058e1e67b0e5!8m2!3d5.3247907!4d103.1525562!16s%2Fg%2F1hc0zkc2s!19sChIJ_xv9fXm-tzER5bBnHo4FXB0?authuser=0&hl=en&rclk=1,KFC Kuala Terengganu 1,3.9,"(1,074)",Operating
Terengganu,Marang,https://www.google.com/maps/place/KFC+Mydin+%28Cabang+Tiga%29/data=!4m7!3m6!1s0x31b7be5f1e368bd3:0x43f5ae33687547fc!8m2!3d5.3113178!4d103.1307027!16s%2Fg%2F11g6hw2gv4!19sChIJ04s2Hl--tzER_Ed1aDOu9UM?authuser=0&hl=en&rclk=1,KFC Mydin (Cabang Tiga),3.8,(73),Temporarily Closed
Terengganu,Marang,https://www.google.com/maps/place/KFC+Giant+Kuala+Terengganu/data=!4m7!3m6!1s0x31b7be5f5bb5b1ef:0x20ffeb443601bb27!8m2!3d5.3108711!4d103.1283721!16s%2Fg%2F1hc13s8wk!19sChIJ77G1W1--tzERJ7sBNkTr_yA?authuser=0&hl=en&rclk=1,KFC Giant Kuala Terengganu,3.7,(62),Temporarily Closed
Terengganu,Marang,https://www.google.com/maps/place/KFC+Marang/data=!4m7!3m6!1s0x31b7ea599990a929:0xd500fcd0d6d99301!8m2!3d5.2072483!4d103.2063532!16s%2Fg%2F11c0r5rmqv!19sChIJKamQmVnqtzERAZPZ1tD8ANU?authuser=0&hl=en&rclk=1,KFC Marang,3.8,(619),Permanently Closed
Terengganu,Hulu Terengganu,https://www.google.com/maps/place/KFC+Kuala+Berang/data=!4m7!3m6!1s0x31b7da996ba105d7:0x39cff8af7b2311ab!8m2!3d5.0738111!4d103.0216027!16s%2Fg%2F1hc2mznbh!19sChIJ1wWha5natzERqxEje6_4zzk?authuser=0&hl=en&rclk=1,KFC Kuala Berang,3.8,(642),No status
Terengganu,Hulu Terengganu,https://www.google.com/maps/place/KFC+Ajil/data=!4m7!3m6!1s0x31b7ddb0351cd299:0xd9885b10234f58e6!8m2!3d5.08334!4d103.08716!16s%2Fg%2F11rhy91wqt!19sChIJmdIcNbDdtzER5lhPIxBbiNk?authuser=0&hl=en&rclk=1,KFC Ajil,3.8,(84),Temporarily Closed
Terengganu,Hulu Terengganu,https://www.google.com/maps/place/KFC+Kuala+Terengganu+1/data=!4m7!3m6!1s0x31b7be797dfd1bff:0x1d5c058e1e67b0e5!8m2!3d5.3247907!4d103.1525562!16s%2Fg%2F1hc0zkc2s!19sChIJ_xv9fXm-tzER5bBnHo4FXB0?authuser=0&hl=en&rclk=1,KFC Kuala Terengganu 1,3.9,"(1,074)",Operating
Terengganu,Hulu Terengganu,"https://www.google.com/maps/place/KFC+Paya+Keladi,+Terengganu/data=!4m7!3m6!1s0x31b7be7856cc0a8f:0x8ba632e359cb6952!8m2!3d5.3330919!4d103.1370487!16s%2Fg%2F1hc59fb2y!19sChIJjwrMVni-tzERUmnLWeMypos?authuser=0&hl=en&rclk=1","KFC Paya Keladi, Terengganu",4.0,(599),Temporarily Closed
Terengganu,Hulu Terengganu,https://www.google.com/maps/place/KFC+Giant+Kuala+Terengganu/data=!4m7!3m6!1s0x31b7be5f5bb5b1ef:0x20ffeb443601bb27!8m2!3d5.3108711!4d103.1283721!16s%2Fg%2F1hc13s8wk!19sChIJ77G1W1--tzERJ7sBNkTr_yA?authuser=0&hl=en&rclk=1,KFC Giant Kuala Terengganu,3.7,(62),Temporarily Closed
Terengganu,Hulu Terengganu,https://www.google.com/maps/place/KFC+Bukit+Payong/data=!4m7!3m6!1s0x31b7c141b42d3e87:0xee781a48425431!8m2!3d5.2344065!4d103.1005761!16s%2Fg%2F11j4sgjckq!19sChIJhz4ttEHBtzERMVRCSBp47gA?authuser=0&hl=en&rclk=1,KFC Bukit Payong,3.9,(324),Temporarily Closed
Terengganu,Hulu Terengganu,https://www.google.com/maps/place/KFC+Mydin+%28Cabang+Tiga%29/data=!4m7!3m6!1s0x31b7be5f1e368bd3:0x43f5ae33687547fc!8m2!3d5.3113178!4d103.1307027!16s%2Fg%2F11g6hw2gv4!19sChIJ04s2Hl--tzER_Ed1aDOu9UM?authuser=0&hl=en&rclk=1,KFC Mydin (Cabang Tiga),3.8,(73),Temporarily Closed
Terengganu,Hulu Terengganu,https://www.google.com/maps/place/KFC+KTCC/data=!4m7!3m6!1s0x31b7bf078fec19d7:0xb5d8d422239261f7!8m2!3d5.3338451!4d103.1506307!16s%2Fg%2F11fslxd57w!19sChIJ1xnsjwe_tzER92GSIyLU2LU?authuser=0&hl=en&rclk=1,KFC KTCC,3.3,(86),Operating
Terengganu,Hulu Terengganu,https://www.google.com/maps/place/KD+Fried+Chicken+%28+KDFC+%29/data=!4m7!3m6!1s0x31b7bc4fb4bd9bbb:0xdeb5032933d310eb!8m2!3d5.3655681!4d103.1142693!16s%2Fg%2F11f3wlk4mf!19sChIJu5u9tE-8tzER6xDTMykDtd4?authuser=0&hl=en&rclk=1,KD Fried Chicken ( KDFC ),4.4,(667),Operating
Terengganu,Hulu Terengganu,https://www.google.com/maps/place/KFC+Gong+Badak+Drive+Thru/data=!4m7!3m6!1s0x31b7bb00512546a3:0xb3905f1173eb0808!8m2!3d5.392028!4d103.081766!16s%2Fg%2F11x74t0vzy!19sChIJo0YlUQC7tzERCAjrcxFfkLM?authuser=0&hl=en&rclk=1,KFC Gong Badak Drive Thru,1.0,(1),No status
Terengganu,Hulu Terengganu,https://www.google.com/maps/place/KFC+Bukit+Payung/data=!4m7!3m6!1s0x31b7c1c931740d11:0x8d382e1b8d0b877c!8m2!3d5.2343529!4d103.100555!16s%2Fg%2F11vdrhvc94!19sChIJEQ10McnBtzERfIcLjRsuOI0?authuser=0&hl=en&rclk=1,KFC Bukit Payung,1.0,(1),No status
Terengganu,Dungun,https://www.google.com/maps/place/KFC+Petron+Dungun+Southbound+Drivethru/data=!4m7!3m6!1s0x31c80fad6b89d45b:0xd171c39799b1d7e7!8m2!3d4.7477492!4d103.4159648!16s%2Fg%2F11tnmv2db2!19sChIJW9SJa60PyDER59exmZfDcdE?authuser=0&hl=en&rclk=1,KFC Petron Dungun Southbound Drivethru,4.3,(113),Operating
Terengganu,Dungun,https://www.google.com/maps/place/KFC+Dungun/data=!4m7!3m6!1s0x31c8058edefa13e5:0x5eaeb0d582b7a8a2!8m2!3d4.7571466!4d103.4171273!16s%2Fg%2F1hc0xl5jt!19sChIJ5RP63o4FyDERoqi3gtWwrl4?authuser=0&hl=en&rclk=1,KFC Dungun,3.8,"(1,088)",Permanently Closed
Terengganu,Kemaman,https://www.google.com/maps/place/KFC+Shell+Kemaman+DT/data=!4m7!3m6!1s0x31c887a11a53ee6f:0x5383596116475445!8m2!3d4.2393104!4d103.4002051!16s%2Fg%2F11ptqvgjvj!19sChIJb-5TGqGHyDERRVRHFmFZg1M?authuser=0&hl=en&rclk=1,KFC Shell Kemaman DT,4.0,(163),Operating
Terengganu,Kemaman,https://www.google.com/maps/place/KFC+Shell+Kemaman+DT/data=!4m7!3m6!1s0x31c88767c43c4d8b:0x8f75d3661aece483!8m2!3d4.231592!4d103.4253518!16s%2Fg%2F11vbf_xpyt!19sChIJi008xGeHyDERg-TsGmbTdY8?authuser=0&hl=en&rclk=1,KFC Shell Kemaman DT,2.5,(16),Operating
Terengganu,Kemaman,https://www.google.com/maps/place/KFC+Kemaman/data=!4m7!3m6!1s0x31c886e6cb1bd641:0x801b99a66c38bcbe!8m2!3d4.2327646!4d103.4239055!16s%2Fg%2F1hc33_y_z!19sChIJQdYby-aGyDERvrw4bKaZG4A?authuser=0&hl=en&rclk=1,KFC Kemaman,3.7,"(1,052)",Permanently Closed
W.P. Kuala Lumpur,Kepong,https://www.google.com/maps/place/KFC+%7C+%C3%86ON+BiG+Kepong/data=!4m7!3m6!1s0x31cc464136802bdb:0x4e3580738672db0!8m2!3d3.2140711!4d101.6442521!16s%2Fg%2F1ptx5xmjh!19sChIJ2yuANkFGzDERsC1nOAdY4wQ?authuser=0&hl=en&rclk=1,KFC | ÆON BiG Kepong,3.7,(367),Operating
W.P. Kuala Lumpur,Kepong,https://www.google.com/maps/place/KFC+Lotus%27s+Kepong/data=!4m7!3m6!1s0x31cc461e74f74957:0xb1b5cb74422a37f5!8m2!3d3.1928398!4d101.6334304!16s%2Fg%2F11btwtxzkx!19sChIJV0n3dB5GzDER9TcqQnTLtbE?authuser=0&hl=en&rclk=1,KFC Lotus's Kepong,3.3,(400),Operating
W.P. Kuala Lumpur,Kepong,https://www.google.com/maps/place/KFC+AEON+Metro+Prima+Kepong/data=!4m7!3m6!1s0x31cc46402bb7fcad:0x6d578e945afe6a7d!8m2!3d3.2135846!4d101.6393324!16s%2Fg%2F11c5240l6v!19sChIJrfy3K0BGzDERfWr-WpSOV20?authuser=0&hl=en&rclk=1,KFC AEON Metro Prima Kepong,3.1,(183),Operating
W.P. Kuala Lumpur,Kepong,https://www.google.com/maps/place/KFC+Desa+Jaya/data=!4m7!3m6!1s0x31cc46051d3ddb7f:0x8b55e91a6a69979c!8m2!3d3.2130663!4d101.6319607!16s%2Fg%2F1hc8ld2kj!19sChIJf9s9HQVGzDERnJdpahrpVYs?authuser=0&hl=en&rclk=1,KFC Desa Jaya,3.7,(753),Operating
W.P. Kuala Lumpur,Kepong,https://www.google.com/maps/place/KFC+Kepong+2+Drive+Thru/data=!4m7!3m6!1s0x31cc46402f1f8df3:0x7914f73750fe5355!8m2!3d3.2130464!4d101.6436446!16s%2Fg%2F1tl9k28r!19sChIJ840fL0BGzDERVVP-UDf3FHk?authuser=0&hl=en&rclk=1,KFC Kepong 2 Drive Thru,3.5,"(1,877)",Operating
W.P. Kuala Lumpur,Batu,https://www.google.com/maps/place/KFC+%E2%80%A2+NU+Sentral+Mall/data=!4m7!3m6!1s0x31cc49fec865562d:0x7a6c7346114d8a7b!8m2!3d3.1332411!4d101.6868872!16s%2Fg%2F11pttl4b5w!19sChIJLVZlyP5JzDERe4pNEUZzbHo?authuser=0&hl=en&rclk=1,KFC • NU Sentral Mall,2.4,(228),Operating
W.P. Kuala Lumpur,Batu,https://www.google.com/maps/place/KFC+Pertama+Complex/data=!4m7!3m6!1s0x31cc482e033e0447:0x55d2aa55ebc7aca4!8m2!3d3.1569488!4d101.6955747!16s%2Fg%2F11ddxvnxrz!19sChIJRwQ-Ay5IzDERpKzH61Wq0lU?authuser=0&hl=en&rclk=1,KFC Pertama Complex,3.8,(678),Operating
W.P. Kuala Lumpur,Batu,https://www.google.com/maps/place/KFC+Bangsar/data=!4m7!3m6!1s0x31cc49a691a35359:0x74a75db06652784b!8m2!3d3.1326634!4d101.670586!16s%2Fg%2F11g0wg4l5k!19sChIJWVOjkaZJzDERS3hSZrBdp3Q?authuser=0&hl=en&rclk=1,KFC Bangsar,3.8,(355),Operating
W.P. Kuala Lumpur,Batu,https://www.google.com/maps/place/KFC+Jalan+Sultan/data=!4m7!3m6!1s0x31cc49d10c7b7ec3:0xa963a938ce536a1b!8m2!3d3.14507!4d101.6986823!16s%2Fg%2F1w3w0kh0!19sChIJw357DNFJzDERG2pTzjipY6k?authuser=0&hl=en&rclk=1,KFC Jalan Sultan,3.6,(719),Operating
W.P. Kuala Lumpur,Batu,https://www.google.com/maps/place/KFC+Kok+Lian/data=!4m7!3m6!1s0x31cc47cf8bdecc6d:0x51477b6cb0b81ca3!8m2!3d3.2024658!4d101.6723531!16s%2Fg%2F1hc36rvm0!19sChIJbczei89HzDERoxy4sGx7R1E?authuser=0&hl=en&rclk=1,KFC Kok Lian,3.6,(591),Operating
W.P. Kuala Lumpur,Batu,https://www.google.com/maps/place/KFC+Raja+Laut/data=!4m7!3m6!1s0x31cc48235abdf263:0x40a86ca08a4d4001!8m2!3d3.1667161!4d101.6962418!16s%2Fg%2F1hc5qdp3v!19sChIJY_K9WiNIzDERAUBNiqBsqEA?authuser=0&hl=en&rclk=1,KFC Raja Laut,3.9,"(2,346)",Operating
W.P. Kuala Lumpur,Batu,https://www.google.com/maps/place/KFC+%7C+%C3%86ON+BiG+Kepong/data=!4m7!3m6!1s0x31cc464136802bdb:0x4e3580738672db0!8m2!3d3.2140711!4d101.6442521!16s%2Fg%2F1ptx5xmjh!19sChIJ2yuANkFGzDERsC1nOAdY4wQ?authuser=0&hl=en&rclk=1,KFC | ÆON BiG Kepong,3.7,(367),Operating
W.P. Kuala Lumpur,Batu,https://www.google.com/maps/place/KFC+@+Avenue+K/data=!4m7!3m6!1s0x31cc37d0c34d51bf:0xcd8fa489eaee2456!8m2!3d3.1594516!4d101.7135734!16s%2Fg%2F11f3n3qpg8!19sChIJv1FNw9A3zDERViTu6omkj80?authuser=0&hl=en&rclk=1,KFC @ Avenue K,4.1,"(1,186)",Operating
W.P. Kuala Lumpur,Batu,https://www.google.com/maps/place/KFC+Sentul+Raya/data=!4m7!3m6!1s0x31cc480eda5d2615:0x66177f883fa710f5!8m2!3d3.1853267!4d101.6920785!16s%2Fg%2F1tplmtph!19sChIJFSZd2g5IzDER9RCnP4h_F2Y?authuser=0&hl=en&rclk=1,KFC Sentul Raya,4.0,"(1,185)",Operating
W.P. Kuala Lumpur,Batu,https://www.google.com/maps/place/KFC+Petronas+Metramac+Cheras+DT/data=!4m7!3m6!1s0x31cc3612af5a2861:0xd233ffbda7f807c9!8m2!3d3.1053752!4d101.732401!16s%2Fg%2F11b70_tl7l!19sChIJYSharxI2zDERyQf4p73_M9I?authuser=0&hl=en&rclk=1,KFC Petronas Metramac Cheras DT,3.6,"(1,278)",Operating
W.P. Kuala Lumpur,Batu,https://www.google.com/maps/place/KFC+Sri+Gombak/data=!4m7!3m6!1s0x31cc477af7ee8fff:0x59f76fa2317f384b!8m2!3d3.2376861!4d101.6975369!16s%2Fg%2F1hc21v64n!19sChIJ_4_u93pHzDERSzh_MaJv91k?authuser=0&hl=en&rclk=1,KFC Sri Gombak,3.7,"(1,694)",Operating
W.P. Kuala Lumpur,Batu,https://www.google.com/maps/place/KFC+Taman+Danau+Desa/data=!4m7!3m6!1s0x31cc4a16ffbd8a7d:0x8c5877e897c8ab3a!8m2!3d3.0996641!4d101.6866303!16s%2Fg%2F1hcb4fnj9!19sChIJfYq9_xZKzDEROqvIl-h3WIw?authuser=0&hl=en&rclk=1,KFC Taman Danau Desa,3.6,(826),Operating
W.P. Kuala Lumpur,Batu,https://www.google.com/maps/place/KFC+@+TF+Value-Mart+Batu+Caves/data=!4m7!3m6!1s0x31cc47772c8cf07d:0x35a334bc3c883191!8m2!3d3.2348835!4d101.6941992!16s%2Fg%2F12qg11ms4!19sChIJffCMLHdHzDERkTGIPLw0ozU?authuser=0&hl=en&rclk=1,KFC @ TF Value-Mart Batu Caves,3.0,(258),Operating
W.P. Kuala Lumpur,Batu,https://www.google.com/maps/place/KFC/data=!4m7!3m6!1s0x31cc463444a316a9:0xff7ee8d91b93510e!8m2!3d3.1865646!4d101.6509172!16s%2Fg%2F1td0vzmy!19sChIJqRajRDRGzDERDlGTG9nofv8?authuser=0&hl=en&rclk=1,KFC,3.7,"(1,212)",Operating
W.P. Kuala Lumpur,Batu,https://www.google.com/maps/place/KFC+Kepong+2+Drive+Thru/data=!4m7!3m6!1s0x31cc46402f1f8df3:0x7914f73750fe5355!8m2!3d3.2130464!4d101.6436446!16s%2Fg%2F1tl9k28r!19sChIJ840fL0BGzDERVVP-UDf3FHk?authuser=0&hl=en&rclk=1,KFC Kepong 2 Drive Thru,3.5,"(1,877)",Operating
W.P. Kuala Lumpur,Batu,https://www.google.com/maps/place/KFC+Sentul+Perdana/data=!4m7!3m6!1s0x31cc4721ddf1d185:0xcb002ce63fa5da87!8m2!3d3.2087548!4d101.6899879!16s%2Fg%2F11gy9nx6z3!19sChIJhdHx3SFHzDERh9qlP-YsAMs?authuser=0&hl=en&rclk=1,KFC Sentul Perdana,3.4,(604),Operating
W.P. Kuala Lumpur,Batu,https://www.google.com/maps/place/KFC+SUNWAY+PUTRA/data=!4m7!3m6!1s0x31cc483c7fa9d8e1:0xdf053b756d5e02ac!8m2!3d3.1662427!4d101.69239!16s%2Fg%2F1tf380sd!19sChIJ4dipfzxIzDERrAJebXU7Bd8?authuser=0&hl=en&rclk=1,KFC SUNWAY PUTRA,2.3,(212),Operating
W.P. Kuala Lumpur,Batu,"https://www.google.com/maps/place/KFC+@+Pavillion,+Kuala+Lumpur/data=!4m7!3m6!1s0x31cc362c7ae799a3:0x8449d9593e6ade52!8m2!3d3.1483611!4d101.7127317!16s%2Fg%2F1hc7p7gt2!19sChIJo5nneiw2zDERUt5qPlnZSYQ?authuser=0&hl=en&rclk=1","KFC @ Pavillion, Kuala Lumpur",3.0,"(1,067)",Operating
W.P. Kuala Lumpur,Batu,https://www.google.com/maps/place/KFC+Kuchai+Lama+DT/data=!4m7!3m6!1s0x31cc4a6acdd8a135:0xbea38796fc6fa45a!8m2!3d3.0923169!4d101.6859587!16s%2Fg%2F1hc9db519!19sChIJNaHYzWpKzDERWqRv_JaHo74?authuser=0&hl=en&rclk=1,KFC Kuchai Lama DT,3.7,"(2,368)",Operating
W.P. Kuala Lumpur,Batu,https://www.google.com/maps/place/KFC/data=!4m7!3m6!1s0x31cc37d6ccbd0fe3:0x8d11b3b2d14a9c00!8m2!3d3.158165!4d101.712058!16s%2Fg%2F1hc9db50v!19sChIJ4w-9zNY3zDERAJxK0bKzEY0?authuser=0&hl=en&rclk=1,KFC,3.7,(85),Operating
W.P. Kuala Lumpur,Batu,https://www.google.com/maps/place/KFC+Berjaya+Times+Square/data=!4m7!3m6!1s0x31cc36288d196e6f:0x41f6e32f95671672!8m2!3d3.1418472!4d101.710597!16s%2Fg%2F1hc1gr7d7!19sChIJb24ZjSg2zDERchZnlS_j9kE?authuser=0&hl=en&rclk=1,KFC Berjaya Times Square,2.7,(374),Operating
W.P. Kuala Lumpur,Batu,https://www.google.com/maps/place/KFC+Lotus%27s+Extra+Selayang/data=!4m7!3m6!1s0x31cc47af2fc93f17:0x9182ef3233a683b8!8m2!3d3.2210217!4d101.6710953!16s%2Fg%2F11c6121pgm!19sChIJFz_JL69HzDERuIOmMzLvgpE?authuser=0&hl=en&rclk=1,KFC Lotus's Extra Selayang,2.5,(197),Operating
W.P. Kuala Lumpur,Batu,https://www.google.com/maps/place/KFC+Mid+Valley+Megamall/data=!4m7!3m6!1s0x31cc498eb3feafa7:0x730cc92f7afd6020!8m2!3d3.1178138!4d101.6775788!16s%2Fg%2F1tgc70n8!19sChIJp6_-s45JzDERIGD9ei_JDHM?authuser=0&hl=en&rclk=1,KFC Mid Valley Megamall,3.5,(457),Operating
W.P. Kuala Lumpur,Batu,https://www.google.com/maps/place/KFC/data=!4m7!3m6!1s0x31cc495af3ac1e4b:0x4f48762adaf033c0!8m2!3d3.15972!4d101.7004397!16s%2Fg%2F11s060njrz!19sChIJSx6s81pJzDERwDPw2ip2SE8?authuser=0&hl=en&rclk=1,KFC,2.2,(152),Operating
W.P. Kuala Lumpur,Batu,https://www.google.com/maps/place/KFC+Sri+Jati+Puchong+DT/data=!4m7!3m6!1s0x31cc4a548f222b83:0x7976673e77a4926f!8m2!3d3.0773011!4d101.6637734!16s%2Fg%2F11bxf_khww!19sChIJgysij1RKzDERb5Kkdz5ndnk?authuser=0&hl=en&rclk=1,KFC Sri Jati Puchong DT,3.4,"(1,613)",Operating
W.P. Kuala Lumpur,Batu,https://www.google.com/maps/place/KFC+Sri+Hartamas/data=!4m7!3m6!1s0x31cc48faad2c48a7:0x842e051a1ce600bf!8m2!3d3.1613492!4d101.6499645!16s%2Fg%2F1td7ktfc!19sChIJp0gsrfpIzDERvwDmHBoFLoQ?authuser=0&hl=en&rclk=1,KFC Sri Hartamas,3.7,(866),Operating
W.P. Kuala Lumpur,Batu,https://www.google.com/maps/place/KFC+Wangsa+Maju/data=!4m7!3m6!1s0x31cc383cf2c5058b:0xb03c203d67523ac4!8m2!3d3.2017454!4d101.7342082!16s%2Fg%2F11c2y59jh_!19sChIJiwXF8jw4zDERxDpSZz0gPLA?authuser=0&hl=en&rclk=1,KFC Wangsa Maju,3.7,(213),Operating
W.P. Kuala Lumpur,Batu,https://www.google.com/maps/place/KFC+Ampang+2/data=!4m7!3m6!1s0x31cc36e38401442f:0xd002679cae644a03!8m2!3d3.1460128!4d101.7669416!16s%2Fg%2F1hc2zh7tw!19sChIJL0QBhOM2zDERA0pkrpxnAtA?authuser=0&hl=en&rclk=1,KFC Ampang 2,3.7,"(1,205)",Operating
W.P. Kuala Lumpur,Batu,https://www.google.com/maps/place/KFC+Balakong/data=!4m7!3m6!1s0x31cc34c864a3ac47:0xe67b691600237746!8m2!3d3.0419464!4d101.7727205!16s%2Fg%2F1hc18b4tc!19sChIJR6yjZMg0zDERRncjABZpe-Y?authuser=0&hl=en&rclk=1,KFC Balakong,3.8,(953),Operating
W.P. Kuala Lumpur,Batu,https://www.google.com/maps/place/KFC+Bandar+Sri+Damansara/data=!4m7!3m6!1s0x31cc45f914e6f0a5:0xbf4d46dfd5dda2db!8m2!3d3.19556!4d101.6083652!16s%2Fg%2F11f28d4m25!19sChIJpfDmFPlFzDER26Ld1d9GTb8?authuser=0&hl=en&rclk=1,KFC Bandar Sri Damansara,3.5,(962),Operating
W.P. Kuala Lumpur,Batu,https://www.google.com/maps/place/KFC+Petronas+TPM+DT/data=!4m7!3m6!1s0x31cc4ac14bfbce3b:0x2f5ca5aafe789558!8m2!3d3.0487372!4d101.6795481!16s%2Fg%2F11b76mcn_z!19sChIJO877S8FKzDERWJV4_qqlXC8?authuser=0&hl=en&rclk=1,KFC Petronas TPM DT,3.4,"(1,310)",Operating
W.P. Kuala Lumpur,Wangsa Maju,https://www.google.com/maps/place/KFC+Wangsa+Maju/data=!4m7!3m6!1s0x31cc382f24d83d1d:0xfec11f1ac5312c67!8m2!3d3.197364!4d101.7437479!16s%2Fg%2F1wbfxxp_!19sChIJHT3YJC84zDERZywxxRofwf4?authuser=0&hl=en&rclk=1,KFC Wangsa Maju,3.8,(993),Operating
W.P. Kuala Lumpur,Wangsa Maju,https://www.google.com/maps/place/KFC+Wangsa+Maju/data=!4m7!3m6!1s0x31cc383cf2c5058b:0xb03c203d67523ac4!8m2!3d3.2017454!4d101.7342082!16s%2Fg%2F11c2y59jh_!19sChIJiwXF8jw4zDERxDpSZz0gPLA?authuser=0&hl=en&rclk=1,KFC Wangsa Maju,3.7,(213),Operating
W.P. Kuala Lumpur,Wangsa Maju,https://www.google.com/maps/place/KFC+Aeon+Big+Wangsa+Maju/data=!4m7!3m6!1s0x31cc382f2527f521:0x76ae93a0ae0ccce4!8m2!3d3.1961592!4d101.7427743!16s%2Fg%2F1hc3_9p2y!19sChIJIfUnJS84zDER5MwMrqCTrnY?authuser=0&hl=en&rclk=1,KFC Aeon Big Wangsa Maju,4.0,"(1,704)",Operating
W.P. Kuala Lumpur,Wangsa Maju,https://www.google.com/maps/place/KFC+Taman+Melawati/data=!4m7!3m6!1s0x31cc383584e726d3:0xe60d2656ccdabaa6!8m2!3d3.2094599!4d101.7491399!16s%2Fg%2F1hc3dq8ck!19sChIJ0ybnhDU4zDERprrazFYmDeY?authuser=0&hl=en&rclk=1,KFC Taman Melawati,3.7,(509),Operating
W.P. Kuala Lumpur,Wangsa Maju,https://www.google.com/maps/place/KFC+Setiawangsa/data=!4m7!3m6!1s0x31cc3788cb1dc0eb:0xda0840be2fa1ef1d!8m2!3d3.1778161!4d101.7427867!16s%2Fg%2F1hc55rvb9!19sChIJ68Ady4g3zDERHe-hL75ACNo?authuser=0&hl=en&rclk=1,KFC Setiawangsa,3.8,(796),Operating
W.P. Kuala Lumpur,Wangsa Maju,https://www.google.com/maps/place/KFC+%E2%80%A2+NU+Sentral+Mall/data=!4m7!3m6!1s0x31cc49fec865562d:0x7a6c7346114d8a7b!8m2!3d3.1332411!4d101.6868872!16s%2Fg%2F11pttl4b5w!19sChIJLVZlyP5JzDERe4pNEUZzbHo?authuser=0&hl=en&rclk=1,KFC • NU Sentral Mall,2.4,(228),Operating
W.P. Kuala Lumpur,Wangsa Maju,https://www.google.com/maps/place/KFC+DT+PETRONAS+WANGSA+MELAWATI/data=!4m7!3m6!1s0x31cc39abf4743f4f:0x7d3cfc5a796c0998!8m2!3d3.2108203!4d101.7436796!16s%2Fg%2F11n0vjvskq!19sChIJTz909Ks5zDERmAlseVr8PH0?authuser=0&hl=en&rclk=1,KFC DT PETRONAS WANGSA MELAWATI,3.4,(465),Operating
W.P. Kuala Lumpur,Segambut,"https://www.google.com/maps/search/KFC+near+Segambut,+W.P. Kuala Lumpur",KFC,3.7,"(1,212)",Operating
W.P. Kuala Lumpur,Setiawangsa,"https://www.google.com/maps/place/KFC+AEON+AU2,+Setiawangsa/data=!4m7!3m6!1s0x31cc379dbd9b77d1:0x8961e3c55b48381!8m2!3d3.1765367!4d101.7499825!16s%2Fg%2F12qfwx2rj!19sChIJ0XebvZ03zDERgYO0VTwelgg?authuser=0&hl=en&rclk=1","KFC AEON AU2, Setiawangsa",3.5,(213),Operating
W.P. Kuala Lumpur,Setiawangsa,https://www.google.com/maps/place/KFC+Setiawangsa/data=!4m7!3m6!1s0x31cc3788cb1dc0eb:0xda0840be2fa1ef1d!8m2!3d3.1778161!4d101.7427867!16s%2Fg%2F1hc55rvb9!19sChIJ68Ady4g3zDERHe-hL75ACNo?authuser=0&hl=en&rclk=1,KFC Setiawangsa,3.8,(796),Operating
W.P. Kuala Lumpur,Titiwangsa,https://www.google.com/maps/place/KFC+KL+Sentral/data=!4m7!3m6!1s0x31cc49453c81a49d:0xa6e73bdfa9c627f8!8m2!3d3.1351239!4d101.6862909!16s%2Fg%2F11t6lnxnsj!19sChIJnaSBPEVJzDER-CfGqd8756Y?authuser=0&hl=en&rclk=1,KFC KL Sentral,2.7,(220),Operating
W.P. Kuala Lumpur,Titiwangsa,https://www.google.com/maps/place/KFC+%E2%80%A2+NU+Sentral+Mall/data=!4m7!3m6!1s0x31cc49fec865562d:0x7a6c7346114d8a7b!8m2!3d3.1332411!4d101.6868872!16s%2Fg%2F11pttl4b5w!19sChIJLVZlyP5JzDERe4pNEUZzbHo?authuser=0&hl=en&rclk=1,KFC • NU Sentral Mall,2.4,(228),Operating
W.P. Kuala Lumpur,Titiwangsa,https://www.google.com/maps/place/KFC+Raja+Laut/data=!4m7!3m6!1s0x31cc48235abdf263:0x40a86ca08a4d4001!8m2!3d3.1667161!4d101.6962418!16s%2Fg%2F1hc5qdp3v!19sChIJY_K9WiNIzDERAUBNiqBsqEA?authuser=0&hl=en&rclk=1,KFC Raja Laut,3.9,"(2,346)",Operating
W.P. Kuala Lumpur,Titiwangsa,https://www.google.com/maps/place/KFC+Pertama+Complex/data=!4m7!3m6!1s0x31cc482e033e0447:0x55d2aa55ebc7aca4!8m2!3d3.1569488!4d101.6955747!16s%2Fg%2F11ddxvnxrz!19sChIJRwQ-Ay5IzDERpKzH61Wq0lU?authuser=0&hl=en&rclk=1,KFC Pertama Complex,3.8,(678),Operating
W.P. Kuala Lumpur,Titiwangsa,https://www.google.com/maps/place/KFC+Wisma+Hualang/data=!4m7!3m6!1s0x31cc486d4eb16587:0x30fe07c4b91f966f!8m2!3d3.1801015!4d101.683513!16s%2Fg%2F1hc2d59st!19sChIJh2WxTm1IzDERb5YfucQH_jA?authuser=0&hl=en&rclk=1,KFC Wisma Hualang,3.7,"(1,165)",Operating
W.P. Kuala Lumpur,Titiwangsa,https://www.google.com/maps/place/KFC+SUNWAY+PUTRA/data=!4m7!3m6!1s0x31cc483c7fa9d8e1:0xdf053b756d5e02ac!8m2!3d3.1662427!4d101.69239!16s%2Fg%2F1tf380sd!19sChIJ4dipfzxIzDERrAJebXU7Bd8?authuser=0&hl=en&rclk=1,KFC SUNWAY PUTRA,2.3,(212),Operating
W.P. Kuala Lumpur,Titiwangsa,https://www.google.com/maps/place/KFC+Sentul+Raya/data=!4m7!3m6!1s0x31cc480eda5d2615:0x66177f883fa710f5!8m2!3d3.1853267!4d101.6920785!16s%2Fg%2F1tplmtph!19sChIJFSZd2g5IzDER9RCnP4h_F2Y?authuser=0&hl=en&rclk=1,KFC Sentul Raya,4.0,"(1,185)",Operating
W.P. Kuala Lumpur,Titiwangsa,https://www.google.com/maps/place/KFC+Tun+Razak+Exchange+TRX/data=!4m7!3m6!1s0x31cc37901b4cfd63:0x46e2a9ac99ad6dbf!8m2!3d3.1417074!4d101.7188929!16s%2Fg%2F11tstyh7vy!19sChIJY_1MG5A3zDERv22tmayp4kY?authuser=0&hl=en&rclk=1,KFC Tun Razak Exchange TRX,3.1,(293),Operating
W.P. Kuala Lumpur,Titiwangsa,https://www.google.com/maps/place/KFC+@+Avenue+K/data=!4m7!3m6!1s0x31cc37d0c34d51bf:0xcd8fa489eaee2456!8m2!3d3.1594516!4d101.7135734!16s%2Fg%2F11f3n3qpg8!19sChIJv1FNw9A3zDERViTu6omkj80?authuser=0&hl=en&rclk=1,KFC @ Avenue K,4.1,"(1,186)",Operating
W.P. Kuala Lumpur,Titiwangsa,https://www.google.com/maps/place/KFC/data=!4m7!3m6!1s0x31cc37d6ccbd0fe3:0x8d11b3b2d14a9c00!8m2!3d3.158165!4d101.712058!16s%2Fg%2F1hc9db50v!19sChIJ4w-9zNY3zDERAJxK0bKzEY0?authuser=0&hl=en&rclk=1,KFC,3.7,(85),Operating
W.P. Kuala Lumpur,Titiwangsa,"https://www.google.com/maps/place/KFC+@+Pavillion,+Kuala+Lumpur/data=!4m7!3m6!1s0x31cc362c7ae799a3:0x8449d9593e6ade52!8m2!3d3.1483611!4d101.7127317!16s%2Fg%2F1hc7p7gt2!19sChIJo5nneiw2zDERUt5qPlnZSYQ?authuser=0&hl=en&rclk=1","KFC @ Pavillion, Kuala Lumpur",3.0,"(1,067)",Operating
W.P. Kuala Lumpur,Titiwangsa,https://www.google.com/maps/place/KFC+Setiawangsa/data=!4m7!3m6!1s0x31cc3788cb1dc0eb:0xda0840be2fa1ef1d!8m2!3d3.1778161!4d101.7427867!16s%2Fg%2F1hc55rvb9!19sChIJ68Ady4g3zDERHe-hL75ACNo?authuser=0&hl=en&rclk=1,KFC Setiawangsa,3.8,(796),Operating
W.P. Kuala Lumpur,Titiwangsa,https://www.google.com/maps/place/KFC+Berjaya+Times+Square/data=!4m7!3m6!1s0x31cc36288d196e6f:0x41f6e32f95671672!8m2!3d3.1418472!4d101.710597!16s%2Fg%2F1hc1gr7d7!19sChIJb24ZjSg2zDERchZnlS_j9kE?authuser=0&hl=en&rclk=1,KFC Berjaya Times Square,2.7,(374),Operating
W.P. Kuala Lumpur,Titiwangsa,https://www.google.com/maps/place/KFC+Jalan+Universiti+DT/data=!4m7!3m6!1s0x31cc4c0c0f5e6db3:0xdf2f7cb523130b7b!8m2!3d3.118423!4d101.6480817!16s%2Fg%2F1tpn01ql!19sChIJs21eDwxMzDERewsTI7V8L98?authuser=0&hl=en&rclk=1,KFC Jalan Universiti DT,3.9,"(3,256)",Operating
W.P. Kuala Lumpur,Titiwangsa,https://www.google.com/maps/place/KFC+Wangsa+Maju/data=!4m7!3m6!1s0x31cc383cf2c5058b:0xb03c203d67523ac4!8m2!3d3.2017454!4d101.7342082!16s%2Fg%2F11c2y59jh_!19sChIJiwXF8jw4zDERxDpSZz0gPLA?authuser=0&hl=en&rclk=1,KFC Wangsa Maju,3.7,(213),Operating
W.P. Kuala Lumpur,Titiwangsa,https://www.google.com/maps/place/KFC/data=!4m7!3m6!1s0x31cc495af3ac1e4b:0x4f48762adaf033c0!8m2!3d3.15972!4d101.7004397!16s%2Fg%2F11s060njrz!19sChIJSx6s81pJzDERwDPw2ip2SE8?authuser=0&hl=en&rclk=1,KFC,2.2,(152),Operating
W.P. Kuala Lumpur,Titiwangsa,https://www.google.com/maps/place/KFC+Medan+Niaga+Sg+Besi/data=!4m7!3m6!1s0x31cc3565ef33204b:0x2f9087e0c89ca7b!8m2!3d3.0621802!4d101.7093488!16s%2Fg%2F12qfz3v6j!19sChIJSyAz72U1zDERe8qJDH4I-QI?authuser=0&hl=en&rclk=1,KFC Medan Niaga Sg Besi,3.7,(838),Operating
W.P. Kuala Lumpur,Titiwangsa,https://www.google.com/maps/place/KFC+Genting+Klang/data=!4m7!3m6!1s0x31cc3816cfce186d:0xa091a8edca13cfe!8m2!3d3.1951459!4d101.7117789!16s%2Fg%2F1hc2nfxn0!19sChIJbRjOzxY4zDER_jyh3I4aCQo?authuser=0&hl=en&rclk=1,KFC Genting Klang,3.3,"(1,876)",Operating
W.P. Kuala Lumpur,Titiwangsa,https://www.google.com/maps/place/KFC+KL+Gateway+Mall/data=!4m7!3m6!1s0x31cc498041ca40d1:0x75673d2f62dd923e!8m2!3d3.1129288!4d101.6628248!16s%2Fg%2F11dxdm3m39!19sChIJ0UDKQYBJzDERPpLdYi89Z3U?authuser=0&hl=en&rclk=1,KFC KL Gateway Mall,3.4,(372),Operating
W.P. Kuala Lumpur,Titiwangsa,https://www.google.com/maps/place/KFC+Petronas+TPM+DT/data=!4m7!3m6!1s0x31cc4ac14bfbce3b:0x2f5ca5aafe789558!8m2!3d3.0487372!4d101.6795481!16s%2Fg%2F11b76mcn_z!19sChIJO877S8FKzDERWJV4_qqlXC8?authuser=0&hl=en&rclk=1,KFC Petronas TPM DT,3.4,"(1,310)",Operating
W.P. Kuala Lumpur,Titiwangsa,https://www.google.com/maps/place/KFC+Viva+Jalan+Ipoh/data=!4m7!3m6!1s0x31cc48133d9fba1f:0x7bee68891bf69a74!8m2!3d3.1779076!4d101.6847074!16s%2Fg%2F11c67sjb9p!19sChIJH7qfPRNIzDERdJr2G4lo7ns?authuser=0&hl=en&rclk=1,KFC Viva Jalan Ipoh,3.7,(160),Permanently Closed
W.P. Kuala Lumpur,Bukit Bintang,"https://www.google.com/maps/place/KFC+@+Pavillion,+Kuala+Lumpur/data=!4m7!3m6!1s0x31cc362c7ae799a3:0x8449d9593e6ade52!8m2!3d3.1483611!4d101.7127317!16s%2Fg%2F1hc7p7gt2!19sChIJo5nneiw2zDERUt5qPlnZSYQ?authuser=0&hl=en&rclk=1","KFC @ Pavillion, Kuala Lumpur",3.0,"(1,067)",Operating
W.P. Kuala Lumpur,Bukit Bintang,https://www.google.com/maps/place/KFC+Low+Yat+Plaza/data=!4m7!3m6!1s0x31cc362901bfa0ad:0x9bff3a75d23dce0!8m2!3d3.1440858!4d101.70994!16s%2Fg%2F11bbrkx17m!19sChIJraC_ASk2zDER4NwjXafzvwk?authuser=0&hl=en&rclk=1,KFC Low Yat Plaza,3.5,(845),Operating
W.P. Kuala Lumpur,Bukit Bintang,https://www.google.com/maps/place/KFC+KL+Sentral/data=!4m7!3m6!1s0x31cc49453c81a49d:0xa6e73bdfa9c627f8!8m2!3d3.1351239!4d101.6862909!16s%2Fg%2F11t6lnxnsj!19sChIJnaSBPEVJzDER-CfGqd8756Y?authuser=0&hl=en&rclk=1,KFC KL Sentral,2.7,(220),Operating
W.P. Kuala Lumpur,Bukit Bintang,https://www.google.com/maps/place/KFC+Jalan+Sultan/data=!4m7!3m6!1s0x31cc49d10c7b7ec3:0xa963a938ce536a1b!8m2!3d3.14507!4d101.6986823!16s%2Fg%2F1w3w0kh0!19sChIJw357DNFJzDERG2pTzjipY6k?authuser=0&hl=en&rclk=1,KFC Jalan Sultan,3.6,(719),Operating
W.P. Kuala Lumpur,Bukit Bintang,https://www.google.com/maps/place/KFC+%E2%80%A2+NU+Sentral+Mall/data=!4m7!3m6!1s0x31cc49fec865562d:0x7a6c7346114d8a7b!8m2!3d3.1332411!4d101.6868872!16s%2Fg%2F11pttl4b5w!19sChIJLVZlyP5JzDERe4pNEUZzbHo?authuser=0&hl=en&rclk=1,KFC • NU Sentral Mall,2.4,(228),Operating
W.P. Kuala Lumpur,Bukit Bintang,https://www.google.com/maps/place/KFC+Berjaya+Times+Square/data=!4m7!3m6!1s0x31cc36288d196e6f:0x41f6e32f95671672!8m2!3d3.1418472!4d101.710597!16s%2Fg%2F1hc1gr7d7!19sChIJb24ZjSg2zDERchZnlS_j9kE?authuser=0&hl=en&rclk=1,KFC Berjaya Times Square,2.7,(374),Operating
W.P. Kuala Lumpur,Bukit Bintang,https://www.google.com/maps/place/KFC+Bukit+Bintang/data=!4m7!3m6!1s0x31cc49d14efd4d65:0x1e84229422033ddb!8m2!3d3.1459739!4d101.7101712!16s%2Fg%2F11j8k8k8nj!19sChIJZU39TtFJzDER2z0DIpQihB4?authuser=0&hl=en&rclk=1,KFC Bukit Bintang,4.0,(4),Permanently Closed
W.P. Kuala Lumpur,Bukit Bintang,https://www.google.com/maps/place/KFC+Bukit+Bintang/data=!4m7!3m6!1s0x31cc36297bb94d3f:0xa374001ba7972848!8m2!3d3.1460669!4d101.7101956!16s%2Fg%2F1hc561ltp!19sChIJP025eyk2zDERSCiXpxsAdKM?authuser=0&hl=en&rclk=1,KFC Bukit Bintang,3.9,"(4,441)",Permanently Closed
W.P. Kuala Lumpur,Lembah Pantai,https://www.google.com/maps/place/KFC+Menara+UOA+Bangsar/data=!4m7!3m6!1s0x31cc49910be65037:0x856398185b08a5b2!8m2!3d3.1273277!4d101.6785027!16s%2Fg%2F11s7c8383n!19sChIJN1DmC5FJzDERsqUIWxiYY4U?authuser=0&hl=en&rclk=1,KFC Menara UOA Bangsar,2.6,(118),Operating
W.P. Kuala Lumpur,Lembah Pantai,https://www.google.com/maps/place/KFC+Bangsar/data=!4m7!3m6!1s0x31cc49a691a35359:0x74a75db06652784b!8m2!3d3.1326634!4d101.670586!16s%2Fg%2F11g0wg4l5k!19sChIJWVOjkaZJzDERS3hSZrBdp3Q?authuser=0&hl=en&rclk=1,KFC Bangsar,3.8,(355),Operating
W.P. Kuala Lumpur,Lembah Pantai,https://www.google.com/maps/place/KFC+KL+Sentral/data=!4m7!3m6!1s0x31cc49453c81a49d:0xa6e73bdfa9c627f8!8m2!3d3.1351239!4d101.6862909!16s%2Fg%2F11t6lnxnsj!19sChIJnaSBPEVJzDER-CfGqd8756Y?authuser=0&hl=en&rclk=1,KFC KL Sentral,2.7,(220),Operating
W.P. Kuala Lumpur,Lembah Pantai,https://www.google.com/maps/place/KFC+KL+Gateway+Mall/data=!4m7!3m6!1s0x31cc498041ca40d1:0x75673d2f62dd923e!8m2!3d3.1129288!4d101.6628248!16s%2Fg%2F11dxdm3m39!19sChIJ0UDKQYBJzDERPpLdYi89Z3U?authuser=0&hl=en&rclk=1,KFC KL Gateway Mall,3.4,(372),Operating
W.P. Kuala Lumpur,Lembah Pantai,https://www.google.com/maps/place/KFC+%E2%80%A2+NU+Sentral+Mall/data=!4m7!3m6!1s0x31cc49fec865562d:0x7a6c7346114d8a7b!8m2!3d3.1332411!4d101.6868872!16s%2Fg%2F11pttl4b5w!19sChIJLVZlyP5JzDERe4pNEUZzbHo?authuser=0&hl=en&rclk=1,KFC • NU Sentral Mall,2.4,(228),Operating
W.P. Kuala Lumpur,Lembah Pantai,https://www.google.com/maps/place/KFC+Pertama+Complex/data=!4m7!3m6!1s0x31cc482e033e0447:0x55d2aa55ebc7aca4!8m2!3d3.1569488!4d101.6955747!16s%2Fg%2F11ddxvnxrz!19sChIJRwQ-Ay5IzDERpKzH61Wq0lU?authuser=0&hl=en&rclk=1,KFC Pertama Complex,3.8,(678),Operating
W.P. Kuala Lumpur,Lembah Pantai,https://www.google.com/maps/place/KFC+Mid+Valley+Megamall/data=!4m7!3m6!1s0x31cc498eb3feafa7:0x730cc92f7afd6020!8m2!3d3.1178138!4d101.6775788!16s%2Fg%2F1tgc70n8!19sChIJp6_-s45JzDERIGD9ei_JDHM?authuser=0&hl=en&rclk=1,KFC Mid Valley Megamall,3.5,(457),Operating
W.P. Kuala Lumpur,Lembah Pantai,https://www.google.com/maps/place/KFC+Jalan+Universiti+DT/data=!4m7!3m6!1s0x31cc4c0c0f5e6db3:0xdf2f7cb523130b7b!8m2!3d3.118423!4d101.6480817!16s%2Fg%2F1tpn01ql!19sChIJs21eDwxMzDERewsTI7V8L98?authuser=0&hl=en&rclk=1,KFC Jalan Universiti DT,3.9,"(3,256)",Operating
W.P. Kuala Lumpur,Lembah Pantai,https://www.google.com/maps/place/KFC+Raja+Laut/data=!4m7!3m6!1s0x31cc48235abdf263:0x40a86ca08a4d4001!8m2!3d3.1667161!4d101.6962418!16s%2Fg%2F1hc5qdp3v!19sChIJY_K9WiNIzDERAUBNiqBsqEA?authuser=0&hl=en&rclk=1,KFC Raja Laut,3.9,"(2,346)",Operating
W.P. Kuala Lumpur,Lembah Pantai,https://www.google.com/maps/place/KFC+Petronas+Metramac+Cheras+DT/data=!4m7!3m6!1s0x31cc3612af5a2861:0xd233ffbda7f807c9!8m2!3d3.1053752!4d101.732401!16s%2Fg%2F11b70_tl7l!19sChIJYSharxI2zDERyQf4p73_M9I?authuser=0&hl=en&rclk=1,KFC Petronas Metramac Cheras DT,3.6,"(1,278)",Operating
W.P. Kuala Lumpur,Lembah Pantai,"https://www.google.com/maps/place/KFC+@+Pavillion,+Kuala+Lumpur/data=!4m7!3m6!1s0x31cc362c7ae799a3:0x8449d9593e6ade52!8m2!3d3.1483611!4d101.7127317!16s%2Fg%2F1hc7p7gt2!19sChIJo5nneiw2zDERUt5qPlnZSYQ?authuser=0&hl=en&rclk=1","KFC @ Pavillion, Kuala Lumpur",3.0,"(1,067)",Operating
W.P. Kuala Lumpur,Lembah Pantai,https://www.google.com/maps/place/KFC+BANDAR+PERMAISURI+KL/data=!4m7!3m6!1s0x31cc35fa07715b4f:0x491d2f8a41a18046!8m2!3d3.1021991!4d101.7131019!16s%2Fg%2F11bx1h4tfz!19sChIJT1txB_o1zDERRoChQYovHUk?authuser=0&hl=en&rclk=1,KFC BANDAR PERMAISURI KL,3.6,"(1,298)",Operating
W.P. Kuala Lumpur,Lembah Pantai,https://www.google.com/maps/place/KFC+Medan+Niaga+Sg+Besi/data=!4m7!3m6!1s0x31cc3565ef33204b:0x2f9087e0c89ca7b!8m2!3d3.0621802!4d101.7093488!16s%2Fg%2F12qfz3v6j!19sChIJSyAz72U1zDERe8qJDH4I-QI?authuser=0&hl=en&rclk=1,KFC Medan Niaga Sg Besi,3.7,(838),Operating
W.P. Kuala Lumpur,Lembah Pantai,https://www.google.com/maps/place/KFC+Berjaya+Times+Square/data=!4m7!3m6!1s0x31cc36288d196e6f:0x41f6e32f95671672!8m2!3d3.1418472!4d101.710597!16s%2Fg%2F1hc1gr7d7!19sChIJb24ZjSg2zDERchZnlS_j9kE?authuser=0&hl=en&rclk=1,KFC Berjaya Times Square,2.7,(374),Operating
W.P. Kuala Lumpur,Lembah Pantai,https://www.google.com/maps/place/KFC/data=!4m7!3m6!1s0x31cc495af3ac1e4b:0x4f48762adaf033c0!8m2!3d3.15972!4d101.7004397!16s%2Fg%2F11s060njrz!19sChIJSx6s81pJzDERwDPw2ip2SE8?authuser=0&hl=en&rclk=1,KFC,2.2,(152),Operating
W.P. Kuala Lumpur,Lembah Pantai,https://www.google.com/maps/place/KFC+Sri+Petaling/data=!4m7!3m6!1s0x31cc4b007d893f9f:0x6c8416a90bc80f59!8m2!3d3.0681699!4d101.6853272!16s%2Fg%2F11vm8tjkvl!19sChIJnz-JfQBLzDERWQ_IC6kWhGw?authuser=0&hl=en&rclk=1,KFC Sri Petaling,3.2,(206),Operating
W.P. Kuala Lumpur,Seputeh,https://www.google.com/maps/place/KFC+KL+Sentral/data=!4m7!3m6!1s0x31cc49453c81a49d:0xa6e73bdfa9c627f8!8m2!3d3.1351239!4d101.6862909!16s%2Fg%2F11t6lnxnsj!19sChIJnaSBPEVJzDER-CfGqd8756Y?authuser=0&hl=en&rclk=1,KFC KL Sentral,2.7,(220),Operating
W.P. Kuala Lumpur,Seputeh,https://www.google.com/maps/place/KFC+%E2%80%A2+NU+Sentral+Mall/data=!4m7!3m6!1s0x31cc49fec865562d:0x7a6c7346114d8a7b!8m2!3d3.1332411!4d101.6868872!16s%2Fg%2F11pttl4b5w!19sChIJLVZlyP5JzDERe4pNEUZzbHo?authuser=0&hl=en&rclk=1,KFC • NU Sentral Mall,2.4,(228),Operating
W.P. Kuala Lumpur,Seputeh,https://www.google.com/maps/place/KFC+Mid+Valley+Megamall/data=!4m7!3m6!1s0x31cc498eb3feafa7:0x730cc92f7afd6020!8m2!3d3.1178138!4d101.6775788!16s%2Fg%2F1tgc70n8!19sChIJp6_-s45JzDERIGD9ei_JDHM?authuser=0&hl=en&rclk=1,KFC Mid Valley Megamall,3.5,(457),Operating
W.P. Kuala Lumpur,Seputeh,https://www.google.com/maps/place/KFC+Taman+Danau+Desa/data=!4m7!3m6!1s0x31cc4a16ffbd8a7d:0x8c5877e897c8ab3a!8m2!3d3.0996641!4d101.6866303!16s%2Fg%2F1hcb4fnj9!19sChIJfYq9_xZKzDEROqvIl-h3WIw?authuser=0&hl=en&rclk=1,KFC Taman Danau Desa,3.6,(826),Operating
W.P. Kuala Lumpur,Seputeh,https://www.google.com/maps/place/KFC+Kuchai+Lama+DT/data=!4m7!3m6!1s0x31cc4a6acdd8a135:0xbea38796fc6fa45a!8m2!3d3.0923169!4d101.6859587!16s%2Fg%2F1hc9db519!19sChIJNaHYzWpKzDERWqRv_JaHo74?authuser=0&hl=en&rclk=1,KFC Kuchai Lama DT,3.7,"(2,368)",Operating
W.P. Kuala Lumpur,Seputeh,https://www.google.com/maps/place/KFC+Pertama+Complex/data=!4m7!3m6!1s0x31cc482e033e0447:0x55d2aa55ebc7aca4!8m2!3d3.1569488!4d101.6955747!16s%2Fg%2F11ddxvnxrz!19sChIJRwQ-Ay5IzDERpKzH61Wq0lU?authuser=0&hl=en&rclk=1,KFC Pertama Complex,3.8,(678),Operating
W.P. Kuala Lumpur,Seputeh,https://www.google.com/maps/place/KFC+KL+Gateway+Mall/data=!4m7!3m6!1s0x31cc498041ca40d1:0x75673d2f62dd923e!8m2!3d3.1129288!4d101.6628248!16s%2Fg%2F11dxdm3m39!19sChIJ0UDKQYBJzDERPpLdYi89Z3U?authuser=0&hl=en&rclk=1,KFC KL Gateway Mall,3.4,(372),Operating
W.P. Kuala Lumpur,Seputeh,https://www.google.com/maps/place/KFC+Raja+Laut/data=!4m7!3m6!1s0x31cc48235abdf263:0x40a86ca08a4d4001!8m2!3d3.1667161!4d101.6962418!16s%2Fg%2F1hc5qdp3v!19sChIJY_K9WiNIzDERAUBNiqBsqEA?authuser=0&hl=en&rclk=1,KFC Raja Laut,3.9,"(2,346)",Operating
W.P. Kuala Lumpur,Seputeh,https://www.google.com/maps/place/KFC+Jalan+Universiti+DT/data=!4m7!3m6!1s0x31cc4c0c0f5e6db3:0xdf2f7cb523130b7b!8m2!3d3.118423!4d101.6480817!16s%2Fg%2F1tpn01ql!19sChIJs21eDwxMzDERewsTI7V8L98?authuser=0&hl=en&rclk=1,KFC Jalan Universiti DT,3.9,"(3,256)",Operating
W.P. Kuala Lumpur,Seputeh,https://www.google.com/maps/place/KFC+Medan+Niaga+Sg+Besi/data=!4m7!3m6!1s0x31cc3565ef33204b:0x2f9087e0c89ca7b!8m2!3d3.0621802!4d101.7093488!16s%2Fg%2F12qfz3v6j!19sChIJSyAz72U1zDERe8qJDH4I-QI?authuser=0&hl=en&rclk=1,KFC Medan Niaga Sg Besi,3.7,(838),Operating
W.P. Kuala Lumpur,Seputeh,https://www.google.com/maps/place/KFC+Berjaya+Times+Square/data=!4m7!3m6!1s0x31cc36288d196e6f:0x41f6e32f95671672!8m2!3d3.1418472!4d101.710597!16s%2Fg%2F1hc1gr7d7!19sChIJb24ZjSg2zDERchZnlS_j9kE?authuser=0&hl=en&rclk=1,KFC Berjaya Times Square,2.7,(374),Operating
W.P. Kuala Lumpur,Seputeh,https://www.google.com/maps/place/KFC+SUNWAY+PUTRA/data=!4m7!3m6!1s0x31cc483c7fa9d8e1:0xdf053b756d5e02ac!8m2!3d3.1662427!4d101.69239!16s%2Fg%2F1tf380sd!19sChIJ4dipfzxIzDERrAJebXU7Bd8?authuser=0&hl=en&rclk=1,KFC SUNWAY PUTRA,2.3,(212),Operating
W.P. Kuala Lumpur,Seputeh,"https://www.google.com/maps/place/KFC+@+Pavillion,+Kuala+Lumpur/data=!4m7!3m6!1s0x31cc362c7ae799a3:0x8449d9593e6ade52!8m2!3d3.1483611!4d101.7127317!16s%2Fg%2F1hc7p7gt2!19sChIJo5nneiw2zDERUt5qPlnZSYQ?authuser=0&hl=en&rclk=1","KFC @ Pavillion, Kuala Lumpur",3.0,"(1,067)",Operating
W.P. Kuala Lumpur,Seputeh,https://www.google.com/maps/place/KFC+Low+Yat+Plaza/data=!4m7!3m6!1s0x31cc362901bfa0ad:0x9bff3a75d23dce0!8m2!3d3.1440858!4d101.70994!16s%2Fg%2F11bbrkx17m!19sChIJraC_ASk2zDER4NwjXafzvwk?authuser=0&hl=en&rclk=1,KFC Low Yat Plaza,3.5,(845),Operating
W.P. Kuala Lumpur,Seputeh,https://www.google.com/maps/place/KFC+Sri+Hartamas/data=!4m7!3m6!1s0x31cc48faad2c48a7:0x842e051a1ce600bf!8m2!3d3.1613492!4d101.6499645!16s%2Fg%2F1td7ktfc!19sChIJp0gsrfpIzDERvwDmHBoFLoQ?authuser=0&hl=en&rclk=1,KFC Sri Hartamas,3.7,(866),Operating
W.P. Kuala Lumpur,Seputeh,https://www.google.com/maps/place/KFC/data=!4m7!3m6!1s0x31cc495af3ac1e4b:0x4f48762adaf033c0!8m2!3d3.15972!4d101.7004397!16s%2Fg%2F11s060njrz!19sChIJSx6s81pJzDERwDPw2ip2SE8?authuser=0&hl=en&rclk=1,KFC,2.2,(152),Operating
W.P. Kuala Lumpur,Seputeh,https://www.google.com/maps/place/KFC+Petronas+TPM+DT/data=!4m7!3m6!1s0x31cc4ac14bfbce3b:0x2f5ca5aafe789558!8m2!3d3.0487372!4d101.6795481!16s%2Fg%2F11b76mcn_z!19sChIJO877S8FKzDERWJV4_qqlXC8?authuser=0&hl=en&rclk=1,KFC Petronas TPM DT,3.4,"(1,310)",Operating
W.P. Kuala Lumpur,Seputeh,https://www.google.com/maps/place/KFC+Bandar+Sri+Damansara/data=!4m7!3m6!1s0x31cc45f914e6f0a5:0xbf4d46dfd5dda2db!8m2!3d3.19556!4d101.6083652!16s%2Fg%2F11f28d4m25!19sChIJpfDmFPlFzDER26Ld1d9GTb8?authuser=0&hl=en&rclk=1,KFC Bandar Sri Damansara,3.5,(962),Operating
W.P. Kuala Lumpur,Cheras,https://www.google.com/maps/place/KFC+Taman+Midah+HUB/data=!4m7!3m6!1s0x31cc35d16b151df5:0x3eecbb5e1dd191f0!8m2!3d3.0896802!4d101.7258513!16s%2Fg%2F11t2z0fbs6!19sChIJ9R0Va9E1zDER8JHRHV677D4?authuser=0&hl=en&rclk=1,KFC Taman Midah HUB,3.4,(108),Operating
W.P. Kuala Lumpur,Cheras,https://www.google.com/maps/place/KFC+Taman+Pertama+Cheras/data=!4m7!3m6!1s0x31cc35dffb9a40a9:0x748057463355b6e5!8m2!3d3.1113061!4d101.7299867!16s%2Fg%2F1hc0_sqtz!19sChIJqUCa-981zDER5bZVM0ZXgHQ?authuser=0&hl=en&rclk=1,KFC Taman Pertama Cheras,3.7,"(1,305)",Operating
W.P. Kuala Lumpur,Cheras,https://www.google.com/maps/place/KFC+Sunway+Velocity+Mall/data=!4m7!3m6!1s0x31cc3614044905f3:0xea799fdd2445d3e!8m2!3d3.1277893!4d101.7245842!16s%2Fg%2F11fxvkj0zn!19sChIJ8wVJBBQ2zDERPl1E0v2Zpw4?authuser=0&hl=en&rclk=1,KFC Sunway Velocity Mall,2.8,(488),Operating
W.P. Kuala Lumpur,Cheras,https://www.google.com/maps/place/KFC+Petronas+Metramac+Cheras+DT/data=!4m7!3m6!1s0x31cc3612af5a2861:0xd233ffbda7f807c9!8m2!3d3.1053752!4d101.732401!16s%2Fg%2F11b70_tl7l!19sChIJYSharxI2zDERyQf4p73_M9I?authuser=0&hl=en&rclk=1,KFC Petronas Metramac Cheras DT,3.6,"(1,278)",Operating
W.P. Kuala Lumpur,Cheras,https://www.google.com/maps/place/KFC+%E2%80%A2+Taman+Connaught/data=!4m7!3m6!1s0x31cc35a4d911bad9:0x860a0dea60e871a3!8m2!3d3.0813648!4d101.7380358!16s%2Fg%2F1tgc70kh!19sChIJ2boR2aQ1zDERo3HoYOoNCoY?authuser=0&hl=en&rclk=1,KFC • Taman Connaught,3.6,(926),Operating
W.P. Kuala Lumpur,Cheras,https://www.google.com/maps/place/KFC+AEON+Taman+Maluri/data=!4m7!3m6!1s0x31cc366b75b297db:0xda5f9cb4c4e03c32!8m2!3d3.12523!4d101.7281769!16s%2Fg%2F1hc28c7j6!19sChIJ25eydWs2zDERMjzgxLScX9o?authuser=0&hl=en&rclk=1,KFC AEON Taman Maluri,2.8,(450),Operating
W.P. Kuala Lumpur,Cheras,https://www.google.com/maps/place/KFC+KL+Sentral/data=!4m7!3m6!1s0x31cc49453c81a49d:0xa6e73bdfa9c627f8!8m2!3d3.1351239!4d101.6862909!16s%2Fg%2F11t6lnxnsj!19sChIJnaSBPEVJzDER-CfGqd8756Y?authuser=0&hl=en&rclk=1,KFC KL Sentral,2.7,(220),Operating
W.P. Kuala Lumpur,Cheras,https://www.google.com/maps/place/KFC+BANDAR+PERMAISURI+KL/data=!4m7!3m6!1s0x31cc35fa07715b4f:0x491d2f8a41a18046!8m2!3d3.1021991!4d101.7131019!16s%2Fg%2F11bx1h4tfz!19sChIJT1txB_o1zDERRoChQYovHUk?authuser=0&hl=en&rclk=1,KFC BANDAR PERMAISURI KL,3.6,"(1,298)",Operating
W.P. Kuala Lumpur,Bandar Tun Razak,https://www.google.com/maps/place/KFC+Tun+Razak+Exchange+TRX/data=!4m7!3m6!1s0x31cc37901b4cfd63:0x46e2a9ac99ad6dbf!8m2!3d3.1417074!4d101.7188929!16s%2Fg%2F11tstyh7vy!19sChIJY_1MG5A3zDERv22tmayp4kY?authuser=0&hl=en&rclk=1,KFC Tun Razak Exchange TRX,3.1,(293),Operating
W.P. Kuala Lumpur,Bandar Tun Razak,https://www.google.com/maps/place/KFC+KL+Sentral/data=!4m7!3m6!1s0x31cc49453c81a49d:0xa6e73bdfa9c627f8!8m2!3d3.1351239!4d101.6862909!16s%2Fg%2F11t6lnxnsj!19sChIJnaSBPEVJzDER-CfGqd8756Y?authuser=0&hl=en&rclk=1,KFC KL Sentral,2.7,(220),Operating
W.P. Kuala Lumpur,Bandar Tun Razak,https://www.google.com/maps/place/KFC+Jalan+Sultan/data=!4m7!3m6!1s0x31cc49d10c7b7ec3:0xa963a938ce536a1b!8m2!3d3.14507!4d101.6986823!16s%2Fg%2F1w3w0kh0!19sChIJw357DNFJzDERG2pTzjipY6k?authuser=0&hl=en&rclk=1,KFC Jalan Sultan,3.6,(719),Operating
W.P. Kuala Lumpur,Bandar Tun Razak,https://www.google.com/maps/place/KFC+Razak+City+Sungai+Besi/data=!4m7!3m6!1s0x31cc4b003b0fad9d:0x529e0fa0c342e36f!8m2!3d3.1080566!4d101.7051677!16s%2Fg%2F11w3lr_mg8!19sChIJna0POwBLzDERb-NCw6APnlI?authuser=0&hl=en&rclk=1,KFC Razak City Sungai Besi,4.1,(102),Operating
W.P. Kuala Lumpur,Bandar Tun Razak,https://www.google.com/maps/place/KFC+%E2%80%A2+NU+Sentral+Mall/data=!4m7!3m6!1s0x31cc49fec865562d:0x7a6c7346114d8a7b!8m2!3d3.1332411!4d101.6868872!16s%2Fg%2F11pttl4b5w!19sChIJLVZlyP5JzDERe4pNEUZzbHo?authuser=0&hl=en&rclk=1,KFC • NU Sentral Mall,2.4,(228),Operating
W.P. Kuala Lumpur,Bandar Tun Razak,https://www.google.com/maps/place/KFC+Intermark+Mall/data=!4m7!3m6!1s0x31cc3749f6fc3229:0xe77362a615c2f3b1!8m2!3d3.1614125!4d101.7199981!16s%2Fg%2F11h91kdcxg!19sChIJKTL89kk3zDERsfPCFaZic-c?authuser=0&hl=en&rclk=1,KFC Intermark Mall,3.2,(158),Operating
W.P. Kuala Lumpur,Bandar Tun Razak,https://www.google.com/maps/place/KFC+Jalan+Tun+Perak/data=!4m7!3m6!1s0x31cc49d25e19d055:0x55aa32593ba2f53b!8m2!3d3.1488078!4d101.6967672!16s%2Fg%2F11cs1cqhx_!19sChIJVdAZXtJJzDERO_WiO1kyqlU?authuser=0&hl=en&rclk=1,KFC Jalan Tun Perak,3.7,(849),Operating
W.P. Kuala Lumpur,Bandar Tun Razak,https://www.google.com/maps/place/KFC+BANDAR+PERMAISURI+KL/data=!4m7!3m6!1s0x31cc35fa07715b4f:0x491d2f8a41a18046!8m2!3d3.1021991!4d101.7131019!16s%2Fg%2F11bx1h4tfz!19sChIJT1txB_o1zDERRoChQYovHUk?authuser=0&hl=en&rclk=1,KFC BANDAR PERMAISURI KL,3.6,"(1,298)",Operating
W.P. Kuala Lumpur,Bandar Tun Razak,https://www.google.com/maps/place/KFC+Bangsar/data=!4m7!3m6!1s0x31cc49a691a35359:0x74a75db06652784b!8m2!3d3.1326634!4d101.670586!16s%2Fg%2F11g0wg4l5k!19sChIJWVOjkaZJzDERS3hSZrBdp3Q?authuser=0&hl=en&rclk=1,KFC Bangsar,3.8,(355),Operating
W.P. Kuala Lumpur,Bandar Tun Razak,https://www.google.com/maps/place/KFC+@+Avenue+K/data=!4m7!3m6!1s0x31cc37d0c34d51bf:0xcd8fa489eaee2456!8m2!3d3.1594516!4d101.7135734!16s%2Fg%2F11f3n3qpg8!19sChIJv1FNw9A3zDERViTu6omkj80?authuser=0&hl=en&rclk=1,KFC @ Avenue K,4.1,"(1,186)",Operating
W.P. Kuala Lumpur,Bandar Tun Razak,https://www.google.com/maps/place/KFC+Taman+Pertama+Cheras/data=!4m7!3m6!1s0x31cc35dffb9a40a9:0x748057463355b6e5!8m2!3d3.1113061!4d101.7299867!16s%2Fg%2F1hc0_sqtz!19sChIJqUCa-981zDER5bZVM0ZXgHQ?authuser=0&hl=en&rclk=1,KFC Taman Pertama Cheras,3.7,"(1,305)",Operating
W.P. Kuala Lumpur,Bandar Tun Razak,https://www.google.com/maps/place/KFC/data=!4m7!3m6!1s0x31cc37d6ccbd0fe3:0x8d11b3b2d14a9c00!8m2!3d3.158165!4d101.712058!16s%2Fg%2F1hc9db50v!19sChIJ4w-9zNY3zDERAJxK0bKzEY0?authuser=0&hl=en&rclk=1,KFC,3.7,(85),Operating
W.P. Kuala Lumpur,Bandar Tun Razak,https://www.google.com/maps/place/KFC+Berjaya+Times+Square/data=!4m7!3m6!1s0x31cc36288d196e6f:0x41f6e32f95671672!8m2!3d3.1418472!4d101.710597!16s%2Fg%2F1hc1gr7d7!19sChIJb24ZjSg2zDERchZnlS_j9kE?authuser=0&hl=en&rclk=1,KFC Berjaya Times Square,2.7,(374),Operating
W.P. Kuala Lumpur,Bandar Tun Razak,https://www.google.com/maps/place/KFC+Petronas+Metramac+Cheras+DT/data=!4m7!3m6!1s0x31cc3612af5a2861:0xd233ffbda7f807c9!8m2!3d3.1053752!4d101.732401!16s%2Fg%2F11b70_tl7l!19sChIJYSharxI2zDERyQf4p73_M9I?authuser=0&hl=en&rclk=1,KFC Petronas Metramac Cheras DT,3.6,"(1,278)",Operating
W.P. Kuala Lumpur,Bandar Tun Razak,https://www.google.com/maps/place/KFC+Raja+Laut/data=!4m7!3m6!1s0x31cc48235abdf263:0x40a86ca08a4d4001!8m2!3d3.1667161!4d101.6962418!16s%2Fg%2F1hc5qdp3v!19sChIJY_K9WiNIzDERAUBNiqBsqEA?authuser=0&hl=en&rclk=1,KFC Raja Laut,3.9,"(2,346)",Operating
W.P. Kuala Lumpur,Bandar Tun Razak,https://www.google.com/maps/place/KFC/data=!4m7!3m6!1s0x31cc495af3ac1e4b:0x4f48762adaf033c0!8m2!3d3.15972!4d101.7004397!16s%2Fg%2F11s060njrz!19sChIJSx6s81pJzDERwDPw2ip2SE8?authuser=0&hl=en&rclk=1,KFC,2.2,(152),Operating
W.P. Kuala Lumpur,Bandar Tun Razak,https://www.google.com/maps/place/KFC/data=!4m7!3m6!1s0x31cc4930265d00d1:0xe5ffaf185a159953!8m2!3d3.142124!4d101.6251952!16s%2Fg%2F11bbrh43sg!19sChIJ0QBdJjBJzDERU5kVWhiv_-U?authuser=0&hl=en&rclk=1,KFC,4.0,(967),Operating
W.P. Kuala Lumpur,Bandar Tun Razak,"https://www.google.com/maps/place/KFC+@+Pavillion,+Kuala+Lumpur/data=!4m7!3m6!1s0x31cc362c7ae799a3:0x8449d9593e6ade52!8m2!3d3.1483611!4d101.7127317!16s%2Fg%2F1hc7p7gt2!19sChIJo5nneiw2zDERUt5qPlnZSYQ?authuser=0&hl=en&rclk=1","KFC @ Pavillion, Kuala Lumpur",3.0,"(1,067)",Operating
W.P. Labuan,Labuan,https://www.google.com/maps/place/KFC+Labuan+1/data=!4m7!3m6!1s0x322318dea3370a51:0x8eea8f0af8c8f7cd!8m2!3d5.2774542!4d115.2424933!16s%2Fg%2F11c37l6dkl!19sChIJUQo3o94YIzIRzffI-AqP6o4?authuser=0&hl=en&rclk=1,KFC Labuan 1,4.1,(785),Operating
W.P. Labuan,Labuan,"https://www.google.com/maps/place/KFC+Utama+Jaya,+Labuan+3/data=!4m7!3m6!1s0x322318de28efe4e9:0x3f399975cf5f25b0!8m2!3d5.2814679!4d115.2399431!16s%2Fg%2F11cp7gq7_m!19sChIJ6eTvKN4YIzIRsCVfz3WZOT8?authuser=0&hl=en&rclk=1","KFC Utama Jaya, Labuan 3",4.1,(693),Operating
W.P. Labuan,Labuan,"https://www.google.com/maps/place/KFC+Financial+Park,+Labuan/data=!4m7!3m6!1s0x322318dea4064feb:0xb8adf92cd72d76f6!8m2!3d5.2764306!4d115.249388!16s%2Fg%2F1hc88b3zd!19sChIJ608GpN4YIzIR9nYt1yz5rbg?authuser=0&hl=en&rclk=1","KFC Financial Park, Labuan",4.1,(226),Operating
W.P. Putrajaya,Putrajaya,https://www.google.com/maps/place/KFC+Presint+15/data=!4m7!3m6!1s0x31cc37332b418391:0xbdc630fcde537d8d!8m2!3d2.9459727!4d101.7216918!16s%2Fg%2F11gnp41bw1!19sChIJkYNBKzM3zDERjX1T3vwwxr0?authuser=0&hl=en&rclk=1,KFC Presint 15,3.6,"(1,083)",Operating
W.P. Putrajaya,Putrajaya,https://www.google.com/maps/place/KFC+IOI+City+Mall+Putrajaya/data=!4m7!3m6!1s0x31cdca0c123b7427:0x78ed02630732aab6!8m2!3d2.970479!4d101.713624!16s%2Fg%2F11cjj3zp2_!19sChIJJ3Q7EgzKzTERtqoyB2MC7Xg?authuser=0&hl=en&rclk=1,KFC IOI City Mall Putrajaya,3.0,(413),Operating
