
2025-06-26 22:04:50,912 - INFO - Initializing WebDriver
2025-06-26 22:04:54,033 - INFO - Loading Google Maps
2025-06-26 22:04:58,195 - INFO - Getting input search box
2025-06-26 22:04:58,867 - INFO - Searching for Johor:
2025-06-26 22:05:06,118 - INFO - Looking for nearby location button
2025-06-26 22:05:07,594 - INFO - Searching for KFC near Segamat, Johor:
2025-06-26 22:05:16,022 - INFO - Found. Scrolling search results
2025-06-26 22:05:26,414 - INFO - Searching for KFC near Sekijang, Johor:
2025-06-26 22:05:34,711 - INFO - Found. Scrolling search results
2025-06-26 22:05:44,993 - INFO - Searching for KFC near Labis, Johor:
2025-06-26 22:05:55,510 - INFO - Element Not found. Only One Available Result
2025-06-26 22:05:57,511 - INFO - Extracting Page Source
2025-06-26 22:05:57,631 - INFO - Searching for KFC near Pagoh, Johor:
2025-06-26 22:06:04,889 - INFO - Found. Scrolling search results
2025-06-26 22:06:15,154 - INFO - Searching for KFC near Ledang, Johor:
2025-06-26 22:06:25,691 - INFO - Element Not found. Only One Available Result
2025-06-26 22:06:27,691 - INFO - Extracting Page Source
2025-06-26 22:06:27,877 - INFO - Searching for KFC near Bakri, Johor:
2025-06-26 22:06:35,850 - INFO - Found. Scrolling search results
2025-06-26 22:06:46,219 - INFO - Searching for KFC near Muar, Johor:
2025-06-26 22:06:54,228 - INFO - Found. Scrolling search results
2025-06-26 22:07:04,610 - INFO - Searching for KFC near Parit Sulong, Johor:
2025-06-26 22:07:15,541 - INFO - Element Not found. Only One Available Result
2025-06-26 22:07:17,541 - INFO - Extracting Page Source
2025-06-26 22:07:18,057 - INFO - Searching for KFC near Ayer Hitam, Johor:
2025-06-26 22:07:29,695 - INFO - Element Not found. Only One Available Result
2025-06-26 22:07:31,695 - INFO - Extracting Page Source
2025-06-26 22:07:31,839 - INFO - Searching for KFC near Sri Gading, Johor:
2025-06-26 22:07:39,840 - INFO - Found. Scrolling search results
2025-06-26 22:07:50,080 - INFO - Searching for KFC near Batu Pahat, Johor:
2025-06-26 22:08:00,701 - INFO - Found. Scrolling search results
2025-06-26 22:08:13,022 - INFO - Searching for KFC near Simpang Renggam, Johor:
2025-06-26 22:08:24,675 - INFO - Element Not found. Only One Available Result
2025-06-26 22:08:26,675 - INFO - Extracting Page Source
2025-06-26 22:08:26,806 - INFO - Searching for KFC near Kluang, Johor:
2025-06-26 22:08:33,930 - INFO - Found. Scrolling search results
2025-06-26 22:08:44,147 - INFO - Searching for KFC near Sembrong, Johor:
2025-06-26 22:08:52,604 - INFO - Found. Scrolling search results
2025-06-26 22:09:02,969 - INFO - Searching for KFC near Mersing, Johor:
2025-06-26 22:09:10,989 - INFO - Found. Scrolling search results
2025-06-26 22:09:21,262 - INFO - Searching for KFC near Tenggara, Johor:
2025-06-26 22:09:29,137 - INFO - Found. Scrolling search results
2025-06-26 22:09:39,380 - INFO - Searching for KFC near Kota Tinggi, Johor:
2025-06-26 22:09:47,690 - INFO - Found. Scrolling search results
2025-06-26 22:09:58,000 - INFO - Searching for KFC near Pengerang, Johor:
2025-06-26 22:10:06,281 - INFO - Found. Scrolling search results
2025-06-26 22:10:16,612 - INFO - Searching for KFC near Tebrau, Johor:
2025-06-26 22:10:25,163 - INFO - Found. Scrolling search results
2025-06-26 22:10:35,512 - INFO - Searching for KFC near Pasir Gudang, Johor:
2025-06-26 22:10:44,971 - INFO - Found. Scrolling search results
2025-06-26 22:10:55,186 - INFO - Searching for KFC near Johor Bahru, Johor:
2025-06-26 22:11:04,241 - INFO - Found. Scrolling search results
2025-06-26 22:11:14,602 - INFO - Searching for KFC near Pulai, Johor:
2025-06-26 22:11:24,923 - INFO - Found. Scrolling search results
2025-06-26 22:11:35,435 - INFO - Searching for KFC near Iskandar Puteri, Johor:
2025-06-26 22:11:44,137 - INFO - Found. Scrolling search results
2025-06-26 22:11:54,354 - INFO - Searching for KFC near Kulai, Johor:
2025-06-26 22:12:02,757 - INFO - Found. Scrolling search results
2025-06-26 22:12:12,960 - INFO - Searching for KFC near Pontian, Johor:
2025-06-26 22:12:21,786 - INFO - Found. Scrolling search results
2025-06-26 22:12:32,172 - INFO - Searching for KFC near Tanjung Piai, Johor:
2025-06-26 22:12:40,468 - INFO - Found. Scrolling search results
2025-06-26 22:12:50,723 - INFO - Populating data into excel
2025-06-26 22:12:50,724 - INFO - Data for KFC near Tanjung Piai, Johor was loaded into csv
2025-06-26 22:12:50,724 - INFO - Loading Google Maps
2025-06-26 22:12:54,222 - INFO - Getting input search box
2025-06-26 22:12:54,282 - INFO - Searching for Kedah:
2025-06-26 22:13:03,215 - INFO - Looking for nearby location button
2025-06-26 22:13:04,427 - INFO - Searching for KFC near Langkawi, Kedah:
2025-06-26 22:13:14,377 - INFO - Found. Scrolling search results
2025-06-26 22:13:25,732 - INFO - Searching for KFC near Jerlun, Kedah:
2025-06-26 22:13:36,482 - INFO - Element Not found. Only One Available Result
2025-06-26 22:13:38,482 - INFO - Extracting Page Source
2025-06-26 22:13:38,622 - INFO - Searching for KFC near Kubang Pasu, Kedah:
2025-06-26 22:13:47,340 - INFO - Found. Scrolling search results
2025-06-26 22:13:57,566 - INFO - Searching for KFC near Padang Terap, Kedah:
2025-06-26 22:14:06,548 - INFO - Found. Scrolling search results
2025-06-26 22:14:16,944 - INFO - Searching for KFC near Pokok Sena, Kedah:
2025-06-26 22:14:28,847 - INFO - Element Not found. Only One Available Result
2025-06-26 22:14:30,847 - INFO - Extracting Page Source
2025-06-26 22:14:30,999 - INFO - Searching for KFC near Alor Setar, Kedah:
2025-06-26 22:14:39,699 - INFO - Found. Scrolling search results
2025-06-26 22:14:49,919 - INFO - Searching for KFC near Kuala Kedah, Kedah:
2025-06-26 22:15:00,253 - INFO - Element Not found. Only One Available Result
2025-06-26 22:15:02,254 - INFO - Extracting Page Source
2025-06-26 22:15:02,373 - INFO - Searching for KFC near Pendang, Kedah:
2025-06-26 22:15:11,112 - INFO - Found. Scrolling search results
2025-06-26 22:15:21,651 - INFO - Searching for KFC near Jerai, Kedah:
2025-06-26 22:15:31,219 - INFO - Found. Scrolling search results
2025-06-26 22:15:41,719 - INFO - Searching for KFC near Sik, Kedah:
2025-06-26 22:15:55,009 - INFO - Element Not found. Only One Available Result
2025-06-26 22:15:57,010 - INFO - Extracting Page Source
2025-06-26 22:15:57,382 - INFO - Searching for KFC near Merbok, Kedah:
2025-06-26 22:16:09,689 - INFO - Element Not found. Only One Available Result
2025-06-26 22:16:11,690 - INFO - Extracting Page Source
2025-06-26 22:16:11,883 - INFO - Searching for KFC near Sungai Petani, Kedah:
2025-06-26 22:16:20,843 - INFO - Found. Scrolling search results
2025-06-26 22:16:31,071 - INFO - Searching for KFC near Baling, Kedah:
2025-06-26 22:16:41,579 - INFO - Element Not found. Only One Available Result
2025-06-26 22:16:43,580 - INFO - Extracting Page Source
2025-06-26 22:16:43,724 - INFO - Searching for KFC near Padang Serai, Kedah:
2025-06-26 22:16:55,241 - INFO - Element Not found. Only One Available Result
2025-06-26 22:16:57,241 - INFO - Extracting Page Source
2025-06-26 22:16:57,362 - INFO - Searching for KFC near Kulim-Bandar Baharu, Kedah:
2025-06-26 22:17:05,168 - INFO - Found. Scrolling search results
2025-06-26 22:17:15,305 - INFO - Populating data into excel
2025-06-26 22:17:15,306 - INFO - Data for KFC near Kulim-Bandar Baharu, Kedah was loaded into csv
2025-06-26 22:17:15,306 - INFO - Loading Google Maps
2025-06-26 22:17:18,641 - INFO - Getting input search box
2025-06-26 22:17:18,830 - INFO - Searching for Kelantan:
2025-06-26 22:17:26,225 - INFO - Looking for nearby location button
2025-06-26 22:17:27,675 - INFO - Searching for KFC near Tumpat, Kelantan:
2025-06-26 22:17:38,357 - INFO - Element Not found. Only One Available Result
2025-06-26 22:17:40,358 - INFO - Extracting Page Source
2025-06-26 22:17:40,474 - INFO - Searching for KFC near Pengkalan Chepa, Kelantan:
2025-06-26 22:17:51,407 - INFO - Element Not found. Only One Available Result
2025-06-26 22:17:53,408 - INFO - Extracting Page Source
2025-06-26 22:17:53,527 - INFO - Searching for KFC near Kota Bharu, Kelantan:
2025-06-26 22:18:01,237 - INFO - Found. Scrolling search results
2025-06-26 22:18:11,466 - INFO - Searching for KFC near Pasir Mas, Kelantan:
2025-06-26 22:18:22,947 - INFO - Element Not found. Only One Available Result
2025-06-26 22:18:24,948 - INFO - Extracting Page Source
2025-06-26 22:18:25,089 - INFO - Searching for KFC near Rantau Panjang, Kelantan:
2025-06-26 22:18:35,949 - INFO - Element Not found. Only One Available Result
2025-06-26 22:18:37,950 - INFO - Extracting Page Source
2025-06-26 22:18:38,062 - INFO - Searching for KFC near Kubang Kerian, Kelantan:
2025-06-26 22:18:49,112 - INFO - Element Not found. Only One Available Result
2025-06-26 22:18:51,113 - INFO - Extracting Page Source
2025-06-26 22:18:51,358 - INFO - Searching for KFC near Bachok, Kelantan:
2025-06-26 22:19:01,827 - INFO - Found. Scrolling search results
2025-06-26 22:19:12,472 - INFO - Searching for KFC near Ketereh, Kelantan:
2025-06-26 22:19:23,446 - INFO - Element Not found. Only One Available Result
2025-06-26 22:19:25,447 - INFO - Extracting Page Source
2025-06-26 22:19:25,570 - INFO - Searching for KFC near Tanah Merah, Kelantan:
2025-06-26 22:19:37,772 - INFO - Element Not found. Only One Available Result
2025-06-26 22:19:39,773 - INFO - Extracting Page Source
2025-06-26 22:19:39,886 - INFO - Searching for KFC near Pasir Puteh, Kelantan:
2025-06-26 22:19:53,778 - INFO - Element Not found. Only One Available Result
2025-06-26 22:19:55,779 - INFO - Extracting Page Source
2025-06-26 22:20:00,614 - INFO - Searching for KFC near Machang, Kelantan:
2025-06-26 22:20:10,284 - INFO - Found. Scrolling search results
2025-06-26 22:20:20,597 - INFO - Searching for KFC near Jeli, Kelantan:
2025-06-26 21:41:19,173 - INFO - Element Not found. Only One Available Result
2025-06-26 21:41:21,173 - INFO - Extracting Page Source
2025-06-26 21:41:21,298 - INFO - Searching for KFC near Kuala Krai, Kelantan:
2025-06-26 21:41:29,734 - INFO - Found. Scrolling search results
2025-06-26 21:41:39,909 - INFO - Searching for KFC near Gua Musang, Kelantan:
2025-06-26 21:41:50,483 - INFO - Element Not found. Only One Available Result
2025-06-26 21:41:52,483 - INFO - Extracting Page Source
2025-06-26 21:41:52,567 - INFO - Populating data into excel
2025-06-26 21:41:52,569 - INFO - Data for KFC near Gua Musang, Kelantan was loaded into csv
2025-06-26 21:41:52,569 - INFO - Loading Google Maps
2025-06-26 21:41:55,874 - INFO - Getting input search box
2025-06-26 21:41:55,934 - INFO - Searching for Melaka:
2025-06-26 21:42:04,116 - INFO - Looking for nearby location button
2025-06-26 21:42:05,292 - INFO - Searching for KFC near Masjid Tanah, Melaka:
2025-06-26 21:42:16,848 - INFO - Element Not found. Only One Available Result
2025-06-26 21:42:18,848 - INFO - Extracting Page Source
2025-06-26 21:42:18,989 - INFO - Searching for KFC near Alor Gajah, Melaka:
2025-06-26 21:42:30,861 - INFO - Element Not found. Only One Available Result
2025-06-26 21:42:32,862 - INFO - Extracting Page Source
2025-06-26 21:42:33,007 - INFO - Searching for KFC near Tangga Batu, Melaka:
2025-06-26 21:42:42,053 - INFO - Found. Scrolling search results
2025-06-26 21:42:52,273 - INFO - Searching for KFC near Hang Tuah Jaya, Melaka:
2025-06-26 21:43:01,240 - INFO - Found. Scrolling search results
2025-06-26 21:43:11,460 - INFO - Searching for KFC near Kota Melaka, Melaka:
2025-06-26 21:43:20,666 - INFO - Found. Scrolling search results
2025-06-26 21:43:30,887 - INFO - Searching for KFC near Jasin, Melaka:
2025-06-26 21:43:39,774 - INFO - Found. Scrolling search results
2025-06-26 21:43:49,914 - INFO - Populating data into excel
2025-06-26 21:43:49,915 - INFO - Data for KFC near Jasin, Melaka was loaded into csv
2025-06-26 21:43:49,915 - INFO - Loading Google Maps
2025-06-26 21:43:53,194 - INFO - Getting input search box
2025-06-26 21:43:53,268 - INFO - Searching for Negeri Sembilan:
2025-06-26 21:44:01,673 - INFO - Looking for nearby location button
2025-06-26 21:44:02,846 - INFO - Searching for KFC near Jelebu, Negeri Sembilan:
2025-06-26 21:44:15,033 - INFO - Element Not found. Only One Available Result
2025-06-26 21:44:17,033 - INFO - Extracting Page Source
2025-06-26 21:44:17,166 - INFO - Searching for KFC near Jempol, Negeri Sembilan:
2025-06-26 21:44:25,218 - INFO - Found. Scrolling search results
2025-06-26 21:44:35,411 - INFO - Searching for KFC near Seremban, Negeri Sembilan:
2025-06-26 21:44:43,854 - INFO - Found. Scrolling search results
2025-06-26 21:44:54,073 - INFO - Searching for KFC near Kuala Pilah, Negeri Sembilan:
2025-06-26 21:45:04,564 - INFO - Element Not found. Only One Available Result
2025-06-26 21:45:06,565 - INFO - Extracting Page Source
2025-06-26 21:45:06,682 - INFO - Searching for KFC near Rasah, Negeri Sembilan:
2025-06-26 21:45:14,618 - INFO - Found. Scrolling search results
2025-06-26 21:45:34,929 - INFO - Searching for KFC near Rembau, Negeri Sembilan:
2025-06-26 21:45:48,164 - INFO - Element Not found. Only One Available Result
2025-06-26 21:45:50,165 - INFO - Extracting Page Source
2025-06-26 21:45:50,517 - INFO - Searching for KFC near Port Dickson, Negeri Sembilan:
2025-06-26 21:46:01,611 - INFO - Found. Scrolling search results
2025-06-26 21:46:12,152 - INFO - Searching for KFC near Tampin, Negeri Sembilan:
2025-06-26 21:46:22,569 - INFO - Element Not found. Only One Available Result
2025-06-26 21:46:24,569 - INFO - Extracting Page Source
2025-06-26 21:46:24,631 - INFO - Populating data into excel
2025-06-26 21:46:24,633 - INFO - Data for KFC near Tampin, Negeri Sembilan was loaded into csv
2025-06-26 21:46:24,633 - INFO - Loading Google Maps
2025-06-26 21:46:28,093 - INFO - Getting input search box
2025-06-26 21:46:28,183 - INFO - Searching for Pahang:
2025-06-26 21:46:35,996 - INFO - Looking for nearby location button
2025-06-26 21:46:37,290 - INFO - Searching for KFC near Cameron Highlands, Pahang:
2025-06-26 21:46:48,792 - INFO - Element Not found. Only One Available Result
2025-06-26 21:46:50,793 - INFO - Extracting Page Source
2025-06-26 21:46:50,921 - INFO - Searching for KFC near Lipis, Pahang:
2025-06-26 21:47:01,827 - INFO - Element Not found. Only One Available Result
2025-06-26 21:47:03,828 - INFO - Extracting Page Source
2025-06-26 21:47:03,986 - INFO - Searching for KFC near Raub, Pahang:
2025-06-26 21:47:11,827 - INFO - Found. Scrolling search results
2025-06-26 21:47:22,041 - INFO - Searching for KFC near Jerantut, Pahang:
2025-06-26 21:47:33,195 - INFO - Element Not found. Only One Available Result
2025-06-26 21:47:35,196 - INFO - Extracting Page Source
2025-06-26 21:47:35,348 - INFO - Searching for KFC near Indera Mahkota, Pahang:
2025-06-26 21:47:43,534 - INFO - Found. Scrolling search results
2025-06-26 21:47:53,712 - INFO - Searching for KFC near Kuantan, Pahang:
2025-06-26 21:48:02,327 - INFO - Found. Scrolling search results
2025-06-26 21:48:12,569 - INFO - Searching for KFC near Paya Besar, Pahang:
2025-06-26 21:48:21,087 - INFO - Found. Scrolling search results
2025-06-26 21:48:31,300 - INFO - Searching for KFC near Pekan, Pahang:
2025-06-26 21:48:39,602 - INFO - Found. Scrolling search results
2025-06-26 21:48:49,792 - INFO - Searching for KFC near Maran, Pahang:
2025-06-26 21:49:01,026 - INFO - Element Not found. Only One Available Result
2025-06-26 21:49:03,027 - INFO - Extracting Page Source
2025-06-26 21:49:03,141 - INFO - Searching for KFC near Kuala Krau, Pahang:
2025-06-26 21:49:11,623 - INFO - Found. Scrolling search results
2025-06-26 21:49:21,839 - INFO - Searching for KFC near Temerloh, Pahang:
2025-06-26 21:49:30,388 - INFO - Found. Scrolling search results
2025-06-26 21:49:40,571 - INFO - Searching for KFC near Bentong, Pahang:
2025-06-26 21:49:48,963 - INFO - Found. Scrolling search results
2025-06-26 21:49:59,151 - INFO - Searching for KFC near Bera, Pahang:
2025-06-26 21:50:10,355 - INFO - Element Not found. Only One Available Result
2025-06-26 21:50:12,356 - INFO - Extracting Page Source
2025-06-26 21:50:12,490 - INFO - Searching for KFC near Rompin, Pahang:
2025-06-26 21:50:23,158 - INFO - Element Not found. Only One Available Result
2025-06-26 21:50:25,159 - INFO - Extracting Page Source
2025-06-26 21:50:25,230 - INFO - Populating data into excel
2025-06-26 21:50:25,232 - INFO - Data for KFC near Rompin, Pahang was loaded into csv
2025-06-26 21:50:25,232 - INFO - Loading Google Maps
2025-06-26 21:50:28,544 - INFO - Getting input search box
2025-06-26 21:50:28,618 - INFO - Searching for Perak:
2025-06-26 21:50:36,598 - INFO - Looking for nearby location button
2025-06-26 21:50:37,807 - INFO - Searching for KFC near Gerik, Perak:
2025-06-26 21:50:49,223 - INFO - Element Not found. Only One Available Result
2025-06-26 21:50:51,224 - INFO - Extracting Page Source
2025-06-26 21:50:51,354 - INFO - Searching for KFC near Lenggong, Perak:
2025-06-26 21:51:00,530 - INFO - Found. Scrolling search results
2025-06-26 21:51:11,003 - INFO - Searching for KFC near Larut, Perak:
2025-06-26 21:51:20,298 - INFO - Found. Scrolling search results
2025-06-26 21:51:30,519 - INFO - Searching for KFC near Parit Buntar, Perak:
2025-06-26 21:51:39,419 - INFO - Found. Scrolling search results
2025-06-26 21:51:49,618 - INFO - Searching for KFC near Bagan Serai, Perak:
2025-06-26 21:52:01,353 - INFO - Element Not found. Only One Available Result
2025-06-26 21:52:03,353 - INFO - Extracting Page Source
2025-06-26 21:52:03,496 - INFO - Searching for KFC near Bukit Gantang, Perak:
2025-06-26 21:52:12,902 - INFO - Found. Scrolling search results
2025-06-26 21:52:23,130 - INFO - Searching for KFC near Taiping, Perak:
2025-06-26 21:52:31,571 - INFO - Found. Scrolling search results
2025-06-26 21:52:41,766 - INFO - Searching for KFC near Padang Rengas, Perak:
2025-06-26 21:52:50,908 - INFO - Found. Scrolling search results
2025-06-26 21:53:01,131 - INFO - Searching for KFC near Sungai Siput, Perak:
2025-06-26 21:53:12,836 - INFO - Element Not found. Only One Available Result
2025-06-26 21:53:14,837 - INFO - Extracting Page Source
2025-06-26 21:53:14,960 - INFO - Searching for KFC near Tambun, Perak:
2025-06-26 21:53:25,944 - INFO - Element Not found. Only One Available Result
2025-06-26 21:53:27,944 - INFO - Extracting Page Source
2025-06-26 21:53:28,085 - INFO - Searching for KFC near Ipoh Timor, Perak:
2025-06-26 21:53:37,593 - INFO - Found. Scrolling search results
2025-06-26 21:53:47,812 - INFO - Searching for KFC near Ipoh Barat, Perak:
2025-06-26 21:53:59,404 - INFO - Found. Scrolling search results
2025-06-26 21:54:09,669 - INFO - Searching for KFC near Batu Gajah, Perak:
2025-06-26 21:54:21,151 - INFO - Element Not found. Only One Available Result
2025-06-26 21:54:23,152 - INFO - Extracting Page Source
2025-06-26 21:54:23,293 - INFO - Searching for KFC near Kuala Kangsar, Perak:
2025-06-26 21:54:32,310 - INFO - Found. Scrolling search results
2025-06-26 21:54:42,488 - INFO - Searching for KFC near Beruas, Perak:
2025-06-26 21:54:50,395 - INFO - Found. Scrolling search results
2025-06-26 21:55:00,616 - INFO - Searching for KFC near Parit, Perak:
2025-06-26 21:55:09,949 - INFO - Found. Scrolling search results
2025-06-26 21:55:20,174 - INFO - Searching for KFC near Kampar, Perak:
2025-06-26 21:55:29,392 - INFO - Found. Scrolling search results
2025-06-26 21:55:39,598 - INFO - Searching for KFC near Gopeng, Perak:
2025-06-26 21:55:48,775 - INFO - Found. Scrolling search results
2025-06-26 21:55:58,960 - INFO - Searching for KFC near Tapah, Perak:
2025-06-26 21:56:07,975 - INFO - Found. Scrolling search results
2025-06-26 21:56:18,186 - INFO - Searching for KFC near Pasir Salak, Perak:
2025-06-26 21:56:28,032 - INFO - Found. Scrolling search results
2025-06-26 21:56:38,289 - INFO - Searching for KFC near Lumut, Perak:
2025-06-26 21:56:50,505 - INFO - Element Not found. Only One Available Result
2025-06-26 21:56:52,505 - INFO - Extracting Page Source
2025-06-26 21:56:52,655 - INFO - Searching for KFC near Bagan Datuk, Perak:
2025-06-26 21:57:02,240 - INFO - Found. Scrolling search results
2025-06-26 21:57:12,458 - INFO - Searching for KFC near Teluk Intan, Perak:
2025-06-26 21:57:21,232 - INFO - Found. Scrolling search results
2025-06-26 21:57:31,410 - INFO - Searching for KFC near Tanjong Malim, Perak:
2025-06-26 21:57:40,202 - INFO - Found. Scrolling search results
2025-06-26 21:57:50,319 - INFO - Populating data into excel
2025-06-26 21:57:50,320 - INFO - Data for KFC near Tanjong Malim, Perak was loaded into csv
2025-06-26 21:57:50,320 - INFO - Loading Google Maps
2025-06-26 21:57:53,598 - INFO - Getting input search box
2025-06-26 21:57:53,669 - INFO - Searching for Perlis:
2025-06-26 21:58:02,021 - INFO - Looking for nearby location button
2025-06-26 21:58:03,212 - INFO - Searching for KFC near Padang Besar, Perlis:
2025-06-26 21:58:15,919 - INFO - Element Not found. Only One Available Result
2025-06-26 21:58:17,920 - INFO - Extracting Page Source
2025-06-26 21:58:18,039 - INFO - Searching for KFC near Kangar, Perlis:
2025-06-26 21:58:26,800 - INFO - Found. Scrolling search results
2025-06-26 21:58:37,278 - INFO - Searching for KFC near Arau, Perlis:
2025-06-26 21:58:48,970 - INFO - Element Not found. Only One Available Result
2025-06-26 21:58:50,970 - INFO - Extracting Page Source
2025-06-26 21:58:51,034 - INFO - Populating data into excel
2025-06-26 21:58:51,035 - INFO - Data for KFC near Arau, Perlis was loaded into csv
2025-06-26 21:58:51,035 - INFO - Loading Google Maps
2025-06-26 21:58:54,333 - INFO - Getting input search box
2025-06-26 21:58:54,519 - INFO - Searching for Pulau Pinang:
2025-06-26 21:59:02,542 - INFO - Looking for nearby location button
2025-06-26 21:59:03,722 - INFO - Searching for KFC near Kepala Batas, Pulau Pinang:
2025-06-26 21:59:12,215 - INFO - Found. Scrolling search results
2025-06-26 21:59:22,647 - INFO - Searching for KFC near Tasek Gelugor, Pulau Pinang:
2025-06-26 21:59:31,654 - INFO - Found. Scrolling search results
2025-06-26 21:59:41,876 - INFO - Searching for KFC near Bagan, Pulau Pinang:
2025-06-26 21:59:50,950 - INFO - Found. Scrolling search results
2025-06-26 22:00:01,168 - INFO - Searching for KFC near Permatang Pauh, Pulau Pinang:
2025-06-26 22:00:09,998 - INFO - Found. Scrolling search results
2025-06-26 22:00:20,198 - INFO - Searching for KFC near Bukit Mertajam, Pulau Pinang:
2025-06-26 22:00:29,022 - INFO - Found. Scrolling search results
2025-06-26 22:00:39,275 - INFO - Searching for KFC near Batu Kawan, Pulau Pinang:
2025-06-26 22:00:48,525 - INFO - Found. Scrolling search results
2025-06-26 22:00:58,703 - INFO - Searching for KFC near Nibong Tebal, Pulau Pinang:
2025-06-26 22:01:12,014 - INFO - Element Not found. Only One Available Result
2025-06-26 22:01:14,015 - INFO - Extracting Page Source
2025-06-26 22:01:14,151 - INFO - Searching for KFC near Bukit Bendera, Pulau Pinang:
2025-06-26 22:01:22,351 - INFO - Found. Scrolling search results
2025-06-26 22:01:32,588 - INFO - Searching for KFC near Tanjong, Pulau Pinang:
2025-06-26 22:01:40,346 - INFO - Found. Scrolling search results
2025-06-26 22:01:50,540 - INFO - Searching for KFC near Jelutong, Pulau Pinang:
2025-06-26 22:01:58,525 - INFO - Found. Scrolling search results
2025-06-26 22:02:08,747 - INFO - Searching for KFC near Bukit Gelugor, Pulau Pinang:
2025-06-26 22:02:17,388 - INFO - Found. Scrolling search results
2025-06-26 22:02:27,683 - INFO - Searching for KFC near Bayan Baru, Pulau Pinang:
2025-06-26 22:02:35,808 - INFO - Found. Scrolling search results
2025-06-26 22:02:46,021 - INFO - Searching for KFC near Balik Pulau, Pulau Pinang:
2025-06-26 22:02:54,031 - INFO - Found. Scrolling search results
2025-06-26 22:03:04,163 - INFO - Populating data into excel
2025-06-26 22:03:04,165 - INFO - Data for KFC near Balik Pulau, Pulau Pinang was loaded into csv
2025-06-26 22:03:04,165 - INFO - Loading Google Maps
2025-06-26 22:03:07,516 - INFO - Getting input search box
2025-06-26 22:03:07,615 - INFO - Searching for Sabah:
2025-06-26 22:03:15,085 - INFO - Looking for nearby location button
2025-06-26 22:03:16,439 - INFO - Searching for KFC near Kudat, Sabah:
2025-06-26 22:03:24,233 - INFO - Found. Scrolling search results
2025-06-26 22:03:34,419 - INFO - Searching for KFC near Kota Marudu, Sabah:
2025-06-26 22:03:42,412 - INFO - Found. Scrolling search results
2025-06-26 22:03:52,592 - INFO - Searching for KFC near Kota Belud, Sabah:
2025-06-26 22:04:00,634 - INFO - Found. Scrolling search results
2025-06-26 22:04:10,820 - INFO - Searching for KFC near Tuaran, Sabah:
2025-06-26 22:04:19,066 - INFO - Found. Scrolling search results
2025-06-26 22:04:29,270 - INFO - Searching for KFC near Sepanggar, Sabah:
2025-06-26 22:04:37,559 - INFO - Found. Scrolling search results
2025-06-26 22:04:47,736 - INFO - Searching for KFC near Kota Kinabalu, Sabah:
2025-06-26 22:04:56,264 - INFO - Found. Scrolling search results
2025-06-26 22:05:06,518 - INFO - Searching for KFC near Putatan, Sabah:
2025-06-26 22:05:17,637 - INFO - Element Not found. Only One Available Result
2025-06-26 22:05:19,639 - INFO - Extracting Page Source
2025-06-26 22:05:19,753 - INFO - Searching for KFC near Penampang, Sabah:
2025-06-26 22:05:28,117 - INFO - Found. Scrolling search results
2025-06-26 22:05:38,310 - INFO - Searching for KFC near Papar, Sabah:
2025-06-26 22:05:46,220 - INFO - Found. Scrolling search results
2025-06-26 22:05:56,426 - INFO - Searching for KFC near Kimanis, Sabah:
2025-06-26 22:06:05,209 - INFO - Found. Scrolling search results
2025-06-26 22:06:15,426 - INFO - Searching for KFC near Beaufort, Sabah:
2025-06-26 22:06:27,045 - INFO - Element Not found. Only One Available Result
2025-06-26 22:06:29,046 - INFO - Extracting Page Source
2025-06-26 22:06:29,164 - INFO - Searching for KFC near Sipitang, Sabah:
2025-06-26 22:06:39,499 - INFO - Element Not found. Only One Available Result
2025-06-26 22:06:41,499 - INFO - Extracting Page Source
2025-06-26 22:06:41,622 - INFO - Searching for KFC near Ranau, Sabah:
2025-06-26 22:06:52,916 - INFO - Element Not found. Only One Available Result
2025-06-26 22:06:54,917 - INFO - Extracting Page Source
2025-06-26 22:06:55,044 - INFO - Searching for KFC near Keningau, Sabah:
2025-06-26 22:07:06,850 - INFO - Element Not found. Only One Available Result
2025-06-26 22:07:08,851 - INFO - Extracting Page Source
2025-06-26 22:07:08,990 - INFO - Searching for KFC near Tenom, Sabah:
2025-06-26 22:07:20,475 - INFO - Element Not found. Only One Available Result
2025-06-26 22:07:22,475 - INFO - Extracting Page Source
2025-06-26 22:07:22,624 - INFO - Searching for KFC near Pensiangan, Sabah:
2025-06-26 22:07:34,381 - INFO - Element Not found. Only One Available Result
2025-06-26 22:07:36,382 - INFO - Extracting Page Source
2025-06-26 22:07:36,546 - INFO - Searching for KFC near Beluran, Sabah:
2025-06-26 22:07:48,298 - INFO - Element Not found. Only One Available Result
2025-06-26 22:07:50,298 - INFO - Extracting Page Source
2025-06-26 22:07:50,428 - INFO - Searching for KFC near Libaran, Sabah:
2025-06-26 22:08:02,075 - INFO - Element Not found. Only One Available Result
2025-06-26 22:08:04,075 - INFO - Extracting Page Source
2025-06-26 22:08:04,203 - INFO - Searching for KFC near Batu Sapi, Sabah:
2025-06-26 22:08:12,991 - INFO - Found. Scrolling search results
2025-06-26 22:08:23,234 - INFO - Searching for KFC near Sandakan, Sabah:
2025-06-26 22:08:32,206 - INFO - Found. Scrolling search results
2025-06-26 22:08:42,390 - INFO - Searching for KFC near Kinabatangan, Sabah:
2025-06-26 22:08:56,035 - INFO - Element Not found. Only One Available Result
2025-06-26 22:08:58,036 - INFO - Extracting Page Source
2025-06-26 22:08:58,154 - INFO - Searching for KFC near Lahad Datu, Sabah:
2025-06-26 22:09:06,719 - INFO - Found. Scrolling search results
2025-06-26 22:09:16,919 - INFO - Searching for KFC near Semporna, Sabah:
2025-06-26 22:09:25,744 - INFO - Found. Scrolling search results
2025-06-26 22:09:35,918 - INFO - Searching for KFC near Tawau, Sabah:
2025-06-26 22:09:45,012 - INFO - Found. Scrolling search results
2025-06-26 22:09:55,256 - INFO - Searching for KFC near Kalabakan, Sabah:
2025-06-26 22:10:04,577 - INFO - Found. Scrolling search results
2025-06-26 22:10:14,721 - INFO - Populating data into excel
2025-06-26 22:10:14,723 - INFO - Data for KFC near Kalabakan, Sabah was loaded into csv
2025-06-26 22:10:14,723 - INFO - Loading Google Maps
2025-06-26 22:10:18,002 - INFO - Getting input search box
2025-06-26 22:10:18,074 - INFO - Searching for Sarawak:
2025-06-26 22:10:26,494 - INFO - Looking for nearby location button
2025-06-26 22:10:27,699 - INFO - Searching for KFC near Mas Gading, Sarawak:
2025-06-26 22:10:36,526 - INFO - Found. Scrolling search results
2025-06-26 22:10:46,880 - INFO - Searching for KFC near Santubong, Sarawak:
2025-06-26 22:10:56,181 - INFO - Found. Scrolling search results
2025-06-26 22:11:06,436 - INFO - Searching for KFC near Petra Jaya, Sarawak:
2025-06-26 22:11:15,412 - INFO - Found. Scrolling search results
2025-06-26 22:11:25,641 - INFO - Searching for KFC near Bandar Kuching, Sarawak:
2025-06-26 22:11:34,565 - INFO - Found. Scrolling search results
2025-06-26 22:11:44,780 - INFO - Searching for KFC near Stampin, Sarawak:
2025-06-26 22:11:53,615 - INFO - Found. Scrolling search results
2025-06-26 22:12:03,872 - INFO - Searching for KFC near Kota Samarahan, Sarawak:
2025-06-26 22:12:12,484 - INFO - Found. Scrolling search results
2025-06-26 22:12:22,666 - INFO - Searching for KFC near Puncak Borneo, Sarawak:
2025-06-26 22:12:31,563 - INFO - Found. Scrolling search results
2025-06-26 22:12:41,791 - INFO - Searching for KFC near Serian, Sarawak:
2025-06-26 22:12:50,357 - INFO - Found. Scrolling search results
2025-06-26 22:13:00,925 - INFO - Searching for KFC near Batang Sadong, Sarawak:
2025-06-26 22:13:09,877 - INFO - Found. Scrolling search results
2025-06-26 22:13:20,233 - INFO - Searching for KFC near Batang Lupar, Sarawak:
2025-06-26 22:13:30,952 - INFO - Found. Scrolling search results
2025-06-26 22:13:41,708 - INFO - Searching for KFC near Sri Aman, Sarawak:
2025-06-26 22:13:53,157 - INFO - Element Not found. Only One Available Result
2025-06-26 22:13:55,158 - INFO - Extracting Page Source
2025-06-26 22:13:55,293 - INFO - Searching for KFC near Lubok Antu, Sarawak:
2025-06-26 22:14:03,325 - INFO - Found. Scrolling search results
2025-06-26 22:14:13,535 - INFO - Searching for KFC near Betong, Sarawak:
2025-06-26 22:14:29,164 - INFO - Element Not found. Only One Available Result
2025-06-26 22:14:31,165 - INFO - Extracting Page Source
2025-06-26 22:14:31,862 - INFO - Searching for KFC near Saratok, Sarawak:
2025-06-26 22:14:55,503 - INFO - Element Not found. Only One Available Result
2025-06-26 22:14:57,503 - INFO - Extracting Page Source
2025-06-26 22:14:57,729 - INFO - Searching for KFC near Tanjong Manis, Sarawak:
2025-06-26 22:15:09,410 - INFO - Found. Scrolling search results
2025-06-26 22:15:24,837 - INFO - Searching for KFC near Igan, Sarawak:
2025-06-26 22:15:36,658 - INFO - Element Not found. Only One Available Result
2025-06-26 22:15:38,659 - INFO - Extracting Page Source
2025-06-26 22:15:38,819 - INFO - Searching for KFC near Sarikei, Sarawak:
2025-06-26 22:15:50,377 - INFO - Element Not found. Only One Available Result
2025-06-26 22:15:52,377 - INFO - Extracting Page Source
2025-06-26 22:15:52,536 - INFO - Searching for KFC near Julau, Sarawak:
2025-06-26 22:16:01,092 - INFO - Found. Scrolling search results
2025-06-26 22:16:11,563 - INFO - Searching for KFC near Kanowit, Sarawak:
2025-06-26 22:16:20,975 - INFO - Found. Scrolling search results
2025-06-26 22:16:31,278 - INFO - Searching for KFC near Lanang, Sarawak:
2025-06-26 22:16:39,718 - INFO - Found. Scrolling search results
2025-06-26 22:16:51,173 - INFO - Searching for KFC near Sibu, Sarawak:
2025-06-26 22:17:00,370 - INFO - Found. Scrolling search results
2025-06-26 22:17:10,689 - INFO - Searching for KFC near Mukah, Sarawak:
2025-06-26 22:17:21,874 - INFO - Element Not found. Only One Available Result
2025-06-26 22:17:23,875 - INFO - Extracting Page Source
2025-06-26 22:17:24,004 - INFO - Searching for KFC near Selangau, Sarawak:
2025-06-26 22:17:33,008 - INFO - Found. Scrolling search results
2025-06-26 22:17:47,588 - INFO - Searching for KFC near Kapit, Sarawak:
2025-06-27 15:23:45,562 - INFO - Initializing WebDriver
2025-06-27 15:23:54,291 - INFO - Loading Google Maps
2025-06-27 15:23:58,243 - INFO - Getting input search box
2025-06-27 15:23:59,015 - INFO - Searching for Sarawak:
2025-06-27 15:24:06,668 - INFO - Looking for nearby location button
2025-06-27 15:24:08,858 - INFO - Searching for KFC near Mas Gading, Sarawak:
2025-06-27 15:24:42,740 - INFO - Found. Scrolling search results
2025-06-27 15:24:54,354 - INFO - Searching for KFC near Santubong, Sarawak:
2025-06-27 15:25:07,574 - INFO - Found. Scrolling search results
2025-06-27 15:25:23,256 - INFO - Searching for KFC near Petra Jaya, Sarawak:
2025-06-27 15:25:44,938 - INFO - Found. Scrolling search results
2025-06-27 15:25:55,564 - INFO - Searching for KFC near Bandar Kuching, Sarawak:
2025-06-27 15:26:09,099 - INFO - Element Not found. Only One Available Result
2025-06-27 15:26:11,100 - INFO - Extracting Page Source
2025-06-27 15:26:12,935 - INFO - Searching for KFC near Stampin, Sarawak:
2025-06-27 15:26:29,697 - INFO - Found. Scrolling search results
2025-06-27 15:26:40,819 - INFO - Searching for KFC near Kota Samarahan, Sarawak:
2025-06-27 15:26:50,842 - INFO - Found. Scrolling search results
2025-06-27 15:27:02,510 - INFO - Searching for KFC near Puncak Borneo, Sarawak:
2025-06-27 15:27:16,130 - INFO - Found. Scrolling search results
2025-06-27 15:27:35,733 - INFO - Searching for KFC near Serian, Sarawak:
2025-06-27 15:27:54,423 - INFO - Found. Scrolling search results
2025-06-27 15:28:06,555 - INFO - Searching for KFC near Batang Sadong, Sarawak:
2025-06-27 15:28:19,034 - INFO - Found. Scrolling search results
2025-06-27 15:28:37,707 - INFO - Searching for KFC near Batang Lupar, Sarawak:
2025-06-27 15:28:52,324 - INFO - Element Not found. Only One Available Result
2025-06-27 15:28:54,324 - INFO - Extracting Page Source
2025-06-27 15:28:54,965 - INFO - Searching for KFC near Sri Aman, Sarawak:
2025-06-27 15:29:16,487 - INFO - Element Not found. Only One Available Result
2025-06-27 15:29:18,488 - INFO - Extracting Page Source
2025-06-27 15:29:18,832 - INFO - Searching for KFC near Lubok Antu, Sarawak:
2025-06-27 15:29:34,047 - INFO - Element Not found. Only One Available Result
2025-06-27 15:29:36,047 - INFO - Extracting Page Source
2025-06-27 15:29:36,909 - INFO - Searching for KFC near Betong, Sarawak:
2025-06-27 15:29:49,448 - INFO - Element Not found. Only One Available Result
2025-06-27 15:29:51,448 - INFO - Extracting Page Source
2025-06-27 15:29:52,072 - INFO - Searching for KFC near Saratok, Sarawak:
2025-06-27 15:30:07,391 - INFO - Element Not found. Only One Available Result
2025-06-27 15:30:09,392 - INFO - Extracting Page Source
2025-06-27 15:30:09,650 - INFO - Searching for KFC near Tanjong Manis, Sarawak:
2025-06-27 15:30:23,830 - INFO - Element Not found. Only One Available Result
2025-06-27 15:30:25,831 - INFO - Extracting Page Source
2025-06-27 15:30:26,102 - INFO - Searching for KFC near Igan, Sarawak:
2025-06-27 15:30:38,704 - INFO - Element Not found. Only One Available Result
2025-06-27 15:30:40,704 - INFO - Extracting Page Source
2025-06-27 15:30:41,830 - INFO - Searching for KFC near Sarikei, Sarawak:
2025-06-27 15:30:57,592 - INFO - Element Not found. Only One Available Result
2025-06-27 15:30:59,593 - INFO - Extracting Page Source
2025-06-27 15:30:59,983 - INFO - Searching for KFC near Julau, Sarawak:
2025-06-27 15:31:13,824 - INFO - Element Not found. Only One Available Result
2025-06-27 15:31:15,825 - INFO - Extracting Page Source
2025-06-27 15:31:16,117 - INFO - Searching for KFC near Kanowit, Sarawak:
2025-06-27 15:31:28,842 - INFO - Element Not found. Only One Available Result
2025-06-27 15:31:30,842 - INFO - Extracting Page Source
2025-06-27 15:31:31,072 - INFO - Searching for KFC near Lanang, Sarawak:
2025-06-27 15:31:43,020 - INFO - Element Not found. Only One Available Result
2025-06-27 15:31:45,020 - INFO - Extracting Page Source
2025-06-27 15:31:45,242 - INFO - Searching for KFC near Sibu, Sarawak:
2025-06-27 15:31:53,947 - INFO - Found. Scrolling search results
2025-06-27 15:32:04,351 - INFO - Searching for KFC near Mukah, Sarawak:
2025-06-27 15:32:17,294 - INFO - Element Not found. Only One Available Result
2025-06-27 15:32:19,295 - INFO - Extracting Page Source
2025-06-27 15:32:19,554 - INFO - Searching for KFC near Selangau, Sarawak:
2025-06-27 15:32:29,769 - INFO - Found. Scrolling search results
2025-06-27 15:32:40,090 - INFO - Searching for KFC near Kapit, Sarawak:
2025-06-27 15:32:52,262 - INFO - Element Not found. Only One Available Result
2025-06-27 15:32:54,263 - INFO - Extracting Page Source
2025-06-27 15:32:54,452 - INFO - Searching for KFC near Hulu Rajang, Sarawak:
2025-06-27 15:33:06,978 - INFO - Element Not found. Only One Available Result
2025-06-27 15:33:08,978 - INFO - Extracting Page Source
2025-06-27 15:33:09,177 - INFO - Searching for KFC near Bintulu, Sarawak:
2025-06-27 15:33:18,757 - INFO - Found. Scrolling search results
2025-06-27 15:33:29,241 - INFO - Searching for KFC near Sibuti, Sarawak:
2025-06-27 15:33:37,760 - INFO - Found. Scrolling search results
2025-06-27 15:33:48,143 - INFO - Searching for KFC near Miri, Sarawak:
2025-06-27 15:33:58,153 - INFO - Found. Scrolling search results
2025-06-27 15:34:08,588 - INFO - Searching for KFC near Baram, Sarawak:
2025-06-27 15:34:20,185 - INFO - Found. Scrolling search results
2025-06-27 15:34:31,376 - INFO - Searching for KFC near Limbang, Sarawak:
2025-06-27 15:34:44,785 - INFO - Element Not found. Only One Available Result
2025-06-27 15:34:46,786 - INFO - Extracting Page Source
2025-06-27 15:34:46,965 - INFO - Searching for KFC near Lawas, Sarawak:
2025-06-27 15:34:59,851 - INFO - Element Not found. Only One Available Result
2025-06-27 15:35:01,851 - INFO - Extracting Page Source
2025-06-27 15:35:01,927 - INFO - Populating data into excel
2025-06-27 15:35:01,929 - INFO - Data for KFC near Lawas, Sarawak was loaded into csv
2025-06-27 15:35:01,929 - INFO - Loading Google Maps
2025-06-27 15:35:05,050 - INFO - Getting input search box
2025-06-27 15:35:06,024 - INFO - Searching for Selangor:
2025-06-27 15:35:16,117 - INFO - Looking for nearby location button
2025-06-27 15:35:17,600 - INFO - Searching for KFC near Sabak Bernam, Selangor:
2025-06-27 15:35:30,122 - INFO - Element Not found. Only One Available Result
2025-06-27 15:35:32,122 - INFO - Extracting Page Source
2025-06-27 15:35:32,632 - INFO - Searching for KFC near Sungai Besar, Selangor:
2025-06-27 15:35:46,895 - INFO - Element Not found. Only One Available Result
2025-06-27 15:35:48,896 - INFO - Extracting Page Source
2025-06-27 15:35:49,157 - INFO - Searching for KFC near Hulu Selangor, Selangor:
2025-06-27 15:36:01,456 - INFO - Found. Scrolling search results
2025-06-27 15:36:12,807 - INFO - Searching for KFC near Tanjong Karang, Selangor:
2025-06-27 15:36:26,653 - INFO - Element Not found. Only One Available Result
2025-06-27 15:36:28,653 - INFO - Extracting Page Source
2025-06-27 15:36:28,898 - INFO - Searching for KFC near Kuala Selangor, Selangor:
2025-06-27 15:36:45,390 - INFO - Element Not found. Only One Available Result
2025-06-27 15:36:47,391 - INFO - Extracting Page Source
2025-06-27 15:36:47,623 - INFO - Searching for KFC near Selayang, Selangor:
2025-06-27 15:36:59,201 - INFO - Found. Scrolling search results
2025-06-27 15:37:09,629 - INFO - Searching for KFC near Gombak, Selangor:
2025-06-27 15:37:21,537 - INFO - Found. Scrolling search results
2025-06-27 15:37:31,867 - INFO - Searching for KFC near Ampang, Selangor:
2025-06-27 15:37:42,367 - INFO - Found. Scrolling search results
2025-06-27 15:37:52,659 - INFO - Searching for KFC near Pandan, Selangor:
2025-06-27 15:38:03,201 - INFO - Found. Scrolling search results
2025-06-27 15:38:13,692 - INFO - Searching for KFC near Hulu Langat, Selangor:
2025-06-27 15:38:25,405 - INFO - Found. Scrolling search results
2025-06-27 15:38:35,761 - INFO - Searching for KFC near Bangi, Selangor:
2025-06-27 15:38:46,668 - INFO - Found. Scrolling search results
2025-06-27 15:38:57,000 - INFO - Searching for KFC near Puchong, Selangor:
2025-06-27 15:39:08,410 - INFO - Found. Scrolling search results
2025-06-27 15:39:18,798 - INFO - Searching for KFC near Subang, Selangor:
2025-06-27 15:39:28,217 - INFO - Found. Scrolling search results
2025-06-27 15:39:38,517 - INFO - Searching for KFC near Petaling Jaya, Selangor:
2025-06-27 15:39:51,288 - INFO - Found. Scrolling search results
2025-06-27 15:40:01,619 - INFO - Searching for KFC near Damansara, Selangor:
2025-06-27 15:40:13,245 - INFO - Found. Scrolling search results
2025-06-27 15:40:23,843 - INFO - Searching for KFC near Sungai Buloh, Selangor:
2025-06-27 15:40:33,632 - INFO - Found. Scrolling search results
2025-06-27 15:40:44,015 - INFO - Searching for KFC near Shah Alam, Selangor:
2025-06-27 15:40:55,557 - INFO - Found. Scrolling search results
2025-06-27 15:41:05,863 - INFO - Searching for KFC near Kapar, Selangor:
2025-06-27 15:41:16,760 - INFO - Found. Scrolling search results
2025-06-27 15:41:27,087 - INFO - Searching for KFC near Klang, Selangor:
2025-06-27 15:41:37,333 - INFO - Found. Scrolling search results
2025-06-27 15:41:47,667 - INFO - Searching for KFC near Kota Raja, Selangor:
2025-06-27 15:41:58,885 - INFO - Found. Scrolling search results
2025-06-27 15:42:09,254 - INFO - Searching for KFC near Kuala Langat, Selangor:
2025-06-27 15:42:21,258 - INFO - Found. Scrolling search results
2025-06-27 15:42:31,684 - INFO - Searching for KFC near Sepang, Selangor:
2025-06-27 15:42:42,542 - INFO - Found. Scrolling search results
2025-06-27 15:42:52,782 - INFO - Populating data into excel
2025-06-27 15:42:52,784 - INFO - Data for KFC near Sepang, Selangor was loaded into csv
2025-06-27 15:42:52,785 - INFO - Loading Google Maps
2025-06-27 15:42:56,487 - INFO - Getting input search box
2025-06-27 15:43:04,770 - INFO - Searching for Terengganu:
2025-06-27 15:43:15,378 - INFO - Looking for nearby location button
2025-06-27 15:43:16,791 - INFO - Searching for KFC near Besut, Terengganu:
2025-06-27 15:43:31,217 - INFO - Element Not found. Only One Available Result
2025-06-27 15:43:33,218 - INFO - Extracting Page Source
2025-06-27 15:43:33,423 - INFO - Searching for KFC near Setiu, Terengganu:
2025-06-27 15:43:47,037 - INFO - Element Not found. Only One Available Result
2025-06-27 15:43:49,038 - INFO - Extracting Page Source
2025-06-27 15:43:49,234 - INFO - Searching for KFC near Kuala Nerus, Terengganu:
2025-06-27 15:43:58,571 - INFO - Found. Scrolling search results
2025-06-27 15:44:08,863 - INFO - Searching for KFC near Kuala Terengganu, Terengganu:
2025-06-27 15:44:17,282 - INFO - Found. Scrolling search results
2025-06-27 15:44:27,564 - INFO - Searching for KFC near Marang, Terengganu:
2025-06-27 15:44:38,718 - INFO - Element Not found. Only One Available Result
2025-06-27 15:44:40,719 - INFO - Extracting Page Source
2025-06-27 15:44:40,898 - INFO - Searching for KFC near Hulu Terengganu, Terengganu:
2025-06-27 15:44:50,353 - INFO - Found. Scrolling search results
2025-06-27 15:45:00,660 - INFO - Searching for KFC near Dungun, Terengganu:
2025-06-27 15:45:10,359 - INFO - Found. Scrolling search results
2025-06-27 15:45:20,655 - INFO - Searching for KFC near Kemaman, Terengganu:
2025-06-27 15:45:30,761 - INFO - Found. Scrolling search results
2025-06-27 15:45:40,920 - INFO - Populating data into excel
2025-06-27 15:45:40,922 - INFO - Data for KFC near Kemaman, Terengganu was loaded into csv
2025-06-27 15:45:40,923 - INFO - Loading Google Maps
2025-06-27 15:45:44,658 - INFO - Getting input search box
2025-06-27 15:45:44,925 - INFO - Searching for W.P. Kuala Lumpur:
2025-06-27 15:45:52,701 - INFO - Looking for nearby location button
2025-06-27 15:45:53,998 - INFO - Searching for KFC near Kepong, W.P. Kuala Lumpur:
2025-06-27 15:46:03,576 - INFO - Found. Scrolling search results
2025-06-27 15:46:13,867 - INFO - Searching for KFC near Batu, W.P. Kuala Lumpur:
2025-06-27 15:46:24,377 - INFO - Found. Scrolling search results
2025-06-27 15:46:34,746 - INFO - Searching for KFC near Wangsa Maju, W.P. Kuala Lumpur:
2025-06-27 15:46:45,173 - INFO - Found. Scrolling search results
2025-06-27 15:46:55,477 - INFO - Searching for KFC near Segambut, W.P. Kuala Lumpur:
2025-06-27 15:47:07,176 - INFO - Element Not found. Only One Available Result
2025-06-27 15:47:09,177 - INFO - Extracting Page Source
2025-06-27 15:47:09,366 - INFO - Searching for KFC near Setiawangsa, W.P. Kuala Lumpur:
2025-06-27 15:47:19,440 - INFO - Found. Scrolling search results
2025-06-27 15:47:29,681 - INFO - Searching for KFC near Titiwangsa, W.P. Kuala Lumpur:
2025-06-27 15:47:40,456 - INFO - Found. Scrolling search results
2025-06-27 15:47:50,826 - INFO - Searching for KFC near Bukit Bintang, W.P. Kuala Lumpur:
2025-06-27 15:47:59,698 - INFO - Found. Scrolling search results
2025-06-27 15:48:09,971 - INFO - Searching for KFC near Lembah Pantai, W.P. Kuala Lumpur:
2025-06-27 15:48:20,403 - INFO - Found. Scrolling search results
2025-06-27 15:48:30,745 - INFO - Searching for KFC near Seputeh, W.P. Kuala Lumpur:
2025-06-27 15:48:43,383 - INFO - Found. Scrolling search results
2025-06-27 15:48:55,061 - INFO - Searching for KFC near Cheras, W.P. Kuala Lumpur:
2025-06-27 15:49:09,667 - INFO - Found. Scrolling search results
2025-06-27 15:49:20,034 - INFO - Searching for KFC near Bandar Tun Razak, W.P. Kuala Lumpur:
2025-06-27 15:49:31,648 - INFO - Found. Scrolling search results
2025-06-27 15:49:41,888 - INFO - Populating data into excel
2025-06-27 15:49:41,893 - INFO - Data for KFC near Bandar Tun Razak, W.P. Kuala Lumpur was loaded into csv
2025-06-27 15:49:41,894 - INFO - Loading Google Maps
2025-06-27 15:49:45,557 - INFO - Getting input search box
2025-06-27 15:49:45,825 - INFO - Searching for W.P. Labuan:
2025-06-27 15:49:56,293 - INFO - Looking for nearby location button
2025-06-27 15:49:57,596 - INFO - Searching for KFC near Labuan, W.P. Labuan:
2025-06-27 15:50:07,856 - INFO - Found. Scrolling search results
2025-06-27 15:50:18,359 - INFO - Populating data into excel
2025-06-27 15:50:18,361 - INFO - Data for KFC near Labuan, W.P. Labuan was loaded into csv
2025-06-27 15:50:18,362 - INFO - Loading Google Maps
2025-06-27 15:50:22,644 - INFO - Getting input search box
2025-06-27 15:50:22,818 - INFO - Searching for W.P. Putrajaya:
2025-06-27 15:50:35,786 - INFO - Looking for nearby location button
2025-06-27 15:50:37,335 - INFO - Searching for KFC near Putrajaya, W.P. Putrajaya:
2025-06-27 15:50:49,922 - INFO - Found. Scrolling search results
2025-06-27 15:51:00,094 - INFO - Populating data into excel
2025-06-27 15:51:00,096 - INFO - Data for KFC near Putrajaya, W.P. Putrajaya was loaded into csv
2025-06-27 21:28:21,213 - INFO - Initializing WebDriver
2025-06-27 21:28:25,454 - INFO - Loading Google Maps
2025-06-27 21:28:28,671 - INFO - Getting input search box
2025-06-27 21:28:29,482 - INFO - Searching for Johor:
2025-06-27 21:28:42,609 - INFO - Looking for nearby location button
2025-06-27 21:28:47,557 - INFO - Searching for KFC near Segamat, Johor:
2025-06-27 21:28:59,099 - INFO - Found. Scrolling search results
2025-06-27 21:29:09,609 - INFO - Searching for KFC near Sekijang, Johor:
2025-06-27 21:29:18,339 - INFO - Found. Scrolling search results
2025-06-27 21:29:28,630 - INFO - Searching for KFC near Labis, Johor:
2025-06-27 21:29:39,177 - INFO - Element Not found. Only One Available Result
2025-06-27 21:29:41,178 - INFO - Extracting Page Source
2025-06-27 21:29:41,319 - INFO - Searching for KFC near Pagoh, Johor:
2025-06-27 21:29:48,489 - INFO - Found. Scrolling search results
2025-06-27 21:29:58,662 - INFO - Searching for KFC near Ledang, Johor:
2025-06-27 21:30:09,077 - INFO - Element Not found. Only One Available Result
2025-06-27 21:30:11,079 - INFO - Extracting Page Source
2025-06-27 21:30:11,224 - INFO - Searching for KFC near Bakri, Johor:
2025-06-27 21:30:18,892 - INFO - Found. Scrolling search results
2025-06-27 21:30:29,091 - INFO - Searching for KFC near Muar, Johor:
2025-06-27 21:30:36,491 - INFO - Found. Scrolling search results
2025-06-27 21:30:46,674 - INFO - Searching for KFC near Parit Sulong, Johor:
2025-06-27 21:30:57,110 - INFO - Element Not found. Only One Available Result
2025-06-27 21:30:59,110 - INFO - Extracting Page Source
2025-06-27 21:30:59,230 - INFO - Searching for KFC near Ayer Hitam, Johor:
2025-06-27 21:31:09,703 - INFO - Element Not found. Only One Available Result
2025-06-27 21:31:11,704 - INFO - Extracting Page Source
2025-06-27 21:31:11,896 - INFO - Searching for KFC near Sri Gading, Johor:
2025-06-27 21:31:19,674 - INFO - Found. Scrolling search results
2025-06-27 21:31:31,718 - INFO - Searching for KFC near Batu Pahat, Johor:
2025-06-27 21:31:40,034 - INFO - Found. Scrolling search results
2025-06-27 21:31:50,210 - INFO - Searching for KFC near Simpang Renggam, Johor:
2025-06-27 21:32:00,880 - INFO - Element Not found. Only One Available Result
2025-06-27 21:32:02,881 - INFO - Extracting Page Source
2025-06-27 21:32:03,029 - INFO - Searching for KFC near Kluang, Johor:
2025-06-27 21:32:10,105 - INFO - Found. Scrolling search results
2025-06-27 21:32:20,380 - INFO - Searching for KFC near Sembrong, Johor:
2025-06-27 21:32:28,532 - INFO - Found. Scrolling search results
2025-06-27 21:32:38,774 - INFO - Searching for KFC near Mersing, Johor:
2025-06-27 21:32:46,583 - INFO - Found. Scrolling search results
2025-06-27 21:32:56,779 - INFO - Searching for KFC near Tenggara, Johor:
2025-06-27 20:35:39,860 - INFO - Found. Scrolling search results
2025-06-27 20:35:50,032 - INFO - Searching for KFC near Kota Tinggi, Johor:
2025-06-27 20:35:57,854 - INFO - Found. Scrolling search results
2025-06-27 20:36:08,032 - INFO - Searching for KFC near Pengerang, Johor:
2025-06-27 20:36:16,246 - INFO - Found. Scrolling search results
2025-06-27 20:36:26,459 - INFO - Searching for KFC near Tebrau, Johor:
2025-06-27 20:36:34,662 - INFO - Found. Scrolling search results
2025-06-27 20:36:44,947 - INFO - Searching for KFC near Pasir Gudang, Johor:
2025-06-27 20:36:53,059 - INFO - Found. Scrolling search results
2025-06-27 20:37:03,261 - INFO - Searching for KFC near Johor Bahru, Johor:
2025-06-27 20:37:11,719 - INFO - Found. Scrolling search results
2025-06-27 20:37:21,973 - INFO - Searching for KFC near Pulai, Johor:
2025-06-27 20:37:30,323 - INFO - Found. Scrolling search results
2025-06-27 20:37:40,546 - INFO - Searching for KFC near Iskandar Puteri, Johor:
2025-06-27 20:37:49,207 - INFO - Found. Scrolling search results
2025-06-27 20:37:59,445 - INFO - Searching for KFC near Kulai, Johor:
2025-06-27 20:38:07,714 - INFO - Found. Scrolling search results
2025-06-27 20:38:17,897 - INFO - Searching for KFC near Pontian, Johor:
2025-06-27 20:38:26,195 - INFO - Found. Scrolling search results
2025-06-27 20:38:36,394 - INFO - Searching for KFC near Tanjung Piai, Johor:
2025-06-27 20:38:45,062 - INFO - Found. Scrolling search results
2025-06-27 20:38:55,244 - INFO - Populating data into excel
2025-06-27 20:38:55,246 - INFO - Data for KFC near Tanjung Piai, Johor was loaded into csv
2025-06-27 20:38:55,247 - INFO - Loading Google Maps
2025-06-27 20:38:58,696 - INFO - Getting input search box
2025-06-27 20:38:58,757 - INFO - Searching for Kedah:
2025-06-27 20:39:06,788 - INFO - Looking for nearby location button
2025-06-27 20:39:07,993 - INFO - Searching for KFC near Langkawi, Kedah:
2025-06-27 20:39:16,004 - INFO - Found. Scrolling search results
2025-06-27 20:39:26,185 - INFO - Searching for KFC near Jerlun, Kedah:
2025-06-27 20:39:37,411 - INFO - Element Not found. Only One Available Result
2025-06-27 20:39:39,411 - INFO - Extracting Page Source
2025-06-27 20:39:39,531 - INFO - Searching for KFC near Kubang Pasu, Kedah:
2025-06-27 20:39:48,070 - INFO - Found. Scrolling search results
2025-06-27 20:39:58,985 - INFO - Searching for KFC near Padang Terap, Kedah:
2025-06-27 20:40:06,781 - INFO - Found. Scrolling search results
2025-06-27 20:40:16,988 - INFO - Searching for KFC near Pokok Sena, Kedah:
2025-06-27 20:40:27,176 - INFO - Element Not found. Only One Available Result
2025-06-27 20:40:29,177 - INFO - Extracting Page Source
2025-06-27 20:40:29,330 - INFO - Searching for KFC near Alor Setar, Kedah:
2025-06-27 20:40:36,642 - INFO - Found. Scrolling search results
2025-06-27 20:40:46,829 - INFO - Searching for KFC near Kuala Kedah, Kedah:
2025-06-27 20:40:57,052 - INFO - Element Not found. Only One Available Result
2025-06-27 20:40:59,052 - INFO - Extracting Page Source
2025-06-27 20:40:59,160 - INFO - Searching for KFC near Pendang, Kedah:
2025-06-27 20:41:06,538 - INFO - Found. Scrolling search results
2025-06-27 20:41:16,715 - INFO - Searching for KFC near Jerai, Kedah:
2025-06-27 20:41:24,189 - INFO - Found. Scrolling search results
2025-06-27 20:41:34,421 - INFO - Searching for KFC near Sik, Kedah:
2025-06-27 20:41:45,054 - INFO - Element Not found. Only One Available Result
2025-06-27 20:41:47,054 - INFO - Extracting Page Source
2025-06-27 20:41:47,208 - INFO - Searching for KFC near Merbok, Kedah:
2025-06-27 20:41:55,150 - INFO - Found. Scrolling search results
2025-06-27 20:42:05,369 - INFO - Searching for KFC near Sungai Petani, Kedah:
2025-06-27 20:42:13,600 - INFO - Found. Scrolling search results
2025-06-27 20:42:23,825 - INFO - Searching for KFC near Baling, Kedah:
2025-06-27 20:42:34,751 - INFO - Element Not found. Only One Available Result
2025-06-27 20:42:36,751 - INFO - Extracting Page Source
2025-06-27 20:42:36,932 - INFO - Searching for KFC near Padang Serai, Kedah:
2025-06-27 20:42:47,724 - INFO - Element Not found. Only One Available Result
2025-06-27 20:42:49,725 - INFO - Extracting Page Source
2025-06-27 20:42:49,834 - INFO - Searching for KFC near Kulim-Bandar Baharu, Kedah:
2025-06-27 20:42:57,483 - INFO - Found. Scrolling search results
2025-06-27 20:43:07,600 - INFO - Populating data into excel
2025-06-27 20:43:07,601 - INFO - Data for KFC near Kulim-Bandar Baharu, Kedah was loaded into csv
2025-06-27 20:43:07,601 - INFO - Loading Google Maps
2025-06-27 20:43:11,035 - INFO - Getting input search box
2025-06-27 20:43:11,207 - INFO - Searching for Kelantan:
2025-06-27 20:43:18,718 - INFO - Looking for nearby location button
2025-06-27 20:43:19,949 - INFO - Searching for KFC near Tumpat, Kelantan:
2025-06-27 20:43:30,721 - INFO - Element Not found. Only One Available Result
2025-06-27 20:43:32,722 - INFO - Extracting Page Source
2025-06-27 20:43:32,875 - INFO - Searching for KFC near Pengkalan Chepa, Kelantan:
2025-06-27 20:43:43,715 - INFO - Element Not found. Only One Available Result
2025-06-27 20:43:45,715 - INFO - Extracting Page Source
2025-06-27 20:43:45,834 - INFO - Searching for KFC near Kota Bharu, Kelantan:
2025-06-27 20:43:53,843 - INFO - Found. Scrolling search results
2025-06-27 20:44:04,057 - INFO - Searching for KFC near Pasir Mas, Kelantan:
2025-06-27 20:44:12,234 - INFO - Found. Scrolling search results
2025-06-27 20:44:22,413 - INFO - Searching for KFC near Rantau Panjang, Kelantan:
2025-06-27 20:44:33,429 - INFO - Element Not found. Only One Available Result
2025-06-27 20:44:35,429 - INFO - Extracting Page Source
2025-06-27 20:44:35,544 - INFO - Searching for KFC near Kubang Kerian, Kelantan:
2025-06-27 20:44:46,822 - INFO - Element Not found. Only One Available Result
2025-06-27 20:44:48,823 - INFO - Extracting Page Source
2025-06-27 20:44:48,999 - INFO - Searching for KFC near Bachok, Kelantan:
2025-06-27 20:44:59,481 - INFO - Element Not found. Only One Available Result
2025-06-27 20:45:01,481 - INFO - Extracting Page Source
2025-06-27 20:45:01,598 - INFO - Searching for KFC near Ketereh, Kelantan:
2025-06-27 20:45:12,465 - INFO - Element Not found. Only One Available Result
2025-06-27 20:45:14,465 - INFO - Extracting Page Source
2025-06-27 20:45:14,575 - INFO - Searching for KFC near Tanah Merah, Kelantan:
2025-06-27 20:45:25,651 - INFO - Element Not found. Only One Available Result
2025-06-27 20:45:27,652 - INFO - Extracting Page Source
2025-06-27 20:45:27,772 - INFO - Searching for KFC near Pasir Puteh, Kelantan:
2025-06-27 20:45:38,916 - INFO - Element Not found. Only One Available Result
2025-06-27 20:45:40,917 - INFO - Extracting Page Source
2025-06-27 20:45:41,053 - INFO - Searching for KFC near Machang, Kelantan:
2025-06-27 20:45:49,453 - INFO - Found. Scrolling search results
2025-06-27 20:45:59,620 - INFO - Searching for KFC near Jeli, Kelantan:
2025-06-27 20:46:10,660 - INFO - Element Not found. Only One Available Result
2025-06-27 20:46:12,660 - INFO - Extracting Page Source
2025-06-27 20:46:12,780 - INFO - Searching for KFC near Kuala Krai, Kelantan:
2025-06-27 20:46:21,476 - INFO - Found. Scrolling search results
2025-06-27 20:46:31,654 - INFO - Searching for KFC near Gua Musang, Kelantan:
2025-06-27 20:46:43,635 - INFO - Element Not found. Only One Available Result
2025-06-27 20:46:45,635 - INFO - Extracting Page Source
2025-06-27 20:46:45,701 - INFO - Populating data into excel
2025-06-27 20:46:45,702 - INFO - Data for KFC near Gua Musang, Kelantan was loaded into csv
2025-06-27 20:46:45,703 - INFO - Loading Google Maps
2025-06-27 20:46:49,226 - INFO - Getting input search box
2025-06-27 20:46:49,286 - INFO - Searching for Melaka:
2025-06-27 20:46:57,658 - INFO - Looking for nearby location button
2025-06-27 20:46:58,883 - INFO - Searching for KFC near Masjid Tanah, Melaka:
2025-06-27 20:47:10,221 - INFO - Element Not found. Only One Available Result
2025-06-27 20:47:12,222 - INFO - Extracting Page Source
2025-06-27 20:47:12,379 - INFO - Searching for KFC near Alor Gajah, Melaka:
2025-06-27 20:47:24,217 - INFO - Element Not found. Only One Available Result
2025-06-27 20:47:26,218 - INFO - Extracting Page Source
2025-06-27 20:47:26,369 - INFO - Searching for KFC near Tangga Batu, Melaka:
2025-06-27 20:47:34,083 - INFO - Found. Scrolling search results
2025-06-27 20:47:44,308 - INFO - Searching for KFC near Hang Tuah Jaya, Melaka:
2025-06-27 20:47:52,698 - INFO - Found. Scrolling search results
2025-06-27 20:48:03,081 - INFO - Searching for KFC near Kota Melaka, Melaka:
2025-06-27 20:48:11,759 - INFO - Found. Scrolling search results
2025-06-27 20:48:22,033 - INFO - Searching for KFC near Jasin, Melaka:
2025-06-27 20:48:30,442 - INFO - Found. Scrolling search results
2025-06-27 20:48:40,556 - INFO - Populating data into excel
2025-06-27 20:48:40,557 - INFO - Data for KFC near Jasin, Melaka was loaded into csv
2025-06-27 20:48:40,557 - INFO - Loading Google Maps
2025-06-27 20:48:43,960 - INFO - Getting input search box
2025-06-27 20:48:44,034 - INFO - Searching for Negeri Sembilan:
2025-06-27 20:48:51,990 - INFO - Looking for nearby location button
2025-06-27 20:48:53,176 - INFO - Searching for KFC near Jelebu, Negeri Sembilan:
2025-06-27 20:49:04,746 - INFO - Element Not found. Only One Available Result
2025-06-27 20:49:06,746 - INFO - Extracting Page Source
2025-06-27 20:49:06,872 - INFO - Searching for KFC near Jempol, Negeri Sembilan:
2025-06-27 20:49:13,951 - INFO - Found. Scrolling search results
2025-06-27 20:49:24,133 - INFO - Searching for KFC near Seremban, Negeri Sembilan:
2025-06-27 20:49:32,253 - INFO - Found. Scrolling search results
2025-06-27 20:49:42,468 - INFO - Searching for KFC near Kuala Pilah, Negeri Sembilan:
2025-06-27 20:49:53,000 - INFO - Element Not found. Only One Available Result
2025-06-27 20:49:55,000 - INFO - Extracting Page Source
2025-06-27 20:49:55,126 - INFO - Searching for KFC near Rasah, Negeri Sembilan:
2025-06-27 20:50:02,177 - INFO - Found. Scrolling search results
2025-06-27 20:50:12,364 - INFO - Searching for KFC near Rembau, Negeri Sembilan:
2025-06-27 20:50:23,133 - INFO - Element Not found. Only One Available Result
2025-06-27 20:50:25,133 - INFO - Extracting Page Source
2025-06-27 20:50:25,252 - INFO - Searching for KFC near Port Dickson, Negeri Sembilan:
2025-06-27 20:50:33,257 - INFO - Found. Scrolling search results
2025-06-27 20:50:43,440 - INFO - Searching for KFC near Tampin, Negeri Sembilan:
2025-06-27 20:50:53,677 - INFO - Element Not found. Only One Available Result
2025-06-27 20:50:55,677 - INFO - Extracting Page Source
2025-06-27 20:50:55,727 - INFO - Populating data into excel
2025-06-27 20:50:55,729 - INFO - Data for KFC near Tampin, Negeri Sembilan was loaded into csv
2025-06-27 20:50:55,729 - INFO - Loading Google Maps
2025-06-27 20:50:59,251 - INFO - Getting input search box
2025-06-27 20:50:59,317 - INFO - Searching for Pahang:
2025-06-27 20:51:06,927 - INFO - Looking for nearby location button
2025-06-27 20:51:08,149 - INFO - Searching for KFC near Cameron Highlands, Pahang:
2025-06-27 20:51:19,013 - INFO - Element Not found. Only One Available Result
2025-06-27 20:51:21,014 - INFO - Extracting Page Source
2025-06-27 20:51:21,142 - INFO - Searching for KFC near Lipis, Pahang:
2025-06-27 20:51:32,218 - INFO - Element Not found. Only One Available Result
2025-06-27 20:51:34,219 - INFO - Extracting Page Source
2025-06-27 20:51:34,379 - INFO - Searching for KFC near Raub, Pahang:
2025-06-27 20:51:42,071 - INFO - Found. Scrolling search results
2025-06-27 20:51:52,309 - INFO - Searching for KFC near Jerantut, Pahang:
2025-06-27 20:52:03,445 - INFO - Element Not found. Only One Available Result
2025-06-27 20:52:05,446 - INFO - Extracting Page Source
2025-06-27 20:52:05,573 - INFO - Searching for KFC near Indera Mahkota, Pahang:
2025-06-27 20:52:13,723 - INFO - Found. Scrolling search results
2025-06-27 20:52:23,888 - INFO - Searching for KFC near Kuantan, Pahang:
2025-06-27 20:52:32,382 - INFO - Found. Scrolling search results
2025-06-27 20:52:42,614 - INFO - Searching for KFC near Paya Besar, Pahang:
2025-06-27 20:52:51,162 - INFO - Found. Scrolling search results
2025-06-27 20:53:02,119 - INFO - Searching for KFC near Pekan, Pahang:
2025-06-27 20:53:10,053 - INFO - Found. Scrolling search results
2025-06-27 20:53:20,230 - INFO - Searching for KFC near Maran, Pahang:
2025-06-27 20:53:31,414 - INFO - Element Not found. Only One Available Result
2025-06-27 20:53:33,415 - INFO - Extracting Page Source
2025-06-27 20:53:33,523 - INFO - Searching for KFC near Kuala Krau, Pahang:
2025-06-27 20:53:41,805 - INFO - Found. Scrolling search results
2025-06-27 20:53:52,038 - INFO - Searching for KFC near Temerloh, Pahang:
2025-06-27 20:54:00,056 - INFO - Found. Scrolling search results
2025-06-27 20:54:10,424 - INFO - Searching for KFC near Bentong, Pahang:
2025-06-27 20:54:18,544 - INFO - Found. Scrolling search results
2025-06-27 20:54:28,725 - INFO - Searching for KFC near Bera, Pahang:
2025-06-27 20:54:40,086 - INFO - Element Not found. Only One Available Result
2025-06-27 20:54:42,087 - INFO - Extracting Page Source
2025-06-27 20:54:42,206 - INFO - Searching for KFC near Rompin, Pahang:
2025-06-27 20:54:53,422 - INFO - Element Not found. Only One Available Result
2025-06-27 20:54:55,422 - INFO - Extracting Page Source
2025-06-27 20:54:55,482 - INFO - Populating data into excel
2025-06-27 20:54:55,484 - INFO - Data for KFC near Rompin, Pahang was loaded into csv
2025-06-27 20:54:55,484 - INFO - Loading Google Maps
2025-06-27 20:55:00,058 - INFO - Getting input search box
2025-06-27 20:55:00,117 - INFO - Searching for Perak:
2025-06-27 20:55:07,610 - INFO - Looking for nearby location button
2025-06-27 20:55:08,804 - INFO - Searching for KFC near Gerik, Perak:
2025-06-27 20:55:19,756 - INFO - Element Not found. Only One Available Result
2025-06-27 20:55:21,756 - INFO - Extracting Page Source
2025-06-27 20:55:21,877 - INFO - Searching for KFC near Lenggong, Perak:
2025-06-27 20:55:29,990 - INFO - Found. Scrolling search results
2025-06-27 20:55:40,249 - INFO - Searching for KFC near Larut, Perak:
2025-06-27 20:55:48,625 - INFO - Found. Scrolling search results
2025-06-27 20:55:58,885 - INFO - Searching for KFC near Parit Buntar, Perak:
2025-06-27 20:56:06,893 - INFO - Found. Scrolling search results
2025-06-27 20:56:17,132 - INFO - Searching for KFC near Bagan Serai, Perak:
2025-06-27 20:56:28,167 - INFO - Element Not found. Only One Available Result
2025-06-27 20:56:30,167 - INFO - Extracting Page Source
2025-06-27 20:56:30,307 - INFO - Searching for KFC near Bukit Gantang, Perak:
2025-06-27 20:56:38,943 - INFO - Found. Scrolling search results
2025-06-27 20:56:49,169 - INFO - Searching for KFC near Taiping, Perak:
2025-06-27 20:56:57,989 - INFO - Found. Scrolling search results
2025-06-27 20:57:08,180 - INFO - Searching for KFC near Padang Rengas, Perak:
2025-06-27 20:57:16,664 - INFO - Found. Scrolling search results
2025-06-27 20:57:26,877 - INFO - Searching for KFC near Sungai Siput, Perak:
2025-06-27 20:57:38,070 - INFO - Element Not found. Only One Available Result
2025-06-27 20:57:40,070 - INFO - Extracting Page Source
2025-06-27 20:57:40,186 - INFO - Searching for KFC near Tambun, Perak:
2025-06-27 20:57:51,765 - INFO - Element Not found. Only One Available Result
2025-06-27 20:57:53,765 - INFO - Extracting Page Source
2025-06-27 20:57:53,907 - INFO - Searching for KFC near Ipoh Timor, Perak:
2025-06-27 20:58:01,734 - INFO - Found. Scrolling search results
2025-06-27 20:58:12,084 - INFO - Searching for KFC near Ipoh Barat, Perak:
2025-06-27 20:58:20,865 - INFO - Found. Scrolling search results
2025-06-27 20:58:31,139 - INFO - Searching for KFC near Batu Gajah, Perak:
2025-06-27 20:58:42,490 - INFO - Element Not found. Only One Available Result
2025-06-27 20:58:44,490 - INFO - Extracting Page Source
2025-06-27 20:58:44,613 - INFO - Searching for KFC near Kuala Kangsar, Perak:
2025-06-27 20:58:53,598 - INFO - Found. Scrolling search results
2025-06-27 20:59:03,782 - INFO - Searching for KFC near Beruas, Perak:
2025-06-27 20:59:12,561 - INFO - Found. Scrolling search results
2025-06-27 20:59:22,786 - INFO - Searching for KFC near Parit, Perak:
2025-06-27 20:59:31,741 - INFO - Found. Scrolling search results
2025-06-27 20:59:42,093 - INFO - Searching for KFC near Kampar, Perak:
2025-06-27 20:59:51,632 - INFO - Found. Scrolling search results
2025-06-27 21:00:01,827 - INFO - Searching for KFC near Gopeng, Perak:
2025-06-27 21:00:10,556 - INFO - Found. Scrolling search results
2025-06-27 21:00:20,753 - INFO - Searching for KFC near Tapah, Perak:
2025-06-27 21:00:29,694 - INFO - Found. Scrolling search results
2025-06-27 21:00:39,873 - INFO - Searching for KFC near Pasir Salak, Perak:
2025-06-27 21:00:49,817 - INFO - Found. Scrolling search results
2025-06-27 21:01:00,069 - INFO - Searching for KFC near Lumut, Perak:
2025-06-27 21:01:11,700 - INFO - Element Not found. Only One Available Result
2025-06-27 21:01:13,701 - INFO - Extracting Page Source
2025-06-27 21:01:13,822 - INFO - Searching for KFC near Bagan Datuk, Perak:
2025-06-27 21:01:22,750 - INFO - Found. Scrolling search results
2025-06-27 21:01:32,938 - INFO - Searching for KFC near Teluk Intan, Perak:
2025-06-27 21:01:40,456 - INFO - Found. Scrolling search results
2025-06-27 21:01:50,666 - INFO - Searching for KFC near Tanjong Malim, Perak:
2025-06-27 21:01:59,645 - INFO - Found. Scrolling search results
2025-06-27 21:02:09,759 - INFO - Populating data into excel
2025-06-27 21:02:09,760 - INFO - Data for KFC near Tanjong Malim, Perak was loaded into csv
2025-06-27 21:02:09,760 - INFO - Loading Google Maps
2025-06-27 21:02:13,171 - INFO - Getting input search box
2025-06-27 21:02:13,327 - INFO - Searching for Perlis:
2025-06-27 21:02:21,594 - INFO - Looking for nearby location button
2025-06-27 21:02:22,787 - INFO - Searching for KFC near Padang Besar, Perlis:
2025-06-27 21:02:34,571 - INFO - Element Not found. Only One Available Result
2025-06-27 21:02:36,573 - INFO - Extracting Page Source
2025-06-27 21:02:36,718 - INFO - Searching for KFC near Kangar, Perlis:
2025-06-27 21:02:44,844 - INFO - Found. Scrolling search results
2025-06-27 21:02:55,032 - INFO - Searching for KFC near Arau, Perlis:
2025-06-27 21:03:06,399 - INFO - Element Not found. Only One Available Result
2025-06-27 21:03:08,399 - INFO - Extracting Page Source
2025-06-27 21:03:08,451 - INFO - Populating data into excel
2025-06-27 21:03:08,452 - INFO - Data for KFC near Arau, Perlis was loaded into csv
2025-06-27 21:03:08,452 - INFO - Loading Google Maps
2025-06-27 21:03:11,934 - INFO - Getting input search box
2025-06-27 21:03:13,617 - INFO - Searching for Pulau Pinang:
2025-06-27 21:03:21,125 - INFO - Looking for nearby location button
2025-06-27 21:03:22,320 - INFO - Searching for KFC near Kepala Batas, Pulau Pinang:
2025-06-27 21:03:29,707 - INFO - Found. Scrolling search results
2025-06-27 21:03:39,897 - INFO - Searching for KFC near Tasek Gelugor, Pulau Pinang:
2025-06-27 21:03:47,696 - INFO - Found. Scrolling search results
2025-06-27 21:03:57,941 - INFO - Searching for KFC near Bagan, Pulau Pinang:
2025-06-27 21:04:05,623 - INFO - Found. Scrolling search results
2025-06-27 21:04:15,856 - INFO - Searching for KFC near Permatang Pauh, Pulau Pinang:
2025-06-27 21:04:24,161 - INFO - Found. Scrolling search results
2025-06-27 21:04:34,357 - INFO - Searching for KFC near Bukit Mertajam, Pulau Pinang:
2025-06-27 21:04:42,416 - INFO - Found. Scrolling search results
2025-06-27 21:04:52,607 - INFO - Searching for KFC near Batu Kawan, Pulau Pinang:
2025-06-27 21:05:00,686 - INFO - Found. Scrolling search results
2025-06-27 21:05:10,872 - INFO - Searching for KFC near Nibong Tebal, Pulau Pinang:
2025-06-27 21:05:21,911 - INFO - Element Not found. Only One Available Result
2025-06-27 21:05:23,913 - INFO - Extracting Page Source
2025-06-27 21:05:24,038 - INFO - Searching for KFC near Bukit Bendera, Pulau Pinang:
2025-06-27 21:05:31,340 - INFO - Found. Scrolling search results
2025-06-27 21:05:41,566 - INFO - Searching for KFC near Tanjong, Pulau Pinang:
2025-06-27 21:05:49,554 - INFO - Found. Scrolling search results
2025-06-27 21:05:59,747 - INFO - Searching for KFC near Jelutong, Pulau Pinang:
2025-06-27 21:06:07,708 - INFO - Found. Scrolling search results
2025-06-27 21:06:17,947 - INFO - Searching for KFC near Bukit Gelugor, Pulau Pinang:
2025-06-27 21:06:26,041 - INFO - Found. Scrolling search results
2025-06-27 21:06:36,246 - INFO - Searching for KFC near Bayan Baru, Pulau Pinang:
2025-06-27 21:06:44,395 - INFO - Found. Scrolling search results
2025-06-27 21:06:54,622 - INFO - Searching for KFC near Balik Pulau, Pulau Pinang:
2025-06-27 21:07:02,681 - INFO - Found. Scrolling search results
2025-06-27 21:07:12,792 - INFO - Populating data into excel
2025-06-27 21:07:12,794 - INFO - Data for KFC near Balik Pulau, Pulau Pinang was loaded into csv
2025-06-27 21:07:12,794 - INFO - Loading Google Maps
2025-06-27 21:07:16,202 - INFO - Getting input search box
2025-06-27 21:07:16,274 - INFO - Searching for Sabah:
2025-06-27 21:07:24,044 - INFO - Looking for nearby location button
2025-06-27 21:07:25,272 - INFO - Searching for KFC near Kudat, Sabah:
2025-06-27 21:07:36,090 - INFO - Element Not found. Only One Available Result
2025-06-27 21:07:38,091 - INFO - Extracting Page Source
2025-06-27 21:07:38,209 - INFO - Searching for KFC near Kota Marudu, Sabah:
2025-06-27 21:07:46,278 - INFO - Found. Scrolling search results
2025-06-27 21:07:56,460 - INFO - Searching for KFC near Kota Belud, Sabah:
2025-06-27 21:08:07,712 - INFO - Element Not found. Only One Available Result
2025-06-27 21:08:09,712 - INFO - Extracting Page Source
2025-06-27 21:08:09,882 - INFO - Searching for KFC near Tuaran, Sabah:
2025-06-27 21:08:19,797 - INFO - Found. Scrolling search results
2025-06-27 21:08:30,009 - INFO - Searching for KFC near Sepanggar, Sabah:
2025-06-27 21:08:43,211 - INFO - Element Not found. Only One Available Result
2025-06-27 21:08:45,212 - INFO - Extracting Page Source
2025-06-27 21:08:45,379 - INFO - Searching for KFC near Kota Kinabalu, Sabah:
2025-06-27 21:08:54,279 - INFO - Found. Scrolling search results
2025-06-27 21:09:04,494 - INFO - Searching for KFC near Putatan, Sabah:
2025-06-27 21:09:15,679 - INFO - Element Not found. Only One Available Result
2025-06-27 21:09:17,680 - INFO - Extracting Page Source
2025-06-27 21:09:17,791 - INFO - Searching for KFC near Penampang, Sabah:
2025-06-27 21:09:25,989 - INFO - Found. Scrolling search results
2025-06-27 21:09:37,372 - INFO - Searching for KFC near Papar, Sabah:
2025-06-27 21:09:45,626 - INFO - Found. Scrolling search results
2025-06-27 21:09:55,798 - INFO - Searching for KFC near Kimanis, Sabah:
2025-06-27 21:10:04,676 - INFO - Found. Scrolling search results
2025-06-27 21:10:14,876 - INFO - Searching for KFC near Beaufort, Sabah:
2025-06-27 21:10:27,612 - INFO - Element Not found. Only One Available Result
2025-06-27 21:10:29,612 - INFO - Extracting Page Source
2025-06-27 21:10:29,805 - INFO - Searching for KFC near Sipitang, Sabah:
2025-06-27 21:10:41,207 - INFO - Element Not found. Only One Available Result
2025-06-27 21:10:43,207 - INFO - Extracting Page Source
2025-06-27 21:10:43,353 - INFO - Searching for KFC near Ranau, Sabah:
2025-06-27 21:10:54,569 - INFO - Element Not found. Only One Available Result
2025-06-27 21:10:56,570 - INFO - Extracting Page Source
2025-06-27 21:10:56,694 - INFO - Searching for KFC near Keningau, Sabah:
2025-06-27 21:11:08,655 - INFO - Element Not found. Only One Available Result
2025-06-27 21:11:10,656 - INFO - Extracting Page Source
2025-06-27 21:11:10,782 - INFO - Searching for KFC near Tenom, Sabah:
2025-06-27 21:11:20,937 - INFO - Element Not found. Only One Available Result
2025-06-27 21:11:22,938 - INFO - Extracting Page Source
2025-06-27 21:11:23,090 - INFO - Searching for KFC near Pensiangan, Sabah:
2025-06-27 21:11:34,727 - INFO - Element Not found. Only One Available Result
2025-06-27 21:11:36,728 - INFO - Extracting Page Source
2025-06-27 21:11:36,882 - INFO - Searching for KFC near Beluran, Sabah:
2025-06-27 21:11:48,489 - INFO - Element Not found. Only One Available Result
2025-06-27 21:11:50,489 - INFO - Extracting Page Source
2025-06-27 21:11:50,632 - INFO - Searching for KFC near Libaran, Sabah:
2025-06-27 21:12:01,852 - INFO - Element Not found. Only One Available Result
2025-06-27 21:12:03,852 - INFO - Extracting Page Source
2025-06-27 21:12:03,967 - INFO - Searching for KFC near Batu Sapi, Sabah:
2025-06-27 21:12:14,929 - INFO - Found. Scrolling search results
2025-06-27 21:12:25,416 - INFO - Searching for KFC near Sandakan, Sabah:
2025-06-27 21:12:36,669 - INFO - Found. Scrolling search results
2025-06-27 21:12:46,889 - INFO - Searching for KFC near Kinabatangan, Sabah:
2025-06-27 21:12:58,553 - INFO - Element Not found. Only One Available Result
2025-06-27 21:13:00,554 - INFO - Extracting Page Source
2025-06-27 21:13:00,941 - INFO - Searching for KFC near Lahad Datu, Sabah:
2025-06-27 21:13:10,456 - INFO - Found. Scrolling search results
2025-06-27 21:13:20,836 - INFO - Searching for KFC near Semporna, Sabah:
2025-06-27 21:13:32,005 - INFO - Found. Scrolling search results
2025-06-27 21:13:42,180 - INFO - Searching for KFC near Tawau, Sabah:
2025-06-27 21:13:51,223 - INFO - Found. Scrolling search results
2025-06-27 21:14:01,413 - INFO - Searching for KFC near Kalabakan, Sabah:
2025-06-27 21:14:10,449 - INFO - Found. Scrolling search results
2025-06-27 21:14:20,603 - INFO - Populating data into excel
2025-06-27 21:14:20,606 - INFO - Data for KFC near Kalabakan, Sabah was loaded into csv
2025-06-27 21:14:20,606 - INFO - Loading Google Maps
2025-06-27 21:14:24,037 - INFO - Getting input search box
2025-06-27 21:14:24,168 - INFO - Searching for Sarawak:
2025-06-27 21:14:34,728 - INFO - Looking for nearby location button
2025-06-27 21:14:35,927 - INFO - Searching for KFC near Mas Gading, Sarawak:
2025-06-27 21:14:46,417 - INFO - Found. Scrolling search results
2025-06-27 21:14:56,685 - INFO - Searching for KFC near Santubong, Sarawak:
2025-06-27 21:15:05,393 - INFO - Found. Scrolling search results
2025-06-27 21:15:15,624 - INFO - Searching for KFC near Petra Jaya, Sarawak:
2025-06-27 21:15:24,165 - INFO - Found. Scrolling search results
2025-06-27 21:15:34,366 - INFO - Searching for KFC near Bandar Kuching, Sarawak:
2025-06-27 21:15:43,236 - INFO - Found. Scrolling search results
2025-06-27 21:15:53,480 - INFO - Searching for KFC near Stampin, Sarawak:
2025-06-27 21:16:02,264 - INFO - Found. Scrolling search results
2025-06-27 21:16:12,472 - INFO - Searching for KFC near Kota Samarahan, Sarawak:
2025-06-27 21:16:21,238 - INFO - Found. Scrolling search results
2025-06-27 21:16:31,482 - INFO - Searching for KFC near Puncak Borneo, Sarawak:
2025-06-27 21:16:41,862 - INFO - Found. Scrolling search results
2025-06-27 21:16:52,386 - INFO - Searching for KFC near Serian, Sarawak:
2025-06-27 21:17:01,057 - INFO - Found. Scrolling search results
2025-06-27 21:17:11,258 - INFO - Searching for KFC near Batang Sadong, Sarawak:
2025-06-27 21:17:20,437 - INFO - Found. Scrolling search results
2025-06-27 21:17:35,879 - INFO - Searching for KFC near Batang Lupar, Sarawak:
2025-06-27 21:17:44,480 - INFO - Found. Scrolling search results
2025-06-27 21:18:00,402 - INFO - Searching for KFC near Sri Aman, Sarawak:
2025-06-27 21:18:12,287 - INFO - Element Not found. Only One Available Result
2025-06-27 21:18:14,287 - INFO - Extracting Page Source
2025-06-27 21:18:14,449 - INFO - Searching for KFC near Lubok Antu, Sarawak:
2025-06-27 21:18:22,957 - INFO - Found. Scrolling search results
2025-06-27 21:18:33,179 - INFO - Searching for KFC near Betong, Sarawak:
2025-06-27 21:18:44,935 - INFO - Element Not found. Only One Available Result
2025-06-27 21:18:46,935 - INFO - Extracting Page Source
2025-06-27 21:18:47,089 - INFO - Searching for KFC near Saratok, Sarawak:
2025-06-27 21:18:58,198 - INFO - Element Not found. Only One Available Result
2025-06-27 21:19:00,199 - INFO - Extracting Page Source
2025-06-27 21:19:00,304 - INFO - Searching for KFC near Tanjong Manis, Sarawak:
2025-06-27 21:19:08,667 - INFO - Found. Scrolling search results
2025-06-27 21:19:19,145 - INFO - Searching for KFC near Igan, Sarawak:
2025-06-27 21:19:27,619 - INFO - Found. Scrolling search results
2025-06-27 21:19:37,827 - INFO - Searching for KFC near Sarikei, Sarawak:
2025-06-27 21:19:49,387 - INFO - Element Not found. Only One Available Result
2025-06-27 21:19:51,387 - INFO - Extracting Page Source
2025-06-27 21:19:51,505 - INFO - Searching for KFC near Julau, Sarawak:
2025-06-27 21:20:00,072 - INFO - Found. Scrolling search results
2025-06-27 21:20:10,263 - INFO - Searching for KFC near Kanowit, Sarawak:
2025-06-27 21:20:17,547 - INFO - Found. Scrolling search results
2025-06-27 21:20:27,773 - INFO - Searching for KFC near Lanang, Sarawak:
2025-06-27 21:20:37,129 - INFO - Found. Scrolling search results
2025-06-27 21:20:47,360 - INFO - Searching for KFC near Sibu, Sarawak:
2025-06-27 21:20:56,149 - INFO - Found. Scrolling search results
2025-06-27 21:21:06,983 - INFO - Searching for KFC near Mukah, Sarawak:
2025-06-27 21:21:19,580 - INFO - Element Not found. Only One Available Result
2025-06-27 21:21:21,593 - INFO - Extracting Page Source
2025-06-27 21:21:22,854 - INFO - Searching for KFC near Selangau, Sarawak:
2025-06-27 21:21:31,203 - INFO - Found. Scrolling search results
2025-06-27 21:21:41,556 - INFO - Searching for KFC near Kapit, Sarawak:
2025-06-27 21:21:52,843 - INFO - Element Not found. Only One Available Result
2025-06-27 21:21:54,844 - INFO - Extracting Page Source
2025-06-27 21:21:54,972 - INFO - Searching for KFC near Hulu Rajang, Sarawak:
2025-06-27 21:22:06,404 - INFO - Element Not found. Only One Available Result
2025-06-27 21:22:08,404 - INFO - Extracting Page Source
2025-06-27 21:22:08,560 - INFO - Searching for KFC near Bintulu, Sarawak:
2025-06-27 21:22:17,207 - INFO - Found. Scrolling search results
2025-06-27 21:22:27,512 - INFO - Searching for KFC near Sibuti, Sarawak:
2025-06-27 21:22:37,101 - INFO - Found. Scrolling search results
2025-06-27 21:22:52,789 - INFO - Searching for KFC near Miri, Sarawak:
2025-06-27 21:23:01,832 - INFO - Found. Scrolling search results
2025-06-27 21:23:12,069 - INFO - Searching for KFC near Baram, Sarawak:
2025-06-27 21:23:20,623 - INFO - Found. Scrolling search results
2025-06-27 21:23:31,388 - INFO - Searching for KFC near Limbang, Sarawak:
2025-06-27 21:23:43,116 - INFO - Element Not found. Only One Available Result
2025-06-27 21:23:45,117 - INFO - Extracting Page Source
2025-06-27 21:23:45,253 - INFO - Searching for KFC near Lawas, Sarawak:
2025-06-27 21:23:57,478 - INFO - Element Not found. Only One Available Result
2025-06-27 21:23:59,478 - INFO - Extracting Page Source
2025-06-27 21:23:59,525 - INFO - Populating data into excel
2025-06-27 21:23:59,527 - INFO - Data for KFC near Lawas, Sarawak was loaded into csv
2025-06-27 21:23:59,527 - INFO - Loading Google Maps
2025-06-27 21:24:02,990 - INFO - Getting input search box
2025-06-27 21:24:03,340 - INFO - Searching for Selangor:
2025-06-27 21:24:11,967 - INFO - Looking for nearby location button
2025-06-27 21:24:13,191 - INFO - Searching for KFC near Sabak Bernam, Selangor:
2025-06-27 21:24:26,010 - INFO - Element Not found. Only One Available Result
2025-06-27 21:24:28,010 - INFO - Extracting Page Source
2025-06-27 21:24:28,122 - INFO - Searching for KFC near Sungai Besar, Selangor:
2025-06-27 21:24:39,153 - INFO - Element Not found. Only One Available Result
2025-06-27 21:24:41,154 - INFO - Extracting Page Source
2025-06-27 21:24:41,266 - INFO - Searching for KFC near Hulu Selangor, Selangor:
2025-06-27 21:24:48,915 - INFO - Found. Scrolling search results
2025-06-27 21:25:55,962 - INFO - Searching for KFC near Tanjong Karang, Selangor:
2025-06-27 21:26:05,854 - INFO - Element Not found. Only One Available Result
2025-06-27 21:26:07,854 - INFO - Extracting Page Source
2025-06-27 21:26:07,960 - INFO - Searching for KFC near Kuala Selangor, Selangor:
2025-06-27 21:26:15,232 - INFO - Found. Scrolling search results
2025-06-27 21:26:25,393 - INFO - Searching for KFC near Selayang, Selangor:
2025-06-27 21:26:32,640 - INFO - Found. Scrolling search results
2025-06-27 21:26:42,840 - INFO - Searching for KFC near Gombak, Selangor:
2025-06-27 21:26:49,976 - INFO - Found. Scrolling search results
2025-06-27 21:27:00,162 - INFO - Searching for KFC near Ampang, Selangor:
2025-06-27 21:27:07,549 - INFO - Found. Scrolling search results
2025-06-27 21:27:33,278 - INFO - Searching for KFC near Pandan, Selangor:
2025-06-27 21:27:40,784 - INFO - Found. Scrolling search results
2025-06-27 21:28:27,204 - INFO - Searching for KFC near Hulu Langat, Selangor:
2025-06-27 21:28:34,715 - INFO - Found. Scrolling search results
2025-06-27 21:28:50,111 - INFO - Searching for KFC near Bangi, Selangor:
2025-06-27 21:28:57,382 - INFO - Found. Scrolling search results
2025-06-27 21:29:07,609 - INFO - Searching for KFC near Puchong, Selangor:
2025-06-27 21:29:15,013 - INFO - Found. Scrolling search results
2025-06-27 21:29:25,350 - INFO - Searching for KFC near Subang, Selangor:
2025-06-27 21:29:32,932 - INFO - Found. Scrolling search results
2025-06-27 21:29:48,349 - INFO - Searching for KFC near Petaling Jaya, Selangor:
2025-06-27 21:29:55,983 - INFO - Found. Scrolling search results
2025-06-27 21:30:16,833 - INFO - Searching for KFC near Damansara, Selangor:
2025-06-27 21:30:24,015 - INFO - Found. Scrolling search results
2025-06-27 21:30:54,976 - INFO - Searching for KFC near Sungai Buloh, Selangor:
2025-06-27 21:31:02,552 - INFO - Found. Scrolling search results
2025-06-27 21:31:18,048 - INFO - Searching for KFC near Shah Alam, Selangor:
2025-06-27 21:31:25,538 - INFO - Found. Scrolling search results
2025-06-27 21:31:46,165 - INFO - Searching for KFC near Kapar, Selangor:
2025-06-27 21:31:56,794 - INFO - Element Not found. Only One Available Result
2025-06-27 21:31:58,795 - INFO - Extracting Page Source
2025-06-27 21:31:58,933 - INFO - Searching for KFC near Klang, Selangor:
2025-06-27 21:32:06,445 - INFO - Found. Scrolling search results
2025-06-27 21:32:16,659 - INFO - Searching for KFC near Kota Raja, Selangor:
2025-06-27 21:32:24,233 - INFO - Found. Scrolling search results
2025-06-27 21:32:34,429 - INFO - Searching for KFC near Kuala Langat, Selangor:
2025-06-27 21:32:42,127 - INFO - Found. Scrolling search results
2025-06-27 21:32:52,334 - INFO - Searching for KFC near Sepang, Selangor:
2025-06-27 21:32:59,900 - INFO - Found. Scrolling search results
2025-06-27 21:33:10,038 - INFO - Populating data into excel
2025-06-27 21:33:10,040 - INFO - Data for KFC near Sepang, Selangor was loaded into csv
2025-06-27 21:33:10,040 - INFO - Loading Google Maps
2025-06-27 21:33:13,515 - INFO - Getting input search box
2025-06-27 21:33:13,569 - INFO - Searching for Terengganu:
2025-06-27 21:33:20,507 - INFO - Looking for nearby location button
2025-06-27 21:33:21,675 - INFO - Searching for KFC near Besut, Terengganu:
2025-06-27 21:33:32,144 - INFO - Element Not found. Only One Available Result
2025-06-27 21:33:34,145 - INFO - Extracting Page Source
2025-06-27 21:33:34,250 - INFO - Searching for KFC near Setiu, Terengganu:
2025-06-27 21:33:44,507 - INFO - Element Not found. Only One Available Result
2025-06-27 21:33:46,508 - INFO - Extracting Page Source
2025-06-27 21:33:46,616 - INFO - Searching for KFC near Kuala Nerus, Terengganu:
2025-06-27 21:33:54,078 - INFO - Found. Scrolling search results
2025-06-27 21:34:04,250 - INFO - Searching for KFC near Kuala Terengganu, Terengganu:
2025-06-27 21:34:12,250 - INFO - Found. Scrolling search results
2025-06-27 21:34:22,418 - INFO - Searching for KFC near Marang, Terengganu:
2025-06-27 21:34:32,719 - INFO - Element Not found. Only One Available Result
2025-06-27 21:34:34,720 - INFO - Extracting Page Source
2025-06-27 21:34:34,815 - INFO - Searching for KFC near Hulu Terengganu, Terengganu:
2025-06-27 21:34:42,258 - INFO - Found. Scrolling search results
2025-06-27 21:34:52,429 - INFO - Searching for KFC near Dungun, Terengganu:
2025-06-27 21:34:59,584 - INFO - Found. Scrolling search results
2025-06-27 21:35:09,738 - INFO - Searching for KFC near Kemaman, Terengganu:
2025-06-27 21:35:17,297 - INFO - Found. Scrolling search results
2025-06-27 21:35:27,401 - INFO - Populating data into excel
2025-06-27 21:35:27,402 - INFO - Data for KFC near Kemaman, Terengganu was loaded into csv
2025-06-27 21:35:27,402 - INFO - Loading Google Maps
2025-06-27 21:35:30,705 - INFO - Getting input search box
2025-06-27 21:35:30,765 - INFO - Searching for W.P. Kuala Lumpur:
2025-06-27 21:35:38,051 - INFO - Looking for nearby location button
2025-06-27 21:09:22,218 - INFO - Searching for KFC near Kepong, W.P. Kuala Lumpur:
2025-06-27 21:09:29,947 - INFO - Found. Scrolling search results
2025-06-27 21:09:40,348 - INFO - Searching for KFC near Batu, W.P. Kuala Lumpur:
2025-06-27 21:09:48,892 - INFO - Found. Scrolling search results
2025-06-27 21:09:59,155 - INFO - Searching for KFC near Wangsa Maju, W.P. Kuala Lumpur:
2025-06-27 21:10:07,525 - INFO - Found. Scrolling search results
2025-06-27 21:10:18,753 - INFO - Searching for KFC near Segambut, W.P. Kuala Lumpur:
2025-06-27 21:10:30,478 - INFO - Element Not found. Only One Available Result
2025-06-27 21:10:32,479 - INFO - Extracting Page Source
2025-06-27 21:10:32,681 - INFO - Searching for KFC near Setiawangsa, W.P. Kuala Lumpur:
2025-06-27 21:10:41,059 - INFO - Found. Scrolling search results
2025-06-27 21:10:51,286 - INFO - Searching for KFC near Titiwangsa, W.P. Kuala Lumpur:
2025-06-27 21:10:59,340 - INFO - Found. Scrolling search results
2025-06-27 21:11:09,566 - INFO - Searching for KFC near Bukit Bintang, W.P. Kuala Lumpur:
2025-06-27 21:11:18,004 - INFO - Found. Scrolling search results
2025-06-27 21:11:28,221 - INFO - Searching for KFC near Lembah Pantai, W.P. Kuala Lumpur:
2025-06-27 21:11:37,051 - INFO - Found. Scrolling search results
2025-06-27 21:11:47,330 - INFO - Searching for KFC near Seputeh, W.P. Kuala Lumpur:
2025-06-27 21:11:55,490 - INFO - Found. Scrolling search results
2025-06-27 21:12:05,736 - INFO - Searching for KFC near Cheras, W.P. Kuala Lumpur:
2025-06-27 21:12:14,226 - INFO - Found. Scrolling search results
2025-06-27 21:12:24,425 - INFO - Searching for KFC near Bandar Tun Razak, W.P. Kuala Lumpur:
2025-06-27 21:12:32,860 - INFO - Found. Scrolling search results
2025-06-27 21:12:43,012 - INFO - Populating data into excel
2025-06-27 21:12:43,013 - INFO - Data for KFC near Bandar Tun Razak, W.P. Kuala Lumpur was loaded into csv
2025-06-27 21:12:43,014 - INFO - Loading Google Maps
2025-06-27 21:12:46,421 - INFO - Getting input search box
2025-06-27 21:12:46,488 - INFO - Searching for W.P. Labuan:
2025-06-27 21:12:54,532 - INFO - Looking for nearby location button
2025-06-27 21:12:55,708 - INFO - Searching for KFC near Labuan, W.P. Labuan:
2025-06-27 21:13:03,685 - INFO - Found. Scrolling search results
2025-06-27 21:13:13,789 - INFO - Populating data into excel
2025-06-27 21:13:13,791 - INFO - Data for KFC near Labuan, W.P. Labuan was loaded into csv
2025-06-27 21:13:13,791 - INFO - Loading Google Maps
2025-06-27 21:13:17,173 - INFO - Getting input search box
2025-06-27 21:13:17,239 - INFO - Searching for W.P. Putrajaya:
2025-06-27 21:13:25,545 - INFO - Looking for nearby location button
2025-06-27 21:13:26,707 - INFO - Searching for KFC near Putrajaya, W.P. Putrajaya:
2025-06-27 21:13:34,883 - INFO - Found. Scrolling search results
2025-06-27 21:13:44,991 - INFO - Populating data into excel
2025-06-27 21:13:44,993 - INFO - Data for KFC near Putrajaya, W.P. Putrajaya was loaded into csv
2025-06-30 17:38:20,099 - INFO - Initializing WebDriver
2025-06-30 17:38:23,250 - INFO - Loading Google Maps
2025-06-30 17:38:23,966 - INFO - Getting input search box
2025-06-30 17:38:24,172 - INFO - Searching for W.P. Labuan:
2025-06-30 17:38:25,247 - INFO - Looking for nearby location button
2025-06-30 17:42:31,056 - INFO - Initializing WebDriver
2025-06-30 17:42:33,266 - INFO - Loading Google Maps
2025-06-30 17:42:34,008 - INFO - Getting input search box
2025-06-30 17:42:35,064 - INFO - Searching for W.P. Labuan:
2025-06-30 17:42:36,817 - INFO - Looking for nearby location button
2025-06-30 17:43:48,726 - INFO - Initializing WebDriver
2025-06-30 17:43:50,816 - INFO - Loading Google Maps
2025-06-30 17:43:51,537 - INFO - Getting input search box
2025-06-30 17:43:51,796 - INFO - Searching for W.P. Labuan:
2025-06-30 17:43:54,201 - INFO - Looking for nearby location button
2025-06-30 17:44:27,348 - INFO - Initializing WebDriver
2025-06-30 17:44:29,392 - INFO - Loading Google Maps
2025-06-30 17:44:30,173 - INFO - Getting input search box
2025-06-30 17:44:30,350 - INFO - Searching for W.P. Labuan:
2025-06-30 17:44:31,804 - INFO - Looking for nearby location button
2025-06-30 17:44:51,958 - INFO - Initializing WebDriver
2025-06-30 17:44:53,999 - INFO - Loading Google Maps
2025-06-30 17:44:54,755 - INFO - Getting input search box
2025-06-30 17:44:54,998 - INFO - Searching for W.P. Labuan:
2025-06-30 17:44:56,921 - INFO - Looking for nearby location button
2025-06-30 17:45:54,062 - INFO - Initializing WebDriver
2025-06-30 17:45:56,257 - INFO - Loading Google Maps
2025-06-30 17:45:56,405 - INFO - Getting input search box
2025-06-30 17:45:57,005 - INFO - Searching for W.P. Labuan:
2025-06-30 17:45:59,209 - INFO - Looking for nearby location button
2025-06-30 17:46:29,747 - INFO - Initializing WebDriver
2025-06-30 17:46:31,838 - INFO - Loading Google Maps
2025-06-30 17:46:32,973 - INFO - Getting input search box
2025-06-30 17:46:34,043 - INFO - Searching for W.P. Labuan:
2025-06-30 17:46:36,040 - INFO - Looking for nearby location button
2025-06-30 17:46:54,070 - INFO - Initializing WebDriver
2025-06-30 17:46:56,450 - INFO - Loading Google Maps
2025-06-30 17:46:57,144 - INFO - Getting input search box
2025-06-30 17:46:57,670 - INFO - Searching for W.P. Labuan:
2025-06-30 17:47:03,355 - INFO - Looking for nearby location button
2025-06-30 17:47:04,930 - INFO - Searching for KFC near Labuan, W.P. Labuan:
2025-06-30 17:47:14,633 - INFO - Element Not found. Only One Available Result
2025-06-30 17:47:14,633 - INFO - Extracting Page Source
2025-06-30 17:47:14,670 - INFO - Populating data into excel
2025-06-30 17:47:14,671 - INFO - Data for KFC near Labuan, W.P. Labuan was loaded into csv
2025-06-30 17:48:12,482 - INFO - Initializing WebDriver
2025-06-30 17:48:14,674 - INFO - Loading Google Maps
2025-06-30 17:48:17,353 - INFO - Getting input search box
2025-06-30 17:48:17,902 - INFO - Searching for W.P. Labuan:
2025-06-30 17:48:23,330 - INFO - Looking for nearby location button
2025-06-30 17:48:23,930 - INFO - Searching for KFC near Labuan, W.P. Labuan:
2025-06-30 17:48:26,649 - INFO - Found. Scrolling search results
2025-06-30 17:49:19,948 - INFO - Element Not found. Only One Available Result
2025-06-30 17:49:19,948 - INFO - Extracting Page Source
2025-06-30 22:11:35,103 - INFO - Initializing WebDriver
2025-06-30 22:11:38,267 - INFO - Loading Google Maps
2025-06-30 22:11:40,990 - INFO - Getting input search box
2025-06-30 22:11:41,579 - INFO - Searching for W.P. Labuan:
2025-06-30 22:11:46,677 - INFO - Looking for nearby location button
2025-06-30 22:11:47,857 - INFO - Searching for KFC near Labuan, W.P. Labuan:
2025-06-30 22:11:53,132 - INFO - Found. Scrolling search results
2025-06-30 22:12:04,631 - INFO - Element Not found. Only One Available Result
2025-06-30 22:12:04,631 - INFO - Extracting Page Source
2025-06-30 22:13:58,166 - INFO - Initializing WebDriver
2025-06-30 22:14:00,405 - INFO - Loading Google Maps
2025-06-30 22:14:02,564 - INFO - Getting input search box
2025-06-30 22:14:02,838 - INFO - Searching for W.P. Labuan:
2025-06-30 22:14:08,481 - INFO - Looking for nearby location button
2025-06-30 22:14:09,660 - INFO - Searching for KFC near Labuan, W.P. Labuan:
2025-06-30 22:14:14,990 - INFO - Found. Scrolling search results
2025-06-30 22:14:17,153 - INFO - Populating data into excel
2025-06-30 22:14:17,154 - INFO - Data for KFC near Labuan, W.P. Labuan was loaded into csv
2025-06-30 22:17:56,347 - INFO - Initializing WebDriver
2025-06-30 22:17:58,369 - INFO - Loading Google Maps
2025-06-30 22:18:01,095 - INFO - Getting input search box
2025-06-30 22:18:01,958 - INFO - Searching for W.P. Labuan:
2025-06-30 22:18:07,884 - INFO - Looking for nearby location button
2025-06-30 22:18:09,204 - INFO - Searching for KFC near Labuan, W.P. Labuan:
2025-06-30 22:18:14,593 - INFO - Found. Scrolling search results
2025-06-30 22:18:16,788 - INFO - Populating data into excel
2025-06-30 22:18:16,795 - INFO - Data for KFC near Labuan, W.P. Labuan was loaded into csv
2025-06-30 22:19:38,812 - INFO - Initializing WebDriver
2025-06-30 22:19:40,788 - INFO - Loading Google Maps
2025-06-30 22:19:43,473 - INFO - Getting input search box
2025-06-30 22:19:44,136 - INFO - Searching for W.P. Labuan:
2025-06-30 22:19:49,223 - INFO - Looking for nearby location button
2025-06-30 22:19:50,408 - INFO - Searching for KFC near Labuan, W.P. Labuan:
2025-06-30 22:19:55,915 - INFO - Found. Scrolling search results
2025-06-30 22:19:59,508 - INFO - Populating data into excel
2025-06-30 22:19:59,509 - INFO - Data for KFC near Labuan, W.P. Labuan was loaded into csv
2025-06-30 22:20:36,051 - INFO - Initializing WebDriver
2025-06-30 22:20:38,041 - INFO - Loading Google Maps
2025-06-30 22:20:40,721 - INFO - Getting input search box
2025-06-30 22:20:41,367 - INFO - Searching for W.P. Kuala Lumpur:
2025-06-30 22:20:46,582 - INFO - Looking for nearby location button
2025-06-30 22:20:47,881 - INFO - Searching for KFC near Kepong, W.P. Kuala Lumpur:
2025-06-30 22:20:53,389 - INFO - Found. Scrolling search results
2025-06-30 22:20:57,088 - INFO - Searching for KFC near Batu, W.P. Kuala Lumpur:
2025-06-30 22:21:04,268 - INFO - Found. Scrolling search results
2025-06-30 22:21:05,889 - INFO - Element Not found. Only One Available Result
2025-06-30 22:21:05,890 - INFO - Extracting Page Source
2025-06-30 22:21:06,017 - INFO - Searching for KFC near Wangsa Maju, W.P. Kuala Lumpur:
2025-06-30 22:21:11,784 - INFO - Found. Scrolling search results
2025-06-30 22:21:15,483 - INFO - Searching for KFC near Segambut, W.P. Kuala Lumpur:
2025-06-30 22:21:26,663 - INFO - Element Not found. Only One Available Result
2025-06-30 22:21:26,663 - INFO - Extracting Page Source
2025-06-30 22:21:26,777 - INFO - Searching for KFC near Setiawangsa, W.P. Kuala Lumpur:
2025-06-30 22:21:32,267 - INFO - Found. Scrolling search results
2025-06-30 22:21:35,903 - INFO - Searching for KFC near Titiwangsa, W.P. Kuala Lumpur:
2025-06-30 22:21:41,577 - INFO - Found. Scrolling search results
2025-06-30 22:21:43,179 - INFO - Element Not found. Only One Available Result
2025-06-30 22:21:43,179 - INFO - Extracting Page Source
2025-06-30 22:21:43,323 - INFO - Searching for KFC near Bukit Bintang, W.P. Kuala Lumpur:
2025-06-30 22:21:49,165 - INFO - Found. Scrolling search results
2025-06-30 22:21:50,754 - INFO - Element Not found. Only One Available Result
2025-06-30 22:21:50,755 - INFO - Extracting Page Source
2025-06-30 22:21:50,888 - INFO - Searching for KFC near Lembah Pantai, W.P. Kuala Lumpur:
2025-06-30 22:21:56,560 - INFO - Found. Scrolling search results
2025-06-30 22:21:58,096 - INFO - Element Not found. Only One Available Result
2025-06-30 22:21:58,096 - INFO - Extracting Page Source
2025-06-30 22:21:58,219 - INFO - Searching for KFC near Seputeh, W.P. Kuala Lumpur:
2025-06-30 22:22:03,886 - INFO - Found. Scrolling search results
2025-06-30 22:22:07,614 - INFO - Searching for KFC near Cheras, W.P. Kuala Lumpur:
2025-06-30 22:22:14,492 - INFO - Found. Scrolling search results
2025-06-30 22:22:18,180 - INFO - Searching for KFC near Bandar Tun Razak, W.P. Kuala Lumpur:
2025-06-30 22:22:23,903 - INFO - Found. Scrolling search results
2025-06-30 22:22:25,502 - INFO - Element Not found. Only One Available Result
2025-06-30 22:22:25,502 - INFO - Extracting Page Source
2025-06-30 22:22:25,571 - INFO - Populating data into excel
2025-06-30 22:22:25,572 - INFO - Data for KFC near Bandar Tun Razak, W.P. Kuala Lumpur was loaded into csv
2025-06-30 22:22:25,572 - INFO - Loading Google Maps
2025-06-30 22:22:27,691 - INFO - Getting input search box
2025-06-30 22:22:27,979 - INFO - Searching for W.P. Labuan:
2025-06-30 22:22:33,156 - INFO - Looking for nearby location button
2025-06-30 22:22:34,326 - INFO - Searching for KFC near Labuan, W.P. Labuan:
2025-06-30 22:22:39,515 - INFO - Found. Scrolling search results
2025-06-30 22:22:43,088 - INFO - Populating data into excel
2025-06-30 22:22:43,089 - INFO - Data for KFC near Labuan, W.P. Labuan was loaded into csv
2025-06-30 22:25:26,191 - INFO - Initializing WebDriver
2025-06-30 22:25:28,213 - INFO - Loading Google Maps
2025-06-30 22:25:31,931 - INFO - Getting input search box
2025-06-30 22:25:31,996 - INFO - Searching for W.P. Kuala Lumpur:
2025-06-30 22:25:39,048 - INFO - Looking for nearby location button
2025-06-30 22:25:40,255 - INFO - Searching for KFC near Kepong, W.P. Kuala Lumpur:
2025-06-30 22:25:47,676 - INFO - Found. Scrolling search results
2025-06-30 22:25:57,913 - INFO - Searching for KFC near Batu, W.P. Kuala Lumpur:
2025-06-30 22:26:05,886 - INFO - Found. Scrolling search results
2025-06-30 22:26:26,354 - INFO - Searching for KFC near Wangsa Maju, W.P. Kuala Lumpur:
2025-06-30 22:26:33,914 - INFO - Found. Scrolling search results
2025-06-30 22:26:44,078 - INFO - Searching for KFC near Segambut, W.P. Kuala Lumpur:
2025-06-30 22:26:54,788 - INFO - Element Not found. Only One Available Result
2025-06-30 22:26:56,788 - INFO - Extracting Page Source
2025-06-30 22:26:56,901 - INFO - Searching for KFC near Setiawangsa, W.P. Kuala Lumpur:
2025-06-30 22:27:04,349 - INFO - Found. Scrolling search results
2025-06-30 22:27:05,360 - INFO - Element Not found. Only One Available Result
2025-06-30 22:27:07,360 - INFO - Extracting Page Source
2025-06-30 22:16:25,797 - INFO - Initializing WebDriver
2025-06-30 22:16:27,858 - INFO - Loading Google Maps
2025-06-30 22:16:31,533 - INFO - Getting input search box
2025-06-30 22:16:31,753 - INFO - Searching for W.P. Kuala Lumpur:
2025-06-30 22:16:38,779 - INFO - Looking for nearby location button
2025-06-30 22:16:39,967 - INFO - Searching for KFC near Kepong, W.P. Kuala Lumpur:
2025-06-30 22:16:47,342 - INFO - Found. Scrolling search results
2025-06-30 22:16:57,504 - INFO - Loading Google Maps
2025-06-30 22:17:00,966 - INFO - Getting input search box
2025-06-30 22:17:01,014 - INFO - Searching for W.P. Kuala Lumpur:
2025-06-30 22:17:08,057 - INFO - Looking for nearby location button
2025-06-30 22:17:09,235 - INFO - Searching for KFC near Batu, W.P. Kuala Lumpur:
2025-06-30 22:17:16,728 - INFO - Found. Scrolling search results
2025-06-30 22:17:32,224 - INFO - Loading Google Maps
2025-06-30 22:17:35,412 - INFO - Getting input search box
2025-06-30 22:17:35,460 - INFO - Searching for W.P. Kuala Lumpur:
2025-06-30 22:17:42,261 - INFO - Looking for nearby location button
2025-06-30 22:17:43,452 - INFO - Searching for KFC near Wangsa Maju, W.P. Kuala Lumpur:
2025-06-30 22:17:50,802 - INFO - Found. Scrolling search results
2025-06-30 22:18:00,921 - INFO - Loading Google Maps
2025-06-30 22:18:04,339 - INFO - Getting input search box
2025-06-30 22:18:04,389 - INFO - Searching for W.P. Kuala Lumpur:
2025-06-30 22:18:11,146 - INFO - Looking for nearby location button
2025-06-30 22:18:12,371 - INFO - Searching for KFC near Segambut, W.P. Kuala Lumpur:
2025-06-30 22:18:22,331 - INFO - Element Not found. Only One Available Result
2025-06-30 22:18:24,332 - INFO - Extracting Page Source
2025-06-30 22:18:24,392 - INFO - Loading Google Maps
2025-06-30 22:18:27,493 - INFO - Getting input search box
2025-06-30 22:18:27,549 - INFO - Searching for W.P. Kuala Lumpur:
2025-06-30 22:18:34,433 - INFO - Looking for nearby location button
2025-06-30 22:18:35,604 - INFO - Searching for KFC near Setiawangsa, W.P. Kuala Lumpur:
2025-06-30 22:18:43,067 - INFO - Found. Scrolling search results
2025-06-30 22:18:53,175 - INFO - Loading Google Maps
2025-06-30 22:18:56,564 - INFO - Getting input search box
2025-06-30 22:18:56,612 - INFO - Searching for W.P. Kuala Lumpur:
2025-06-30 22:19:03,403 - INFO - Looking for nearby location button
2025-06-30 22:19:04,702 - INFO - Searching for KFC near Titiwangsa, W.P. Kuala Lumpur:
2025-06-30 22:19:12,388 - INFO - Found. Scrolling search results
2025-06-30 22:19:27,730 - INFO - Loading Google Maps
2025-06-30 22:19:30,847 - INFO - Getting input search box
2025-06-30 22:19:30,897 - INFO - Searching for W.P. Kuala Lumpur:
2025-06-30 22:19:37,659 - INFO - Looking for nearby location button
2025-06-30 22:19:38,849 - INFO - Searching for KFC near Bukit Bintang, W.P. Kuala Lumpur:
2025-06-30 22:19:46,463 - INFO - Found. Scrolling search results
2025-06-30 22:19:56,619 - INFO - Loading Google Maps
2025-06-30 22:19:59,738 - INFO - Getting input search box
2025-06-30 22:19:59,786 - INFO - Searching for W.P. Kuala Lumpur:
2025-06-30 22:20:06,556 - INFO - Looking for nearby location button
2025-06-30 22:20:07,746 - INFO - Searching for KFC near Lembah Pantai, W.P. Kuala Lumpur:
2025-06-30 22:20:15,313 - INFO - Found. Scrolling search results
2025-06-30 22:20:25,570 - INFO - Loading Google Maps
2025-06-30 22:20:29,013 - INFO - Getting input search box
2025-06-30 22:20:29,075 - INFO - Searching for W.P. Kuala Lumpur:
2025-06-30 22:20:35,887 - INFO - Looking for nearby location button
2025-06-30 22:20:37,116 - INFO - Searching for KFC near Seputeh, W.P. Kuala Lumpur:
2025-06-30 22:20:44,571 - INFO - Found. Scrolling search results
2025-06-30 22:20:59,920 - INFO - Loading Google Maps
2025-06-30 22:21:03,418 - INFO - Getting input search box
2025-06-30 22:21:03,476 - INFO - Searching for W.P. Kuala Lumpur:
2025-06-30 22:21:10,241 - INFO - Looking for nearby location button
2025-06-30 22:21:11,475 - INFO - Searching for KFC near Cheras, W.P. Kuala Lumpur:
2025-06-30 22:21:19,035 - INFO - Found. Scrolling search results
2025-06-30 22:21:29,159 - INFO - Loading Google Maps
2025-06-30 22:21:32,682 - INFO - Getting input search box
2025-06-30 22:21:32,736 - INFO - Searching for W.P. Kuala Lumpur:
2025-06-30 22:21:39,485 - INFO - Looking for nearby location button
2025-06-30 22:21:40,651 - INFO - Searching for KFC near Bandar Tun Razak, W.P. Kuala Lumpur:
2025-06-30 22:21:48,233 - INFO - Found. Scrolling search results
2025-06-30 22:21:58,458 - INFO - Populating data into excel
2025-06-30 22:21:58,459 - INFO - Data for KFC near Bandar Tun Razak, W.P. Kuala Lumpur was loaded into csv
2025-07-01 10:16:47,146 - INFO - Initializing WebDriver
2025-07-01 10:17:01,167 - INFO - Loading Google Maps
2025-07-01 10:17:04,499 - INFO - Getting input search box
2025-07-01 10:17:04,631 - INFO - Searching for W.P. Kuala Lumpur:
2025-07-01 10:17:12,728 - INFO - Looking for nearby location button
2025-07-01 10:17:14,846 - INFO - Getting nearby location input search box 
2025-07-01 10:17:15,075 - INFO - Searching for KFC near Kepong, W.P. Kuala Lumpur:
2025-07-01 10:17:26,227 - INFO - Looking for Searched Results
2025-07-01 10:17:26,299 - INFO - Found. Scrolling search results list
2025-07-01 10:17:36,929 - INFO - KFC near Kepong, W.P. Kuala Lumpur: 5
2025-07-01 10:17:36,930 - INFO - Extracting Page Source
2025-07-01 10:17:36,973 - INFO - Loading Google Maps
2025-07-01 10:17:40,094 - INFO - Getting input search box
2025-07-01 10:17:40,186 - INFO - Searching for W.P. Kuala Lumpur:
2025-07-01 10:17:47,341 - INFO - Looking for nearby location button
2025-07-01 10:17:49,088 - INFO - Getting nearby location input search box 
2025-07-01 10:17:49,364 - INFO - Searching for KFC near Batu, W.P. Kuala Lumpur:
2025-07-01 10:17:57,161 - INFO - Looking for Searched Results
2025-07-01 10:17:57,710 - INFO - Found. Scrolling search results list
2025-07-01 10:18:18,224 - INFO - KFC near Batu, W.P. Kuala Lumpur: 30
2025-07-01 10:18:18,224 - INFO - Extracting Page Source
2025-07-01 10:18:18,322 - INFO - Loading Google Maps
2025-07-01 10:18:21,827 - INFO - Getting input search box
2025-07-01 10:18:21,978 - INFO - Searching for W.P. Kuala Lumpur:
2025-07-01 10:18:28,836 - INFO - Looking for nearby location button
2025-07-01 10:18:30,367 - INFO - Getting nearby location input search box 
2025-07-01 10:18:30,534 - INFO - Searching for KFC near Wangsa Maju, W.P. Kuala Lumpur:
2025-07-01 10:18:38,625 - INFO - Looking for Searched Results
2025-07-01 10:18:38,888 - INFO - Found. Scrolling search results list
2025-07-01 10:18:49,071 - INFO - KFC near Wangsa Maju, W.P. Kuala Lumpur: 7
2025-07-01 10:18:49,071 - INFO - Extracting Page Source
2025-07-01 10:18:49,134 - INFO - Loading Google Maps
2025-07-01 10:18:52,593 - INFO - Getting input search box
2025-07-01 10:18:52,659 - INFO - Searching for W.P. Kuala Lumpur:
2025-07-01 10:18:59,672 - INFO - Looking for nearby location button
2025-07-01 10:19:01,871 - INFO - Getting nearby location input search box 
2025-07-01 10:19:01,986 - INFO - Searching for KFC near Segambut, W.P. Kuala Lumpur:
2025-07-01 10:19:09,754 - INFO - Looking for Searched Results
2025-07-01 10:19:15,217 - INFO - Result list not found. Only One Result available
2025-07-01 10:21:36,182 - INFO - Initializing WebDriver
2025-07-01 10:21:38,585 - INFO - Loading Google Maps
2025-07-01 10:21:42,727 - INFO - Getting input search box
2025-07-01 10:21:43,046 - INFO - Searching for W.P. Kuala Lumpur:
2025-07-01 10:21:51,235 - INFO - Looking for nearby location button
2025-07-01 10:21:53,040 - INFO - Getting nearby location input search box 
2025-07-01 10:21:53,245 - INFO - Searching for KFC near Kepong, W.P. Kuala Lumpur:
2025-07-01 10:22:01,054 - INFO - Looking for Searched Results
2025-07-01 10:22:01,079 - INFO - Found. Scrolling search results list
2025-07-01 10:22:11,194 - INFO - Extracting Page Source
2025-07-01 10:22:11,237 - INFO - KFC near Kepong, W.P. Kuala Lumpur: 5
2025-07-01 10:22:11,237 - INFO - Loading Google Maps
2025-07-01 10:22:15,063 - INFO - Getting input search box
2025-07-01 10:22:15,163 - INFO - Searching for W.P. Kuala Lumpur:
2025-07-01 10:22:22,712 - INFO - Looking for nearby location button
2025-07-01 10:22:23,970 - INFO - Getting nearby location input search box 
2025-07-01 10:22:24,022 - INFO - Searching for KFC near Batu, W.P. Kuala Lumpur:
2025-07-01 10:22:31,598 - INFO - Looking for Searched Results
2025-07-01 10:22:31,633 - INFO - Found. Scrolling search results list
2025-07-01 10:22:52,287 - INFO - Extracting Page Source
2025-07-01 10:22:52,390 - INFO - KFC near Batu, W.P. Kuala Lumpur: 31
2025-07-01 10:22:52,390 - INFO - Loading Google Maps
2025-07-01 10:22:55,879 - INFO - Getting input search box
2025-07-01 10:22:55,937 - INFO - Searching for W.P. Kuala Lumpur:
2025-07-01 10:23:02,870 - INFO - Looking for nearby location button
2025-07-01 10:23:04,086 - INFO - Getting nearby location input search box 
2025-07-01 10:23:04,141 - INFO - Searching for KFC near Wangsa Maju, W.P. Kuala Lumpur:
2025-07-01 10:23:11,816 - INFO - Looking for Searched Results
2025-07-01 10:23:11,845 - INFO - Found. Scrolling search results list
2025-07-01 10:23:21,989 - INFO - Extracting Page Source
2025-07-01 10:23:22,040 - INFO - KFC near Wangsa Maju, W.P. Kuala Lumpur: 7
2025-07-01 10:23:22,041 - INFO - Loading Google Maps
2025-07-01 10:23:25,285 - INFO - Getting input search box
2025-07-01 10:23:25,338 - INFO - Searching for W.P. Kuala Lumpur:
2025-07-01 10:23:32,230 - INFO - Looking for nearby location button
2025-07-01 10:23:33,347 - INFO - Getting nearby location input search box 
2025-07-01 10:23:33,506 - INFO - Searching for KFC near Segambut, W.P. Kuala Lumpur:
2025-07-01 10:23:40,762 - INFO - Looking for Searched Results
2025-07-01 10:23:45,906 - INFO - Result list not found. Only One Result available
2025-07-01 10:23:47,907 - INFO - Extracting Page Source
2025-07-01 10:23:47,961 - INFO - KFC near Segambut, W.P. Kuala Lumpur: 1
2025-07-01 10:23:47,962 - INFO - Loading Google Maps
2025-07-01 10:23:51,365 - INFO - Getting input search box
2025-07-01 10:23:51,418 - INFO - Searching for W.P. Kuala Lumpur:
2025-07-01 10:23:58,271 - INFO - Looking for nearby location button
2025-07-01 10:23:59,443 - INFO - Getting nearby location input search box 
2025-07-01 10:23:59,512 - INFO - Searching for KFC near Setiawangsa, W.P. Kuala Lumpur:
2025-07-01 10:24:06,926 - INFO - Looking for Searched Results
2025-07-01 10:24:06,954 - INFO - Found. Scrolling search results list
2025-07-01 10:24:17,038 - INFO - Extracting Page Source
2025-07-01 10:24:17,071 - INFO - KFC near Setiawangsa, W.P. Kuala Lumpur: 2
2025-07-01 10:24:17,072 - INFO - Loading Google Maps
2025-07-01 10:24:20,182 - INFO - Getting input search box
2025-07-01 10:24:20,237 - INFO - Searching for W.P. Kuala Lumpur:
2025-07-01 10:24:27,113 - INFO - Looking for nearby location button
2025-07-01 10:24:28,252 - INFO - Getting nearby location input search box 
2025-07-01 10:24:28,334 - INFO - Searching for KFC near Titiwangsa, W.P. Kuala Lumpur:
2025-07-01 10:24:35,969 - INFO - Looking for Searched Results
2025-07-01 10:24:35,998 - INFO - Found. Scrolling search results list
2025-07-01 10:24:51,405 - INFO - Extracting Page Source
2025-07-01 10:24:51,483 - INFO - KFC near Titiwangsa, W.P. Kuala Lumpur: 21
2025-07-01 10:24:51,484 - INFO - Loading Google Maps
2025-07-01 10:24:54,923 - INFO - Getting input search box
2025-07-01 10:24:54,982 - INFO - Searching for W.P. Kuala Lumpur:
2025-07-01 10:25:01,931 - INFO - Looking for nearby location button
2025-07-01 10:25:03,154 - INFO - Getting nearby location input search box 
2025-07-01 10:25:03,282 - INFO - Searching for KFC near Bukit Bintang, W.P. Kuala Lumpur:
2025-07-01 10:25:10,862 - INFO - Looking for Searched Results
2025-07-01 10:25:10,891 - INFO - Found. Scrolling search results list
2025-07-01 10:25:21,034 - INFO - Extracting Page Source
2025-07-01 10:25:21,088 - INFO - KFC near Bukit Bintang, W.P. Kuala Lumpur: 8
2025-07-01 10:25:21,089 - INFO - Loading Google Maps
2025-07-01 10:25:24,563 - INFO - Getting input search box
2025-07-01 10:25:24,619 - INFO - Searching for W.P. Kuala Lumpur:
2025-07-01 10:25:31,550 - INFO - Looking for nearby location button
2025-07-01 10:25:32,741 - INFO - Getting nearby location input search box 
2025-07-01 10:25:32,931 - INFO - Searching for KFC near Lembah Pantai, W.P. Kuala Lumpur:
2025-07-01 10:25:40,643 - INFO - Looking for Searched Results
2025-07-01 10:25:40,693 - INFO - Found. Scrolling search results list
2025-07-01 10:25:56,035 - INFO - Extracting Page Source
2025-07-01 10:25:56,110 - INFO - KFC near Lembah Pantai, W.P. Kuala Lumpur: 16
2025-07-01 10:25:56,110 - INFO - Loading Google Maps
2025-07-01 10:25:59,603 - INFO - Getting input search box
2025-07-01 10:25:59,662 - INFO - Searching for W.P. Kuala Lumpur:
2025-07-01 10:26:06,563 - INFO - Looking for nearby location button
2025-07-01 10:26:07,799 - INFO - Getting nearby location input search box 
2025-07-01 10:26:07,858 - INFO - Searching for KFC near Seputeh, W.P. Kuala Lumpur:
2025-07-01 10:26:15,399 - INFO - Looking for Searched Results
2025-07-01 10:26:15,486 - INFO - Found. Scrolling search results list
2025-07-01 10:26:30,877 - INFO - Extracting Page Source
2025-07-01 10:26:30,957 - INFO - KFC near Seputeh, W.P. Kuala Lumpur: 18
2025-07-01 10:26:30,957 - INFO - Loading Google Maps
2025-07-01 10:26:34,413 - INFO - Getting input search box
2025-07-01 10:26:34,470 - INFO - Searching for W.P. Kuala Lumpur:
2025-07-01 10:26:41,427 - INFO - Looking for nearby location button
2025-07-01 10:26:42,849 - INFO - Getting nearby location input search box 
2025-07-01 10:26:42,930 - INFO - Searching for KFC near Cheras, W.P. Kuala Lumpur:
2025-07-01 10:26:50,598 - INFO - Looking for Searched Results
2025-07-01 10:26:50,628 - INFO - Found. Scrolling search results list
2025-07-01 10:27:00,754 - INFO - Extracting Page Source
2025-07-01 10:27:00,811 - INFO - KFC near Cheras, W.P. Kuala Lumpur: 9
2025-07-01 10:27:00,811 - INFO - Loading Google Maps
2025-07-01 10:27:04,278 - INFO - Getting input search box
2025-07-01 10:27:04,335 - INFO - Searching for W.P. Kuala Lumpur:
2025-07-01 10:27:11,270 - INFO - Looking for nearby location button
2025-07-01 10:27:12,480 - INFO - Getting nearby location input search box 
2025-07-01 10:27:12,546 - INFO - Searching for KFC near Bandar Tun Razak, W.P. Kuala Lumpur:
2025-07-01 10:27:20,172 - INFO - Looking for Searched Results
2025-07-01 10:27:20,202 - INFO - Found. Scrolling search results list
2025-07-01 10:27:35,505 - INFO - Extracting Page Source
2025-07-01 10:27:35,577 - INFO - KFC near Bandar Tun Razak, W.P. Kuala Lumpur: 17
2025-07-01 10:27:35,579 - INFO - Data for W.P. Kuala Lumpur was loaded into csv
2025-07-01 10:25:13,558 - INFO - Initializing WebDriver
2025-07-01 10:25:15,817 - INFO - Loading Google Maps
2025-07-01 10:25:19,732 - INFO - Getting input search box
2025-07-01 10:25:19,958 - INFO - Searching for W.P. Labuan:
2025-07-01 10:25:28,074 - INFO - Looking for nearby location button
2025-07-01 10:25:29,426 - INFO - Getting nearby location input search box 
2025-07-01 10:25:29,491 - INFO - Searching for KFC near Labuan, W.P. Labuan:
2025-07-01 10:25:37,463 - INFO - Looking for Searched Results
2025-07-01 10:25:37,507 - INFO - Found. Scrolling search results list
2025-07-01 10:25:47,638 - INFO - Extracting Page Source
2025-07-01 10:25:47,680 - INFO - KFC near Labuan, W.P. Labuan: 3
2025-07-01 10:25:47,682 - INFO - Data for W.P. Labuan was loaded into csv
2025-07-01 10:26:12,720 - INFO - Initializing WebDriver
2025-07-01 10:26:14,928 - INFO - Loading Google Maps
2025-07-01 10:26:18,142 - INFO - Getting input search box
2025-07-01 10:26:18,797 - INFO - Searching for W.P. Labuan:
2025-07-01 10:26:26,624 - INFO - Looking for nearby location button
2025-07-01 10:26:27,778 - INFO - Getting nearby location input search box 
2025-07-01 10:26:27,860 - INFO - Searching for KFC near Labuan, W.P. Labuan:
2025-07-01 10:26:35,428 - INFO - Looking for Searched Results
2025-07-01 10:26:35,460 - INFO - Found. Scrolling search results list
2025-07-01 10:26:45,550 - INFO - Extracting Page Source
2025-07-01 10:26:45,598 - INFO - KFC near Labuan, W.P. Labuan: 3
2025-07-01 10:26:45,599 - INFO - Data for W.P. Labuan was loaded into csv
2025-07-01 10:27:49,520 - INFO - Initializing WebDriver
2025-07-01 10:27:51,850 - INFO - Loading Google Maps
2025-07-01 10:27:56,002 - INFO - Getting input search box
2025-07-01 10:27:56,268 - INFO - Searching for Johor:
2025-07-01 10:28:04,525 - INFO - Looking for nearby location button
2025-07-01 10:28:22,535 - INFO - Initializing WebDriver
2025-07-01 10:28:24,666 - INFO - Loading Google Maps
2025-07-01 10:28:28,824 - INFO - Getting input search box
2025-07-01 10:28:29,115 - INFO - Searching for Johor:
2025-07-01 10:28:38,408 - INFO - Looking for nearby location button
2025-07-01 10:28:39,549 - INFO - Getting nearby location input search box 
2025-07-01 10:28:39,626 - INFO - Searching for KFC near Segamat, Johor:
2025-07-01 10:28:47,601 - INFO - Looking for Searched Results
2025-07-01 10:28:47,662 - INFO - Found. Scrolling search results list
2025-07-01 10:28:57,977 - INFO - Extracting Page Source
2025-07-01 10:28:58,018 - INFO - KFC near Segamat, Johor: 3
2025-07-01 10:28:58,018 - INFO - Loading Google Maps
2025-07-01 10:29:01,483 - INFO - Getting input search box
2025-07-01 10:29:01,577 - INFO - Searching for Johor:
2025-07-01 10:29:08,668 - INFO - Looking for nearby location button
2025-07-01 10:29:09,807 - INFO - Getting nearby location input search box 
2025-07-01 10:29:09,874 - INFO - Searching for KFC near Sekijang, Johor:
2025-07-01 10:29:17,604 - INFO - Looking for Searched Results
2025-07-01 10:29:17,646 - INFO - Found. Scrolling search results list
2025-07-01 10:29:33,328 - INFO - Extracting Page Source
2025-07-01 10:29:33,406 - INFO - KFC near Sekijang, Johor: 22
2025-07-01 10:29:33,407 - INFO - Loading Google Maps
2025-07-01 10:29:36,913 - INFO - Getting input search box
2025-07-01 10:29:36,987 - INFO - Searching for Johor:
2025-07-01 10:29:43,670 - INFO - Looking for nearby location button
2025-07-01 10:29:44,814 - INFO - Getting nearby location input search box 
2025-07-01 10:29:44,876 - INFO - Searching for KFC near Labis, Johor:
2025-07-01 10:29:52,217 - INFO - Looking for Searched Results
2025-07-01 10:29:57,371 - INFO - Result list not found. Only One Result available
2025-07-01 10:29:59,373 - INFO - Extracting Page Source
2025-07-01 10:29:59,432 - INFO - KFC near Labis, Johor: 1
2025-07-01 10:29:59,432 - INFO - Loading Google Maps
2025-07-01 10:30:02,872 - INFO - Getting input search box
2025-07-01 10:30:02,971 - INFO - Searching for Johor:
2025-07-01 10:30:09,696 - INFO - Looking for nearby location button
2025-07-01 10:30:10,809 - INFO - Getting nearby location input search box 
2025-07-01 10:30:10,870 - INFO - Searching for KFC near Pagoh, Johor:
2025-07-01 10:30:17,838 - INFO - Looking for Searched Results
2025-07-01 10:30:17,868 - INFO - Found. Scrolling search results list
2025-07-01 10:30:28,086 - INFO - Extracting Page Source
2025-07-01 10:30:28,129 - INFO - KFC near Pagoh, Johor: 2
2025-07-01 10:30:28,130 - INFO - Loading Google Maps
2025-07-01 10:30:31,549 - INFO - Getting input search box
2025-07-01 10:30:31,604 - INFO - Searching for Johor:
2025-07-01 10:30:38,380 - INFO - Looking for nearby location button
2025-07-01 10:30:39,494 - INFO - Getting nearby location input search box 
2025-07-01 10:30:39,553 - INFO - Searching for KFC near Ledang, Johor:
2025-07-01 10:30:46,365 - INFO - Looking for Searched Results
2025-07-01 10:30:51,507 - INFO - Result list not found. Only One Result available
2025-07-01 10:30:53,508 - INFO - Extracting Page Source
2025-07-01 10:30:53,577 - INFO - KFC near Ledang, Johor: 1
2025-07-01 10:30:53,577 - INFO - Loading Google Maps
2025-07-01 10:30:56,689 - INFO - Getting input search box
2025-07-01 10:30:56,744 - INFO - Searching for Johor:
2025-07-01 10:31:03,453 - INFO - Looking for nearby location button
2025-07-01 10:31:04,566 - INFO - Getting nearby location input search box 
2025-07-01 10:31:04,622 - INFO - Searching for KFC near Bakri, Johor:
2025-07-01 10:31:11,777 - INFO - Looking for Searched Results
2025-07-01 10:31:11,805 - INFO - Found. Scrolling search results list
2025-07-01 10:31:21,968 - INFO - Extracting Page Source
2025-07-01 10:31:22,027 - INFO - KFC near Bakri, Johor: 8
2025-07-01 10:31:22,027 - INFO - Loading Google Maps
2025-07-01 10:31:25,485 - INFO - Getting input search box
2025-07-01 10:31:25,609 - INFO - Searching for Johor:
2025-07-01 10:31:32,295 - INFO - Looking for nearby location button
2025-07-01 10:31:33,433 - INFO - Getting nearby location input search box 
2025-07-01 10:31:33,502 - INFO - Searching for KFC near Muar, Johor:
2025-07-01 10:31:40,807 - INFO - Looking for Searched Results
2025-07-01 10:31:40,833 - INFO - Found. Scrolling search results list
2025-07-01 10:31:50,938 - INFO - Extracting Page Source
2025-07-01 10:31:50,989 - INFO - KFC near Muar, Johor: 6
2025-07-01 10:31:50,989 - INFO - Loading Google Maps
2025-07-01 10:31:54,451 - INFO - Getting input search box
2025-07-01 10:31:54,507 - INFO - Searching for Johor:
2025-07-01 10:32:01,198 - INFO - Looking for nearby location button
2025-07-01 10:32:02,309 - INFO - Getting nearby location input search box 
2025-07-01 10:32:02,363 - INFO - Searching for KFC near Parit Sulong, Johor:
2025-07-01 10:32:09,559 - INFO - Looking for Searched Results
2025-07-01 10:32:14,700 - INFO - Result list not found. Only One Result available
2025-07-01 10:32:16,701 - INFO - Extracting Page Source
2025-07-01 10:32:16,757 - INFO - KFC near Parit Sulong, Johor: 1
2025-07-01 10:32:16,757 - INFO - Loading Google Maps
2025-07-01 10:32:20,249 - INFO - Getting input search box
2025-07-01 10:32:20,307 - INFO - Searching for Johor:
2025-07-01 10:32:27,035 - INFO - Looking for nearby location button
2025-07-01 10:32:28,151 - INFO - Getting nearby location input search box 
2025-07-01 10:32:28,209 - INFO - Searching for KFC near Ayer Hitam, Johor:
2025-07-01 10:32:35,276 - INFO - Looking for Searched Results
2025-07-01 10:32:40,420 - INFO - Result list not found. Only One Result available
2025-07-01 10:32:42,420 - INFO - Extracting Page Source
2025-07-01 10:32:42,480 - INFO - KFC near Ayer Hitam, Johor: 1
2025-07-01 10:32:42,481 - INFO - Loading Google Maps
2025-07-01 10:32:45,880 - INFO - Getting input search box
2025-07-01 10:32:45,935 - INFO - Searching for Johor:
2025-07-01 10:32:52,744 - INFO - Looking for nearby location button
2025-07-01 10:32:53,859 - INFO - Getting nearby location input search box 
2025-07-01 10:32:53,923 - INFO - Searching for KFC near Sri Gading, Johor:
2025-07-01 10:33:01,055 - INFO - Looking for Searched Results
2025-07-01 10:33:01,081 - INFO - Found. Scrolling search results list
2025-07-01 10:33:11,192 - INFO - Extracting Page Source
2025-07-01 10:33:11,245 - INFO - KFC near Sri Gading, Johor: 4
2025-07-01 10:33:11,245 - INFO - Loading Google Maps
2025-07-01 10:33:15,181 - INFO - Getting input search box
2025-07-01 10:33:15,238 - INFO - Searching for Johor:
2025-07-01 10:33:21,885 - INFO - Looking for nearby location button
2025-07-01 10:33:23,063 - INFO - Getting nearby location input search box 
2025-07-01 10:33:23,166 - INFO - Searching for KFC near Batu Pahat, Johor:
2025-07-01 10:33:30,539 - INFO - Looking for Searched Results
2025-07-01 10:33:30,568 - INFO - Found. Scrolling search results list
2025-07-01 10:33:40,684 - INFO - Extracting Page Source
2025-07-01 10:33:40,744 - INFO - KFC near Batu Pahat, Johor: 6
2025-07-01 10:33:40,744 - INFO - Loading Google Maps
2025-07-01 10:33:44,221 - INFO - Getting input search box
2025-07-01 10:33:44,312 - INFO - Searching for Johor:
2025-07-01 10:33:51,065 - INFO - Looking for nearby location button
2025-07-01 10:33:52,206 - INFO - Getting nearby location input search box 
2025-07-01 10:33:52,304 - INFO - Searching for KFC near Simpang Renggam, Johor:
2025-07-01 10:33:59,441 - INFO - Looking for Searched Results
2025-07-01 10:34:04,631 - INFO - Result list not found. Only One Result available
2025-07-01 10:34:06,631 - INFO - Extracting Page Source
2025-07-01 10:34:06,690 - INFO - KFC near Simpang Renggam, Johor: 1
2025-07-01 10:34:06,691 - INFO - Loading Google Maps
2025-07-01 10:34:10,164 - INFO - Getting input search box
2025-07-01 10:34:10,224 - INFO - Searching for Johor:
2025-07-01 10:34:16,916 - INFO - Looking for nearby location button
2025-07-01 10:34:18,151 - INFO - Getting nearby location input search box 
2025-07-01 10:34:18,238 - INFO - Searching for KFC near Kluang, Johor:
2025-07-01 10:34:25,382 - INFO - Looking for Searched Results
2025-07-01 10:34:25,441 - INFO - Found. Scrolling search results list
2025-07-01 10:34:35,553 - INFO - Extracting Page Source
2025-07-01 10:34:35,925 - INFO - KFC near Kluang, Johor: 7
2025-07-01 10:34:35,925 - INFO - Loading Google Maps
2025-07-01 10:34:39,412 - INFO - Getting input search box
2025-07-01 10:34:39,486 - INFO - Searching for Johor:
2025-07-01 10:34:46,445 - INFO - Looking for nearby location button
2025-07-01 10:34:47,649 - INFO - Getting nearby location input search box 
2025-07-01 10:34:47,733 - INFO - Searching for KFC near Sembrong, Johor:
2025-07-01 10:34:54,969 - INFO - Looking for Searched Results
2025-07-01 10:34:54,997 - INFO - Found. Scrolling search results list
2025-07-01 10:35:05,410 - INFO - Extracting Page Source
2025-07-01 10:35:05,497 - INFO - KFC near Sembrong, Johor: 19
2025-07-01 10:35:05,498 - INFO - Loading Google Maps
2025-07-01 10:35:09,036 - INFO - Getting input search box
2025-07-01 10:35:09,092 - INFO - Searching for Johor:
2025-07-01 10:35:15,833 - INFO - Looking for nearby location button
2025-07-01 10:35:16,950 - INFO - Getting nearby location input search box 
2025-07-01 10:35:17,025 - INFO - Searching for KFC near Mersing, Johor:
2025-07-01 10:35:24,098 - INFO - Looking for Searched Results
2025-07-01 10:35:24,126 - INFO - Found. Scrolling search results list
2025-07-01 10:35:34,239 - INFO - Extracting Page Source
2025-07-01 10:35:34,273 - INFO - KFC near Mersing, Johor: 3
2025-07-01 10:35:34,274 - INFO - Loading Google Maps
2025-07-01 10:35:37,740 - INFO - Getting input search box
2025-07-01 10:35:37,800 - INFO - Searching for Johor:
2025-07-01 10:35:44,539 - INFO - Looking for nearby location button
2025-07-01 10:35:45,655 - INFO - Getting nearby location input search box 
2025-07-01 10:35:45,715 - INFO - Searching for KFC near Tenggara, Johor:
2025-07-01 10:35:52,615 - INFO - Looking for Searched Results
2025-07-01 10:35:57,763 - INFO - Result list not found. Only One Result available
2025-07-01 10:35:59,763 - INFO - Extracting Page Source
2025-07-01 10:35:59,821 - INFO - KFC near Tenggara, Johor: 1
2025-07-01 10:35:59,822 - INFO - Loading Google Maps
2025-07-01 10:36:03,273 - INFO - Getting input search box
2025-07-01 10:36:03,335 - INFO - Searching for Johor:
2025-07-01 10:36:10,022 - INFO - Looking for nearby location button
2025-07-01 10:36:11,145 - INFO - Getting nearby location input search box 
2025-07-01 10:36:11,204 - INFO - Searching for KFC near Kota Tinggi, Johor:
2025-07-01 10:36:18,299 - INFO - Looking for Searched Results
2025-07-01 10:36:18,327 - INFO - Found. Scrolling search results list
2025-07-01 10:36:28,493 - INFO - Extracting Page Source
2025-07-01 10:36:28,532 - INFO - KFC near Kota Tinggi, Johor: 3
2025-07-01 10:36:28,533 - INFO - Loading Google Maps
2025-07-01 10:36:31,954 - INFO - Getting input search box
2025-07-01 10:36:32,009 - INFO - Searching for Johor:
2025-07-01 10:36:39,228 - INFO - Looking for nearby location button
2025-07-01 10:36:40,347 - INFO - Getting nearby location input search box 
2025-07-01 10:36:40,406 - INFO - Searching for KFC near Pengerang, Johor:
2025-07-01 10:36:47,530 - INFO - Looking for Searched Results
2025-07-01 10:36:47,559 - INFO - Found. Scrolling search results list
2025-07-01 10:36:57,776 - INFO - Extracting Page Source
2025-07-01 10:36:57,829 - INFO - KFC near Pengerang, Johor: 10
2025-07-01 10:36:57,829 - INFO - Loading Google Maps
2025-07-01 10:37:01,300 - INFO - Getting input search box
2025-07-01 10:37:01,360 - INFO - Searching for Johor:
2025-07-01 10:37:08,072 - INFO - Looking for nearby location button
2025-07-01 10:37:09,220 - INFO - Getting nearby location input search box 
2025-07-01 10:37:09,279 - INFO - Searching for KFC near Tebrau, Johor:
2025-07-01 10:37:16,300 - INFO - Looking for Searched Results
2025-07-01 10:37:16,330 - INFO - Found. Scrolling search results list
2025-07-01 10:37:26,615 - INFO - Extracting Page Source
2025-07-01 10:37:26,656 - INFO - KFC near Tebrau, Johor: 3
2025-07-01 10:37:26,656 - INFO - Loading Google Maps
2025-07-01 10:37:29,790 - INFO - Getting input search box
2025-07-01 10:37:29,854 - INFO - Searching for Johor:
2025-07-01 10:37:36,622 - INFO - Looking for nearby location button
2025-07-01 10:37:37,744 - INFO - Getting nearby location input search box 
2025-07-01 10:37:37,804 - INFO - Searching for KFC near Pasir Gudang, Johor:
2025-07-01 10:37:45,183 - INFO - Looking for Searched Results
2025-07-01 10:37:45,211 - INFO - Found. Scrolling search results list
2025-07-01 10:37:55,429 - INFO - Extracting Page Source
2025-07-01 10:37:55,469 - INFO - KFC near Pasir Gudang, Johor: 5
2025-07-01 10:37:55,470 - INFO - Loading Google Maps
2025-07-01 10:37:59,195 - INFO - Getting input search box
2025-07-01 10:37:59,255 - INFO - Searching for Johor:
2025-07-01 10:38:06,180 - INFO - Looking for nearby location button
2025-07-01 10:38:07,304 - INFO - Getting nearby location input search box 
2025-07-01 10:38:07,360 - INFO - Searching for KFC near Johor Bahru, Johor:
2025-07-01 10:38:14,912 - INFO - Looking for Searched Results
2025-07-01 10:38:14,940 - INFO - Found. Scrolling search results list
2025-07-01 10:38:40,780 - INFO - Extracting Page Source
2025-07-01 10:38:40,891 - INFO - KFC near Johor Bahru, Johor: 42
2025-07-01 10:38:40,891 - INFO - Loading Google Maps
2025-07-01 10:38:44,363 - INFO - Getting input search box
2025-07-01 10:38:44,420 - INFO - Searching for Johor:
2025-07-01 10:38:51,139 - INFO - Looking for nearby location button
2025-07-01 10:38:52,259 - INFO - Getting nearby location input search box 
2025-07-01 10:38:52,316 - INFO - Searching for KFC near Pulai, Johor:
2025-07-01 10:38:59,585 - INFO - Looking for Searched Results
2025-07-01 10:38:59,614 - INFO - Found. Scrolling search results list
2025-07-01 10:39:09,853 - INFO - Extracting Page Source
2025-07-01 10:39:09,915 - INFO - KFC near Pulai, Johor: 13
2025-07-01 10:39:09,915 - INFO - Loading Google Maps
2025-07-01 10:39:13,394 - INFO - Getting input search box
2025-07-01 10:39:13,449 - INFO - Searching for Johor:
2025-07-01 10:39:20,208 - INFO - Looking for nearby location button
2025-07-01 10:39:21,325 - INFO - Getting nearby location input search box 
2025-07-01 10:39:21,383 - INFO - Searching for KFC near Iskandar Puteri, Johor:
2025-07-01 10:39:28,611 - INFO - Looking for Searched Results
2025-07-01 10:39:28,640 - INFO - Found. Scrolling search results list
2025-07-01 10:39:38,750 - INFO - Extracting Page Source
2025-07-01 10:39:38,799 - INFO - KFC near Iskandar Puteri, Johor: 4
2025-07-01 10:39:38,800 - INFO - Loading Google Maps
2025-07-01 10:39:42,262 - INFO - Getting input search box
2025-07-01 10:39:42,321 - INFO - Searching for Johor:
2025-07-01 10:39:49,036 - INFO - Looking for nearby location button
2025-07-01 10:39:50,157 - INFO - Getting nearby location input search box 
2025-07-01 10:39:50,226 - INFO - Searching for KFC near Kulai, Johor:
2025-07-01 10:39:57,392 - INFO - Looking for Searched Results
2025-07-01 10:39:57,420 - INFO - Found. Scrolling search results list
2025-07-01 10:40:07,522 - INFO - Extracting Page Source
2025-07-01 10:40:07,591 - INFO - KFC near Kulai, Johor: 6
2025-07-01 10:40:07,592 - INFO - Loading Google Maps
2025-07-01 10:40:11,034 - INFO - Getting input search box
2025-07-01 10:40:11,091 - INFO - Searching for Johor:
2025-07-01 10:40:17,784 - INFO - Looking for nearby location button
2025-07-01 10:40:18,902 - INFO - Getting nearby location input search box 
2025-07-01 10:40:18,960 - INFO - Searching for KFC near Pontian, Johor:
2025-07-01 10:40:26,054 - INFO - Looking for Searched Results
2025-07-01 10:40:26,082 - INFO - Found. Scrolling search results list
2025-07-01 10:40:36,400 - INFO - Extracting Page Source
2025-07-01 10:40:36,438 - INFO - KFC near Pontian, Johor: 3
2025-07-01 10:40:36,438 - INFO - Loading Google Maps
2025-07-01 10:40:39,909 - INFO - Getting input search box
2025-07-01 10:40:39,967 - INFO - Searching for Johor:
2025-07-01 10:40:46,662 - INFO - Looking for nearby location button
2025-07-01 10:40:47,789 - INFO - Getting nearby location input search box 
2025-07-01 10:40:47,843 - INFO - Searching for KFC near Tanjung Piai, Johor:
2025-07-01 10:40:55,057 - INFO - Looking for Searched Results
2025-07-01 10:40:55,086 - INFO - Found. Scrolling search results list
2025-07-01 10:41:05,211 - INFO - Extracting Page Source
2025-07-01 10:41:05,268 - INFO - KFC near Tanjung Piai, Johor: 10
2025-07-01 10:41:05,269 - INFO - Data for Johor was loaded into csv
2025-07-01 10:41:05,270 - INFO - Loading Google Maps
2025-07-01 10:41:08,709 - INFO - Getting input search box
2025-07-01 10:41:08,767 - INFO - Searching for Kedah:
2025-07-01 10:41:15,485 - INFO - Looking for nearby location button
2025-07-01 10:41:16,605 - INFO - Getting nearby location input search box 
2025-07-01 10:41:16,687 - INFO - Searching for KFC near Langkawi, Kedah:
2025-07-01 10:41:23,976 - INFO - Looking for Searched Results
2025-07-01 10:41:24,005 - INFO - Found. Scrolling search results list
2025-07-01 10:41:34,145 - INFO - Extracting Page Source
2025-07-01 10:41:34,255 - INFO - KFC near Langkawi, Kedah: 4
2025-07-01 10:41:34,255 - INFO - Loading Google Maps
2025-07-01 10:41:37,702 - INFO - Getting input search box
2025-07-01 10:41:37,759 - INFO - Searching for Kedah:
2025-07-01 10:41:44,446 - INFO - Looking for nearby location button
2025-07-01 10:41:45,577 - INFO - Getting nearby location input search box 
2025-07-01 10:41:45,635 - INFO - Searching for KFC near Jerlun, Kedah:
2025-07-01 10:41:52,488 - INFO - Looking for Searched Results
2025-07-01 10:41:57,638 - INFO - Result list not found. Only One Result available
2025-07-01 10:41:59,639 - INFO - Extracting Page Source
2025-07-01 10:41:59,700 - INFO - KFC near Jerlun, Kedah: 1
2025-07-01 10:41:59,701 - INFO - Loading Google Maps
2025-07-01 10:42:03,136 - INFO - Getting input search box
2025-07-01 10:42:03,198 - INFO - Searching for Kedah:
2025-07-01 10:42:09,864 - INFO - Looking for nearby location button
2025-07-01 10:42:10,981 - INFO - Getting nearby location input search box 
2025-07-01 10:42:11,041 - INFO - Searching for KFC near Kubang Pasu, Kedah:
2025-07-01 10:42:18,081 - INFO - Looking for Searched Results
2025-07-01 10:42:18,110 - INFO - Found. Scrolling search results list
2025-07-01 10:42:28,222 - INFO - Extracting Page Source
2025-07-01 10:42:28,272 - INFO - KFC near Kubang Pasu, Kedah: 7
2025-07-01 10:42:28,272 - INFO - Loading Google Maps
2025-07-01 10:42:31,749 - INFO - Getting input search box
2025-07-01 10:42:31,806 - INFO - Searching for Kedah:
2025-07-01 10:42:38,429 - INFO - Looking for nearby location button
2025-07-01 10:42:39,546 - INFO - Getting nearby location input search box 
2025-07-01 10:42:39,604 - INFO - Searching for KFC near Padang Terap, Kedah:
2025-07-01 10:42:46,617 - INFO - Looking for Searched Results
2025-07-01 10:42:46,647 - INFO - Found. Scrolling search results list
2025-07-01 10:42:56,950 - INFO - Extracting Page Source
2025-07-01 10:42:57,003 - INFO - KFC near Padang Terap, Kedah: 8
2025-07-01 10:42:57,004 - INFO - Loading Google Maps
2025-07-01 10:43:00,464 - INFO - Getting input search box
2025-07-01 10:43:00,523 - INFO - Searching for Kedah:
2025-07-01 10:43:07,196 - INFO - Looking for nearby location button
2025-07-01 10:43:08,313 - INFO - Getting nearby location input search box 
2025-07-01 10:43:08,373 - INFO - Searching for KFC near Pokok Sena, Kedah:
2025-07-01 10:43:15,353 - INFO - Looking for Searched Results
2025-07-01 10:43:20,506 - INFO - Result list not found. Only One Result available
2025-07-01 10:43:22,507 - INFO - Extracting Page Source
2025-07-01 10:43:22,562 - INFO - KFC near Pokok Sena, Kedah: 1
2025-07-01 10:43:22,562 - INFO - Loading Google Maps
2025-07-01 10:43:26,014 - INFO - Getting input search box
2025-07-01 10:43:26,073 - INFO - Searching for Kedah:
2025-07-01 10:43:32,832 - INFO - Looking for nearby location button
2025-07-01 10:43:33,947 - INFO - Getting nearby location input search box 
2025-07-01 10:43:34,008 - INFO - Searching for KFC near Alor Setar, Kedah:
2025-07-01 10:43:41,100 - INFO - Looking for Searched Results
2025-07-01 10:43:41,128 - INFO - Found. Scrolling search results list
2025-07-01 10:43:51,335 - INFO - Extracting Page Source
2025-07-01 10:43:51,401 - INFO - KFC near Alor Setar, Kedah: 11
2025-07-01 10:43:51,402 - INFO - Loading Google Maps
2025-07-01 10:43:55,219 - INFO - Getting input search box
2025-07-01 10:43:55,279 - INFO - Searching for Kedah:
2025-07-01 10:44:01,988 - INFO - Looking for nearby location button
2025-07-01 10:44:03,104 - INFO - Getting nearby location input search box 
2025-07-01 10:44:03,160 - INFO - Searching for KFC near Kuala Kedah, Kedah:
2025-07-01 10:44:10,191 - INFO - Looking for Searched Results
2025-07-01 10:44:10,221 - INFO - Found. Scrolling search results list
2025-07-01 10:44:20,354 - INFO - Extracting Page Source
2025-07-01 10:44:20,389 - INFO - KFC near Kuala Kedah, Kedah: 2
2025-07-01 10:44:20,390 - INFO - Loading Google Maps
2025-07-01 10:44:23,843 - INFO - Getting input search box
2025-07-01 10:44:23,900 - INFO - Searching for Kedah:
2025-07-01 10:44:30,581 - INFO - Looking for nearby location button
2025-07-01 10:44:31,698 - INFO - Getting nearby location input search box 
2025-07-01 10:44:31,753 - INFO - Searching for KFC near Pendang, Kedah:
2025-07-01 10:44:38,832 - INFO - Looking for Searched Results
2025-07-01 10:44:38,860 - INFO - Found. Scrolling search results list
2025-07-01 10:44:48,942 - INFO - Extracting Page Source
2025-07-01 10:44:48,978 - INFO - KFC near Pendang, Kedah: 2
2025-07-01 10:44:48,978 - INFO - Loading Google Maps
2025-07-01 10:44:52,455 - INFO - Getting input search box
2025-07-01 10:44:52,514 - INFO - Searching for Kedah:
2025-07-01 10:45:00,059 - INFO - Looking for nearby location button
2025-07-01 10:45:01,177 - INFO - Getting nearby location input search box 
2025-07-01 10:45:01,242 - INFO - Searching for KFC near Jerai, Kedah:
2025-07-01 10:45:08,317 - INFO - Looking for Searched Results
2025-07-01 10:45:08,348 - INFO - Found. Scrolling search results list
2025-07-01 10:45:23,677 - INFO - Extracting Page Source
2025-07-01 10:45:23,765 - INFO - KFC near Jerai, Kedah: 18
2025-07-01 10:45:23,766 - INFO - Loading Google Maps
2025-07-01 10:45:27,249 - INFO - Getting input search box
2025-07-01 10:45:27,309 - INFO - Searching for Kedah:
2025-07-01 10:45:33,949 - INFO - Looking for nearby location button
2025-07-01 10:45:35,076 - INFO - Getting nearby location input search box 
2025-07-01 10:45:35,132 - INFO - Searching for KFC near Sik, Kedah:
2025-07-01 10:45:42,370 - INFO - Looking for Searched Results
2025-07-01 10:45:42,398 - INFO - Found. Scrolling search results list
2025-07-01 10:45:52,585 - INFO - Extracting Page Source
2025-07-01 10:45:52,644 - INFO - KFC near Sik, Kedah: 11
2025-07-01 10:45:52,644 - INFO - Loading Google Maps
2025-07-01 10:45:56,091 - INFO - Getting input search box
2025-07-01 10:45:56,150 - INFO - Searching for Kedah:
2025-07-01 10:46:02,835 - INFO - Looking for nearby location button
2025-07-01 10:46:03,952 - INFO - Getting nearby location input search box 
2025-07-01 10:46:04,008 - INFO - Searching for KFC near Merbok, Kedah:
2025-07-01 10:46:11,372 - INFO - Looking for Searched Results
2025-07-01 10:46:11,400 - INFO - Found. Scrolling search results list
2025-07-01 10:46:21,540 - INFO - Extracting Page Source
2025-07-01 10:46:21,602 - INFO - KFC near Merbok, Kedah: 7
2025-07-01 10:46:21,603 - INFO - Loading Google Maps
2025-07-01 10:46:25,104 - INFO - Getting input search box
2025-07-01 10:46:25,163 - INFO - Searching for Kedah:
2025-07-01 10:46:31,802 - INFO - Looking for nearby location button
2025-07-01 10:46:32,938 - INFO - Getting nearby location input search box 
2025-07-01 10:46:32,994 - INFO - Searching for KFC near Sungai Petani, Kedah:
2025-07-01 10:46:40,194 - INFO - Looking for Searched Results
2025-07-01 10:46:40,222 - INFO - Found. Scrolling search results list
2025-07-01 10:46:50,421 - INFO - Extracting Page Source
2025-07-01 10:46:50,492 - INFO - KFC near Sungai Petani, Kedah: 11
2025-07-01 10:46:50,493 - INFO - Loading Google Maps
2025-07-01 10:46:54,313 - INFO - Getting input search box
2025-07-01 10:46:54,372 - INFO - Searching for Kedah:
2025-07-01 10:47:01,139 - INFO - Looking for nearby location button
2025-07-01 10:47:02,256 - INFO - Getting nearby location input search box 
2025-07-01 10:47:02,315 - INFO - Searching for KFC near Baling, Kedah:
2025-07-01 10:47:09,366 - INFO - Looking for Searched Results
2025-07-01 10:47:14,529 - INFO - Result list not found. Only One Result available
2025-07-01 10:47:16,530 - INFO - Extracting Page Source
2025-07-01 10:47:16,711 - INFO - KFC near Baling, Kedah: 1
2025-07-01 10:47:16,712 - INFO - Loading Google Maps
2025-07-01 10:47:20,170 - INFO - Getting input search box
2025-07-01 10:47:20,225 - INFO - Searching for Kedah:
2025-07-01 10:47:26,958 - INFO - Looking for nearby location button
2025-07-01 10:47:28,102 - INFO - Getting nearby location input search box 
2025-07-01 10:47:28,160 - INFO - Searching for KFC near Padang Serai, Kedah:
2025-07-01 10:47:35,104 - INFO - Looking for Searched Results
2025-07-01 10:47:40,253 - INFO - Result list not found. Only One Result available
2025-07-01 10:47:42,254 - INFO - Extracting Page Source
2025-07-01 10:47:42,307 - INFO - KFC near Padang Serai, Kedah: 1
2025-07-01 10:47:42,308 - INFO - Loading Google Maps
2025-07-01 10:47:45,777 - INFO - Getting input search box
2025-07-01 10:47:45,837 - INFO - Searching for Kedah:
2025-07-01 10:47:52,579 - INFO - Looking for nearby location button
2025-07-01 10:47:53,701 - INFO - Getting nearby location input search box 
2025-07-01 10:47:53,759 - INFO - Searching for KFC near Kulim-Bandar Baharu, Kedah:
2025-07-01 10:48:00,920 - INFO - Looking for Searched Results
2025-07-01 10:48:00,950 - INFO - Found. Scrolling search results list
2025-07-01 10:48:11,122 - INFO - Extracting Page Source
2025-07-01 10:48:11,164 - INFO - KFC near Kulim-Bandar Baharu, Kedah: 6
2025-07-01 10:48:11,166 - INFO - Data for Kedah was loaded into csv
2025-07-01 10:48:11,166 - INFO - Loading Google Maps
2025-07-01 10:48:14,621 - INFO - Getting input search box
2025-07-01 10:48:14,681 - INFO - Searching for Kelantan:
2025-07-01 10:48:21,437 - INFO - Looking for nearby location button
2025-07-01 10:48:22,555 - INFO - Getting nearby location input search box 
2025-07-01 10:48:22,620 - INFO - Searching for KFC near Tumpat, Kelantan:
2025-07-01 10:48:30,222 - INFO - Looking for Searched Results
2025-07-01 10:48:35,385 - INFO - Result list not found. Only One Result available
2025-07-01 10:48:37,385 - INFO - Extracting Page Source
2025-07-01 10:48:37,437 - INFO - KFC near Tumpat, Kelantan: 1
2025-07-01 10:48:37,438 - INFO - Loading Google Maps
2025-07-01 10:48:40,881 - INFO - Getting input search box
2025-07-01 10:48:40,939 - INFO - Searching for Kelantan:
2025-07-01 10:48:47,643 - INFO - Looking for nearby location button
2025-07-01 10:48:48,761 - INFO - Getting nearby location input search box 
2025-07-01 10:48:48,824 - INFO - Searching for KFC near Pengkalan Chepa, Kelantan:
2025-07-01 10:48:55,983 - INFO - Looking for Searched Results
2025-07-01 10:48:56,024 - INFO - Found. Scrolling search results list
2025-07-01 10:49:06,223 - INFO - Extracting Page Source
2025-07-01 10:49:06,283 - INFO - KFC near Pengkalan Chepa, Kelantan: 10
2025-07-01 10:49:06,283 - INFO - Loading Google Maps
2025-07-01 10:49:09,745 - INFO - Getting input search box
2025-07-01 10:49:09,807 - INFO - Searching for Kelantan:
2025-07-01 10:49:16,466 - INFO - Looking for nearby location button
2025-07-01 10:49:17,627 - INFO - Getting nearby location input search box 
2025-07-01 10:49:17,709 - INFO - Searching for KFC near Kota Bharu, Kelantan:
2025-07-01 10:49:24,987 - INFO - Looking for Searched Results
2025-07-01 10:49:25,016 - INFO - Found. Scrolling search results list
2025-07-01 10:49:35,133 - INFO - Extracting Page Source
2025-07-01 10:49:35,183 - INFO - KFC near Kota Bharu, Kelantan: 7
2025-07-01 10:49:35,183 - INFO - Loading Google Maps
2025-07-01 10:49:38,627 - INFO - Getting input search box
2025-07-01 10:49:38,684 - INFO - Searching for Kelantan:
2025-07-01 10:49:45,412 - INFO - Looking for nearby location button
2025-07-01 10:49:46,531 - INFO - Getting nearby location input search box 
2025-07-01 10:49:46,591 - INFO - Searching for KFC near Pasir Mas, Kelantan:
2025-07-01 10:49:53,511 - INFO - Looking for Searched Results
2025-07-01 10:49:58,662 - INFO - Result list not found. Only One Result available
2025-07-01 10:50:00,663 - INFO - Extracting Page Source
2025-07-01 10:50:00,728 - INFO - KFC near Pasir Mas, Kelantan: 1
2025-07-01 10:50:00,729 - INFO - Loading Google Maps
2025-07-01 10:50:04,186 - INFO - Getting input search box
2025-07-01 10:50:04,244 - INFO - Searching for Kelantan:
2025-07-01 10:50:11,028 - INFO - Looking for nearby location button
2025-07-01 10:50:12,148 - INFO - Getting nearby location input search box 
2025-07-01 10:50:12,206 - INFO - Searching for KFC near Rantau Panjang, Kelantan:
2025-07-01 10:50:19,279 - INFO - Looking for Searched Results
2025-07-01 10:50:19,308 - INFO - Found. Scrolling search results list
2025-07-01 10:50:29,401 - INFO - Extracting Page Source
2025-07-01 10:50:29,446 - INFO - KFC near Rantau Panjang, Kelantan: 2
2025-07-01 10:50:29,446 - INFO - Loading Google Maps
2025-07-01 10:50:32,909 - INFO - Getting input search box
2025-07-01 10:50:32,968 - INFO - Searching for Kelantan:
2025-07-01 10:50:39,786 - INFO - Looking for nearby location button
2025-07-01 10:50:40,906 - INFO - Getting nearby location input search box 
2025-07-01 10:50:40,962 - INFO - Searching for KFC near Kubang Kerian, Kelantan:
2025-07-01 10:50:47,950 - INFO - Looking for Searched Results
2025-07-01 10:50:53,106 - INFO - Result list not found. Only One Result available
2025-07-01 10:50:55,107 - INFO - Extracting Page Source
2025-07-01 10:50:55,168 - INFO - KFC near Kubang Kerian, Kelantan: 1
2025-07-01 10:50:55,168 - INFO - Loading Google Maps
2025-07-01 10:50:58,592 - INFO - Getting input search box
2025-07-01 10:50:58,655 - INFO - Searching for Kelantan:
2025-07-01 10:51:05,411 - INFO - Looking for nearby location button
2025-07-01 10:51:06,532 - INFO - Getting nearby location input search box 
2025-07-01 10:51:06,591 - INFO - Searching for KFC near Bachok, Kelantan:
2025-07-01 10:51:13,598 - INFO - Looking for Searched Results
2025-07-01 10:51:13,625 - INFO - Found. Scrolling search results list
2025-07-01 10:51:23,742 - INFO - Extracting Page Source
2025-07-01 10:51:23,787 - INFO - KFC near Bachok, Kelantan: 3
2025-07-01 10:51:23,788 - INFO - Loading Google Maps
2025-07-01 10:51:27,262 - INFO - Getting input search box
2025-07-01 10:51:27,319 - INFO - Searching for Kelantan:
2025-07-01 10:51:34,060 - INFO - Looking for nearby location button
2025-07-01 10:51:35,182 - INFO - Getting nearby location input search box 
2025-07-01 10:51:35,239 - INFO - Searching for KFC near Ketereh, Kelantan:
2025-07-01 10:51:42,429 - INFO - Looking for Searched Results
2025-07-01 10:51:42,457 - INFO - Found. Scrolling search results list
2025-07-01 10:51:52,657 - INFO - Extracting Page Source
2025-07-01 10:51:52,715 - INFO - KFC near Ketereh, Kelantan: 13
2025-07-01 10:51:52,716 - INFO - Loading Google Maps
2025-07-01 10:51:56,217 - INFO - Getting input search box
2025-07-01 10:51:56,276 - INFO - Searching for Kelantan:
2025-07-01 10:52:02,982 - INFO - Looking for nearby location button
2025-07-01 10:52:04,099 - INFO - Getting nearby location input search box 
2025-07-01 10:52:04,156 - INFO - Searching for KFC near Tanah Merah, Kelantan:
2025-07-01 10:52:11,094 - INFO - Looking for Searched Results
2025-07-01 10:52:16,247 - INFO - Result list not found. Only One Result available
2025-07-01 10:52:18,248 - INFO - Extracting Page Source
2025-07-01 10:52:18,305 - INFO - KFC near Tanah Merah, Kelantan: 1
2025-07-01 10:52:18,305 - INFO - Loading Google Maps
2025-07-01 10:52:21,725 - INFO - Getting input search box
2025-07-01 10:52:21,786 - INFO - Searching for Kelantan:
2025-07-01 10:52:28,656 - INFO - Looking for nearby location button
2025-07-01 10:52:29,775 - INFO - Getting nearby location input search box 
2025-07-01 10:52:29,834 - INFO - Searching for KFC near Pasir Puteh, Kelantan:
2025-07-01 10:52:36,766 - INFO - Looking for Searched Results
2025-07-01 10:52:41,919 - INFO - Result list not found. Only One Result available
2025-07-01 10:52:43,920 - INFO - Extracting Page Source
2025-07-01 10:52:43,975 - INFO - KFC near Pasir Puteh, Kelantan: 1
2025-07-01 10:52:43,975 - INFO - Loading Google Maps
2025-07-01 10:52:47,097 - INFO - Getting input search box
2025-07-01 10:52:47,155 - INFO - Searching for Kelantan:
2025-07-01 10:52:53,897 - INFO - Looking for nearby location button
2025-07-01 10:52:55,016 - INFO - Getting nearby location input search box 
2025-07-01 10:52:55,075 - INFO - Searching for KFC near Machang, Kelantan:
2025-07-01 10:53:02,260 - INFO - Looking for Searched Results
2025-07-01 10:53:02,289 - INFO - Found. Scrolling search results list
2025-07-01 10:53:12,397 - INFO - Extracting Page Source
2025-07-01 10:53:12,434 - INFO - KFC near Machang, Kelantan: 3
2025-07-01 10:53:12,435 - INFO - Loading Google Maps
2025-07-01 10:53:15,934 - INFO - Getting input search box
2025-07-01 10:53:15,992 - INFO - Searching for Kelantan:
2025-07-01 10:53:22,716 - INFO - Looking for nearby location button
2025-07-01 10:53:23,834 - INFO - Getting nearby location input search box 
2025-07-01 10:53:23,890 - INFO - Searching for KFC near Jeli, Kelantan:
2025-07-01 10:53:30,988 - INFO - Looking for Searched Results
2025-07-01 10:53:36,138 - INFO - Result list not found. Only One Result available
2025-07-01 10:53:38,139 - INFO - Extracting Page Source
2025-07-01 10:53:38,185 - INFO - KFC near Jeli, Kelantan: 1
2025-07-01 10:53:38,186 - INFO - Loading Google Maps
2025-07-01 10:53:41,639 - INFO - Getting input search box
2025-07-01 10:53:41,697 - INFO - Searching for Kelantan:
2025-07-01 10:53:48,453 - INFO - Looking for nearby location button
2025-07-01 10:53:49,572 - INFO - Getting nearby location input search box 
2025-07-01 10:53:49,627 - INFO - Searching for KFC near Kuala Krai, Kelantan:
2025-07-01 10:53:56,613 - INFO - Looking for Searched Results
2025-07-01 10:53:56,641 - INFO - Found. Scrolling search results list
2025-07-01 10:54:06,753 - INFO - Extracting Page Source
2025-07-01 10:54:06,793 - INFO - KFC near Kuala Krai, Kelantan: 3
2025-07-01 10:54:06,793 - INFO - Loading Google Maps
2025-07-01 10:54:10,259 - INFO - Getting input search box
2025-07-01 10:54:10,326 - INFO - Searching for Kelantan:
2025-07-01 10:54:17,063 - INFO - Looking for nearby location button
2025-07-01 10:54:18,189 - INFO - Getting nearby location input search box 
2025-07-01 10:54:18,248 - INFO - Searching for KFC near Gua Musang, Kelantan:
2025-07-01 10:54:25,279 - INFO - Looking for Searched Results
2025-07-01 10:54:30,436 - INFO - Result list not found. Only One Result available
2025-07-01 10:54:32,437 - INFO - Extracting Page Source
2025-07-01 10:54:32,520 - INFO - KFC near Gua Musang, Kelantan: 1
2025-07-01 10:54:32,522 - INFO - Data for Kelantan was loaded into csv
2025-07-01 10:54:32,522 - INFO - Loading Google Maps
2025-07-01 10:54:35,978 - INFO - Getting input search box
2025-07-01 10:54:36,037 - INFO - Searching for Melaka:
2025-07-01 10:54:43,079 - INFO - Looking for nearby location button
2025-07-01 10:54:44,200 - INFO - Getting nearby location input search box 
2025-07-01 10:54:44,277 - INFO - Searching for KFC near Masjid Tanah, Melaka:
2025-07-01 10:54:51,365 - INFO - Looking for Searched Results
2025-07-01 10:54:51,394 - INFO - Found. Scrolling search results list
2025-07-01 10:55:01,751 - INFO - Extracting Page Source
2025-07-01 10:55:01,799 - INFO - KFC near Masjid Tanah, Melaka: 4
2025-07-01 10:55:01,799 - INFO - Loading Google Maps
2025-07-01 10:55:05,281 - INFO - Getting input search box
2025-07-01 10:55:05,342 - INFO - Searching for Melaka:
2025-07-01 10:55:12,240 - INFO - Looking for nearby location button
2025-07-01 10:55:13,357 - INFO - Getting nearby location input search box 
2025-07-01 10:55:13,444 - INFO - Searching for KFC near Alor Gajah, Melaka:
2025-07-01 10:55:20,626 - INFO - Looking for Searched Results
2025-07-01 10:55:25,775 - INFO - Result list not found. Only One Result available
2025-07-01 10:55:27,775 - INFO - Extracting Page Source
2025-07-01 10:55:27,844 - INFO - KFC near Alor Gajah, Melaka: 1
2025-07-01 10:55:27,845 - INFO - Loading Google Maps
2025-07-01 10:55:31,288 - INFO - Getting input search box
2025-07-01 10:55:31,346 - INFO - Searching for Melaka:
2025-07-01 10:55:39,033 - INFO - Looking for nearby location button
2025-07-01 10:55:40,155 - INFO - Getting nearby location input search box 
2025-07-01 10:55:40,236 - INFO - Searching for KFC near Tangga Batu, Melaka:
2025-07-01 10:55:47,700 - INFO - Looking for Searched Results
2025-07-01 10:55:47,728 - INFO - Found. Scrolling search results list
2025-07-01 10:56:03,051 - INFO - Extracting Page Source
2025-07-01 10:56:03,124 - INFO - KFC near Tangga Batu, Melaka: 18
2025-07-01 10:56:03,124 - INFO - Loading Google Maps
2025-07-01 10:56:06,599 - INFO - Getting input search box
2025-07-01 10:56:06,656 - INFO - Searching for Melaka:
2025-07-01 10:56:13,665 - INFO - Looking for nearby location button
2025-07-01 10:56:14,810 - INFO - Getting nearby location input search box 
2025-07-01 10:56:14,887 - INFO - Searching for KFC near Hang Tuah Jaya, Melaka:
2025-07-01 10:56:22,065 - INFO - Looking for Searched Results
2025-07-01 10:56:22,093 - INFO - Found. Scrolling search results list
2025-07-01 10:56:37,386 - INFO - Extracting Page Source
2025-07-01 10:56:37,639 - INFO - KFC near Hang Tuah Jaya, Melaka: 16
2025-07-01 10:56:37,639 - INFO - Loading Google Maps
2025-07-01 10:56:41,224 - INFO - Getting input search box
2025-07-01 10:56:41,282 - INFO - Searching for Melaka:
2025-07-01 10:56:48,210 - INFO - Looking for nearby location button
2025-07-01 10:56:49,327 - INFO - Getting nearby location input search box 
2025-07-01 10:56:49,390 - INFO - Searching for KFC near Kota Melaka, Melaka:
2025-07-01 10:56:56,860 - INFO - Looking for Searched Results
2025-07-01 10:56:56,888 - INFO - Found. Scrolling search results list
2025-07-01 10:57:12,204 - INFO - Extracting Page Source
2025-07-01 10:57:12,276 - INFO - KFC near Kota Melaka, Melaka: 19
2025-07-01 10:57:12,277 - INFO - Loading Google Maps
2025-07-01 10:57:15,743 - INFO - Getting input search box
2025-07-01 10:57:15,801 - INFO - Searching for Melaka:
2025-07-01 10:57:22,800 - INFO - Looking for nearby location button
2025-07-01 10:57:23,936 - INFO - Getting nearby location input search box 
2025-07-01 10:57:23,994 - INFO - Searching for KFC near Jasin, Melaka:
2025-07-01 10:57:30,992 - INFO - Looking for Searched Results
2025-07-01 10:57:31,022 - INFO - Found. Scrolling search results list
2025-07-01 10:57:41,127 - INFO - Extracting Page Source
2025-07-01 10:57:41,165 - INFO - KFC near Jasin, Melaka: 3
2025-07-01 10:57:41,166 - INFO - Data for Melaka was loaded into csv
2025-07-01 10:57:41,167 - INFO - Loading Google Maps
2025-07-01 10:57:44,612 - INFO - Getting input search box
2025-07-01 10:57:44,669 - INFO - Searching for Negeri Sembilan:
2025-07-01 10:57:51,465 - INFO - Looking for nearby location button
2025-07-01 10:57:52,592 - INFO - Getting nearby location input search box 
2025-07-01 10:57:52,665 - INFO - Searching for KFC near Jelebu, Negeri Sembilan:
2025-07-01 10:57:59,708 - INFO - Looking for Searched Results
2025-07-01 10:58:04,854 - INFO - Result list not found. Only One Result available
2025-07-01 10:58:06,855 - INFO - Extracting Page Source
2025-07-01 10:58:07,006 - INFO - KFC near Jelebu, Negeri Sembilan: 1
2025-07-01 10:58:07,007 - INFO - Loading Google Maps
2025-07-01 10:58:10,782 - INFO - Getting input search box
2025-07-01 10:58:10,840 - INFO - Searching for Negeri Sembilan:
2025-07-01 10:58:17,638 - INFO - Looking for nearby location button
2025-07-01 10:58:18,759 - INFO - Getting nearby location input search box 
2025-07-01 10:58:18,817 - INFO - Searching for KFC near Jempol, Negeri Sembilan:
2025-07-01 10:58:25,837 - INFO - Looking for Searched Results
2025-07-01 10:58:25,866 - INFO - Found. Scrolling search results list
2025-07-01 10:58:36,075 - INFO - Extracting Page Source
2025-07-01 10:58:36,118 - INFO - KFC near Jempol, Negeri Sembilan: 2
2025-07-01 10:58:36,119 - INFO - Loading Google Maps
2025-07-01 10:58:39,612 - INFO - Getting input search box
2025-07-01 10:58:39,667 - INFO - Searching for Negeri Sembilan:
2025-07-01 10:58:46,489 - INFO - Looking for nearby location button
2025-07-01 10:58:47,617 - INFO - Getting nearby location input search box 
2025-07-01 10:58:47,676 - INFO - Searching for KFC near Seremban, Negeri Sembilan:
2025-07-01 10:58:54,936 - INFO - Looking for Searched Results
2025-07-01 10:58:54,965 - INFO - Found. Scrolling search results list
2025-07-01 10:59:10,289 - INFO - Extracting Page Source
2025-07-01 10:59:10,361 - INFO - KFC near Seremban, Negeri Sembilan: 15
2025-07-01 10:59:10,361 - INFO - Loading Google Maps
2025-07-01 10:59:13,797 - INFO - Getting input search box
2025-07-01 10:59:13,857 - INFO - Searching for Negeri Sembilan:
2025-07-01 10:59:20,753 - INFO - Looking for nearby location button
2025-07-01 10:59:21,871 - INFO - Getting nearby location input search box 
2025-07-01 10:59:21,935 - INFO - Searching for KFC near Kuala Pilah, Negeri Sembilan:
2025-07-01 10:59:29,091 - INFO - Looking for Searched Results
2025-07-01 10:59:34,237 - INFO - Result list not found. Only One Result available
2025-07-01 10:59:36,238 - INFO - Extracting Page Source
2025-07-01 10:59:36,302 - INFO - KFC near Kuala Pilah, Negeri Sembilan: 1
2025-07-01 10:59:36,302 - INFO - Loading Google Maps
2025-07-01 10:59:39,738 - INFO - Getting input search box
2025-07-01 10:59:39,795 - INFO - Searching for Negeri Sembilan:
2025-07-01 10:59:46,630 - INFO - Looking for nearby location button
2025-07-01 10:59:47,745 - INFO - Getting nearby location input search box 
2025-07-01 10:59:47,805 - INFO - Searching for KFC near Rasah, Negeri Sembilan:
2025-07-01 10:59:54,771 - INFO - Looking for Searched Results
2025-07-01 10:59:54,799 - INFO - Found. Scrolling search results list
2025-07-01 11:00:04,915 - INFO - Extracting Page Source
2025-07-01 11:00:04,957 - INFO - KFC near Rasah, Negeri Sembilan: 4
2025-07-01 11:00:04,958 - INFO - Loading Google Maps
2025-07-01 11:00:08,408 - INFO - Getting input search box
2025-07-01 11:00:08,465 - INFO - Searching for Negeri Sembilan:
2025-07-01 10:30:18,239 - INFO - Looking for nearby location button
2025-07-01 10:30:19,361 - INFO - Getting nearby location input search box 
2025-07-01 10:30:19,532 - INFO - Searching for KFC near Rembau, Negeri Sembilan:
2025-07-01 10:30:27,512 - INFO - Looking for Searched Results
2025-07-01 10:30:32,665 - INFO - Result list not found. Only One Result available
2025-07-01 10:30:34,665 - INFO - Extracting Page Source
2025-07-01 10:30:34,776 - INFO - KFC near Rembau, Negeri Sembilan: 1
2025-07-01 10:30:34,777 - INFO - Loading Google Maps
2025-07-01 10:30:38,270 - INFO - Getting input search box
2025-07-01 10:30:38,334 - INFO - Searching for Negeri Sembilan:
2025-07-01 10:30:45,102 - INFO - Looking for nearby location button
2025-07-01 10:30:46,220 - INFO - Getting nearby location input search box 
2025-07-01 10:30:46,277 - INFO - Searching for KFC near Port Dickson, Negeri Sembilan:
2025-07-01 10:30:53,551 - INFO - Looking for Searched Results
2025-07-01 10:30:53,579 - INFO - Found. Scrolling search results list
2025-07-01 10:31:03,735 - INFO - Extracting Page Source
2025-07-01 10:31:03,785 - INFO - KFC near Port Dickson, Negeri Sembilan: 3
2025-07-01 10:31:03,785 - INFO - Loading Google Maps
2025-07-01 10:31:06,898 - INFO - Getting input search box
2025-07-01 10:31:06,955 - INFO - Searching for Negeri Sembilan:
2025-07-01 10:31:13,828 - INFO - Looking for nearby location button
2025-07-01 10:31:14,947 - INFO - Getting nearby location input search box 
2025-07-01 10:31:15,006 - INFO - Searching for KFC near Tampin, Negeri Sembilan:
2025-07-01 10:31:22,004 - INFO - Looking for Searched Results
2025-07-01 10:31:27,153 - INFO - Result list not found. Only One Result available
2025-07-01 10:31:29,154 - INFO - Extracting Page Source
2025-07-01 10:31:29,233 - INFO - KFC near Tampin, Negeri Sembilan: 1
2025-07-01 10:31:29,234 - INFO - Data for Negeri Sembilan was loaded into csv
2025-07-01 10:31:29,235 - INFO - Loading Google Maps
2025-07-01 10:31:32,719 - INFO - Getting input search box
2025-07-01 10:31:32,776 - INFO - Searching for Pahang:
2025-07-01 10:31:39,474 - INFO - Looking for nearby location button
2025-07-01 10:31:40,591 - INFO - Getting nearby location input search box 
2025-07-01 10:31:40,649 - INFO - Searching for KFC near Cameron Highlands, Pahang:
2025-07-01 10:31:48,718 - INFO - Looking for Searched Results
2025-07-01 10:31:53,869 - INFO - Result list not found. Only One Result available
2025-07-01 10:31:55,869 - INFO - Extracting Page Source
2025-07-01 10:31:55,930 - INFO - KFC near Cameron Highlands, Pahang: 1
2025-07-01 10:31:55,931 - INFO - Loading Google Maps
2025-07-01 10:31:59,426 - INFO - Getting input search box
2025-07-01 10:31:59,489 - INFO - Searching for Pahang:
2025-07-01 10:32:06,246 - INFO - Looking for nearby location button
2025-07-01 10:32:07,360 - INFO - Getting nearby location input search box 
2025-07-01 10:32:07,418 - INFO - Searching for KFC near Lipis, Pahang:
2025-07-01 10:32:14,358 - INFO - Looking for Searched Results
2025-07-01 10:32:19,508 - INFO - Result list not found. Only One Result available
2025-07-01 10:32:21,508 - INFO - Extracting Page Source
2025-07-01 10:32:21,593 - INFO - KFC near Lipis, Pahang: 1
2025-07-01 10:32:21,594 - INFO - Loading Google Maps
2025-07-01 10:32:25,080 - INFO - Getting input search box
2025-07-01 10:32:25,139 - INFO - Searching for Pahang:
2025-07-01 10:32:31,903 - INFO - Looking for nearby location button
2025-07-01 10:32:33,017 - INFO - Getting nearby location input search box 
2025-07-01 10:32:33,074 - INFO - Searching for KFC near Raub, Pahang:
2025-07-01 10:32:40,108 - INFO - Looking for Searched Results
2025-07-01 10:32:40,135 - INFO - Found. Scrolling search results list
2025-07-01 10:32:50,399 - INFO - Extracting Page Source
2025-07-01 10:32:50,442 - INFO - KFC near Raub, Pahang: 2
2025-07-01 10:32:50,443 - INFO - Loading Google Maps
2025-07-01 10:32:53,585 - INFO - Getting input search box
2025-07-01 10:32:53,642 - INFO - Searching for Pahang:
2025-07-01 10:33:00,312 - INFO - Looking for nearby location button
2025-07-01 10:33:01,427 - INFO - Getting nearby location input search box 
2025-07-01 10:33:01,483 - INFO - Searching for KFC near Jerantut, Pahang:
2025-07-01 10:33:08,411 - INFO - Looking for Searched Results
2025-07-01 10:33:13,560 - INFO - Result list not found. Only One Result available
2025-07-01 10:33:15,560 - INFO - Extracting Page Source
2025-07-01 10:33:15,644 - INFO - KFC near Jerantut, Pahang: 1
2025-07-01 10:33:15,644 - INFO - Loading Google Maps
2025-07-01 10:33:19,140 - INFO - Getting input search box
2025-07-01 10:33:19,200 - INFO - Searching for Pahang:
2025-07-01 10:33:25,892 - INFO - Looking for nearby location button
2025-07-01 10:33:27,005 - INFO - Getting nearby location input search box 
2025-07-01 10:33:27,065 - INFO - Searching for KFC near Indera Mahkota, Pahang:
2025-07-01 10:33:34,083 - INFO - Looking for Searched Results
2025-07-01 10:33:34,108 - INFO - Found. Scrolling search results list
2025-07-01 10:33:44,199 - INFO - Extracting Page Source
2025-07-01 10:33:44,244 - INFO - KFC near Indera Mahkota, Pahang: 2
2025-07-01 10:33:44,245 - INFO - Loading Google Maps
2025-07-01 10:33:47,692 - INFO - Getting input search box
2025-07-01 10:33:47,751 - INFO - Searching for Pahang:
2025-07-01 10:33:54,438 - INFO - Looking for nearby location button
2025-07-01 10:33:55,556 - INFO - Getting nearby location input search box 
2025-07-01 10:33:55,614 - INFO - Searching for KFC near Kuantan, Pahang:
2025-07-01 10:34:02,895 - INFO - Looking for Searched Results
2025-07-01 10:34:02,922 - INFO - Found. Scrolling search results list
2025-07-01 10:34:13,011 - INFO - Extracting Page Source
2025-07-01 10:34:13,076 - INFO - KFC near Kuantan, Pahang: 14
2025-07-01 10:34:13,076 - INFO - Loading Google Maps
2025-07-01 10:34:16,500 - INFO - Getting input search box
2025-07-01 10:34:16,577 - INFO - Searching for Pahang:
2025-07-01 10:34:23,288 - INFO - Looking for nearby location button
2025-07-01 10:34:24,401 - INFO - Getting nearby location input search box 
2025-07-01 10:34:24,460 - INFO - Searching for KFC near Paya Besar, Pahang:
2025-07-01 10:34:31,664 - INFO - Looking for Searched Results
2025-07-01 10:34:31,693 - INFO - Found. Scrolling search results list
2025-07-01 10:34:41,930 - INFO - Extracting Page Source
2025-07-01 10:34:41,987 - INFO - KFC near Paya Besar, Pahang: 6
2025-07-01 10:34:41,988 - INFO - Loading Google Maps
2025-07-01 10:34:45,458 - INFO - Getting input search box
2025-07-01 10:34:45,517 - INFO - Searching for Pahang:
2025-07-01 10:34:52,223 - INFO - Looking for nearby location button
2025-07-01 10:34:53,341 - INFO - Getting nearby location input search box 
2025-07-01 10:34:53,397 - INFO - Searching for KFC near Pekan, Pahang:
2025-07-01 10:35:00,339 - INFO - Looking for Searched Results
2025-07-01 10:35:00,369 - INFO - Found. Scrolling search results list
2025-07-01 10:35:10,451 - INFO - Extracting Page Source
2025-07-01 10:35:10,498 - INFO - KFC near Pekan, Pahang: 2
2025-07-01 10:35:10,498 - INFO - Loading Google Maps
2025-07-01 10:35:13,967 - INFO - Getting input search box
2025-07-01 10:35:14,028 - INFO - Searching for Pahang:
2025-07-01 10:35:20,744 - INFO - Looking for nearby location button
2025-07-01 10:35:21,858 - INFO - Getting nearby location input search box 
2025-07-01 10:35:21,914 - INFO - Searching for KFC near Maran, Pahang:
2025-07-01 10:35:28,733 - INFO - Looking for Searched Results
2025-07-01 10:35:33,877 - INFO - Result list not found. Only One Result available
2025-07-01 10:35:35,878 - INFO - Extracting Page Source
2025-07-01 10:35:35,929 - INFO - KFC near Maran, Pahang: 1
2025-07-01 10:35:35,929 - INFO - Loading Google Maps
2025-07-01 10:35:39,383 - INFO - Getting input search box
2025-07-01 10:35:39,444 - INFO - Searching for Pahang:
2025-07-01 10:35:46,164 - INFO - Looking for nearby location button
2025-07-01 10:35:47,277 - INFO - Getting nearby location input search box 
2025-07-01 10:35:47,334 - INFO - Searching for KFC near Kuala Krau, Pahang:
2025-07-01 10:35:54,368 - INFO - Looking for Searched Results
2025-07-01 10:35:54,396 - INFO - Found. Scrolling search results list
2025-07-01 10:36:04,487 - INFO - Extracting Page Source
2025-07-01 10:36:04,536 - INFO - KFC near Kuala Krau, Pahang: 6
2025-07-01 10:36:04,537 - INFO - Loading Google Maps
2025-07-01 10:36:07,981 - INFO - Getting input search box
2025-07-01 10:36:08,041 - INFO - Searching for Pahang:
2025-07-01 10:36:14,761 - INFO - Looking for nearby location button
2025-07-01 10:36:15,884 - INFO - Getting nearby location input search box 
2025-07-01 10:36:15,967 - INFO - Searching for KFC near Temerloh, Pahang:
2025-07-01 10:36:23,006 - INFO - Looking for Searched Results
2025-07-01 10:36:23,036 - INFO - Found. Scrolling search results list
2025-07-01 10:36:33,183 - INFO - Extracting Page Source
2025-07-01 10:36:33,220 - INFO - KFC near Temerloh, Pahang: 2
2025-07-01 10:36:33,220 - INFO - Loading Google Maps
2025-07-01 10:36:36,670 - INFO - Getting input search box
2025-07-01 10:36:36,728 - INFO - Searching for Pahang:
2025-07-01 10:36:43,492 - INFO - Looking for nearby location button
2025-07-01 10:36:44,609 - INFO - Getting nearby location input search box 
2025-07-01 10:36:44,665 - INFO - Searching for KFC near Bentong, Pahang:
2025-07-01 10:36:51,601 - INFO - Looking for Searched Results
2025-07-01 10:36:51,632 - INFO - Found. Scrolling search results list
2025-07-01 10:37:01,716 - INFO - Extracting Page Source
2025-07-01 10:37:01,753 - INFO - KFC near Bentong, Pahang: 3
2025-07-01 10:37:01,753 - INFO - Loading Google Maps
2025-07-01 10:37:05,180 - INFO - Getting input search box
2025-07-01 10:37:05,239 - INFO - Searching for Pahang:
2025-07-01 10:37:11,999 - INFO - Looking for nearby location button
2025-07-01 10:37:13,114 - INFO - Getting nearby location input search box 
2025-07-01 10:37:13,167 - INFO - Searching for KFC near Bera, Pahang:
2025-07-01 10:37:20,313 - INFO - Looking for Searched Results
2025-07-01 10:37:20,341 - INFO - Found. Scrolling search results list
2025-07-01 10:37:30,460 - INFO - Extracting Page Source
2025-07-01 10:37:30,516 - INFO - KFC near Bera, Pahang: 10
2025-07-01 10:37:30,517 - INFO - Loading Google Maps
2025-07-01 10:37:34,038 - INFO - Getting input search box
2025-07-01 10:37:34,096 - INFO - Searching for Pahang:
2025-07-01 10:37:40,774 - INFO - Looking for nearby location button
2025-07-01 10:37:41,894 - INFO - Getting nearby location input search box 
2025-07-01 10:37:41,954 - INFO - Searching for KFC near Rompin, Pahang:
2025-07-01 10:37:48,879 - INFO - Looking for Searched Results
2025-07-01 10:37:54,019 - INFO - Result list not found. Only One Result available
2025-07-01 10:37:56,020 - INFO - Extracting Page Source
2025-07-01 10:37:56,080 - INFO - KFC near Rompin, Pahang: 1
2025-07-01 10:37:56,082 - INFO - Data for Pahang was loaded into csv
2025-07-01 10:37:56,082 - INFO - Loading Google Maps
2025-07-01 10:37:59,477 - INFO - Getting input search box
2025-07-01 10:37:59,548 - INFO - Searching for Perak:
2025-07-01 10:38:06,258 - INFO - Looking for nearby location button
2025-07-01 10:38:07,373 - INFO - Getting nearby location input search box 
2025-07-01 10:38:07,432 - INFO - Searching for KFC near Gerik, Perak:
2025-07-01 10:38:14,311 - INFO - Looking for Searched Results
2025-07-01 10:38:19,462 - INFO - Result list not found. Only One Result available
2025-07-01 10:38:21,463 - INFO - Extracting Page Source
2025-07-01 10:38:21,526 - INFO - KFC near Gerik, Perak: 1
2025-07-01 10:38:21,527 - INFO - Loading Google Maps
2025-07-01 10:38:24,958 - INFO - Getting input search box
2025-07-01 10:38:25,016 - INFO - Searching for Perak:
2025-07-01 10:38:31,758 - INFO - Looking for nearby location button
2025-07-01 10:38:32,894 - INFO - Getting nearby location input search box 
2025-07-01 10:38:32,948 - INFO - Searching for KFC near Lenggong, Perak:
2025-07-01 10:38:40,206 - INFO - Looking for Searched Results
2025-07-01 10:38:40,229 - INFO - Found. Scrolling search results list
2025-07-01 10:38:50,317 - INFO - Extracting Page Source
2025-07-01 10:38:50,384 - INFO - KFC near Lenggong, Perak: 11
2025-07-01 10:38:50,384 - INFO - Loading Google Maps
2025-07-01 10:38:53,809 - INFO - Getting input search box
2025-07-01 10:38:53,870 - INFO - Searching for Perak:
2025-07-01 10:39:00,548 - INFO - Looking for nearby location button
2025-07-01 10:39:01,664 - INFO - Getting nearby location input search box 
2025-07-01 10:39:01,720 - INFO - Searching for KFC near Larut, Perak:
2025-07-01 10:39:08,701 - INFO - Looking for Searched Results
2025-07-01 10:39:08,730 - INFO - Found. Scrolling search results list
2025-07-01 10:39:18,881 - INFO - Extracting Page Source
2025-07-01 10:39:18,942 - INFO - KFC near Larut, Perak: 4
2025-07-01 10:39:18,943 - INFO - Loading Google Maps
2025-07-01 10:39:22,374 - INFO - Getting input search box
2025-07-01 10:39:22,435 - INFO - Searching for Perak:
2025-07-01 10:39:29,154 - INFO - Looking for nearby location button
2025-07-01 10:39:30,271 - INFO - Getting nearby location input search box 
2025-07-01 10:39:30,330 - INFO - Searching for KFC near Parit Buntar, Perak:
2025-07-01 10:39:37,490 - INFO - Looking for Searched Results
2025-07-01 10:39:37,522 - INFO - Found. Scrolling search results list
2025-07-01 10:39:47,605 - INFO - Extracting Page Source
2025-07-01 10:39:47,654 - INFO - KFC near Parit Buntar, Perak: 3
2025-07-01 10:39:47,654 - INFO - Loading Google Maps
2025-07-01 10:39:51,441 - INFO - Getting input search box
2025-07-01 10:39:51,498 - INFO - Searching for Perak:
2025-07-01 10:39:58,289 - INFO - Looking for nearby location button
2025-07-01 10:39:59,404 - INFO - Getting nearby location input search box 
2025-07-01 10:39:59,463 - INFO - Searching for KFC near Bagan Serai, Perak:
2025-07-01 10:40:06,463 - INFO - Looking for Searched Results
2025-07-01 10:40:11,614 - INFO - Result list not found. Only One Result available
2025-07-01 10:40:13,614 - INFO - Extracting Page Source
2025-07-01 10:40:13,686 - INFO - KFC near Bagan Serai, Perak: 1
2025-07-01 10:40:13,687 - INFO - Loading Google Maps
2025-07-01 10:40:17,134 - INFO - Getting input search box
2025-07-01 10:40:17,192 - INFO - Searching for Perak:
2025-07-01 10:40:23,932 - INFO - Looking for nearby location button
2025-07-01 10:40:25,047 - INFO - Getting nearby location input search box 
2025-07-01 10:40:25,114 - INFO - Searching for KFC near Bukit Gantang, Perak:
2025-07-01 10:40:32,538 - INFO - Looking for Searched Results
2025-07-01 10:40:32,567 - INFO - Found. Scrolling search results list
2025-07-01 10:40:42,764 - INFO - Extracting Page Source
2025-07-01 10:40:42,837 - INFO - KFC near Bukit Gantang, Perak: 14
2025-07-01 10:40:42,837 - INFO - Loading Google Maps
2025-07-01 10:40:46,274 - INFO - Getting input search box
2025-07-01 10:40:46,333 - INFO - Searching for Perak:
2025-07-01 10:40:53,136 - INFO - Looking for nearby location button
2025-07-01 10:40:54,252 - INFO - Getting nearby location input search box 
2025-07-01 10:40:54,310 - INFO - Searching for KFC near Taiping, Perak:
2025-07-01 10:41:01,389 - INFO - Looking for Searched Results
2025-07-01 10:41:01,416 - INFO - Found. Scrolling search results list
2025-07-01 10:41:11,539 - INFO - Extracting Page Source
2025-07-01 10:41:11,596 - INFO - KFC near Taiping, Perak: 7
2025-07-01 10:41:11,596 - INFO - Loading Google Maps
2025-07-01 10:41:15,033 - INFO - Getting input search box
2025-07-01 10:41:15,092 - INFO - Searching for Perak:
2025-07-01 10:41:21,820 - INFO - Looking for nearby location button
2025-07-01 10:41:22,940 - INFO - Getting nearby location input search box 
2025-07-01 10:41:22,997 - INFO - Searching for KFC near Padang Rengas, Perak:
2025-07-01 10:41:30,246 - INFO - Looking for Searched Results
2025-07-01 10:41:30,273 - INFO - Found. Scrolling search results list
2025-07-01 10:41:40,465 - INFO - Extracting Page Source
2025-07-01 10:41:40,549 - INFO - KFC near Padang Rengas, Perak: 20
2025-07-01 10:41:40,549 - INFO - Loading Google Maps
2025-07-01 10:41:44,051 - INFO - Getting input search box
2025-07-01 10:41:44,108 - INFO - Searching for Perak:
2025-07-01 10:41:50,896 - INFO - Looking for nearby location button
2025-07-01 10:41:52,011 - INFO - Getting nearby location input search box 
2025-07-01 10:41:52,070 - INFO - Searching for KFC near Sungai Siput, Perak:
2025-07-01 10:41:59,015 - INFO - Looking for Searched Results
2025-07-01 10:42:04,163 - INFO - Result list not found. Only One Result available
2025-07-01 10:42:06,163 - INFO - Extracting Page Source
2025-07-01 10:42:06,228 - INFO - KFC near Sungai Siput, Perak: 1
2025-07-01 10:42:06,228 - INFO - Loading Google Maps
2025-07-01 10:42:09,681 - INFO - Getting input search box
2025-07-01 10:42:09,738 - INFO - Searching for Perak:
2025-07-01 10:42:16,499 - INFO - Looking for nearby location button
2025-07-01 10:42:17,614 - INFO - Getting nearby location input search box 
2025-07-01 10:42:17,671 - INFO - Searching for KFC near Tambun, Perak:
2025-07-01 10:42:24,560 - INFO - Looking for Searched Results
2025-07-01 10:42:29,709 - INFO - Result list not found. Only One Result available
2025-07-01 10:42:31,709 - INFO - Extracting Page Source
2025-07-01 10:42:31,767 - INFO - KFC near Tambun, Perak: 1
2025-07-01 10:42:31,767 - INFO - Loading Google Maps
2025-07-01 10:42:35,231 - INFO - Getting input search box
2025-07-01 10:42:35,292 - INFO - Searching for Perak:
2025-07-01 10:42:42,035 - INFO - Looking for nearby location button
2025-07-01 10:42:43,147 - INFO - Getting nearby location input search box 
2025-07-01 10:42:43,205 - INFO - Searching for KFC near Ipoh Timor, Perak:
2025-07-01 10:42:50,507 - INFO - Looking for Searched Results
2025-07-01 10:42:50,542 - INFO - Found. Scrolling search results list
2025-07-01 10:43:00,657 - INFO - Extracting Page Source
2025-07-01 10:43:00,735 - INFO - KFC near Ipoh Timor, Perak: 14
2025-07-01 10:43:00,735 - INFO - Loading Google Maps
2025-07-01 10:43:04,223 - INFO - Getting input search box
2025-07-01 10:43:04,286 - INFO - Searching for Perak:
2025-07-01 10:43:10,988 - INFO - Looking for nearby location button
2025-07-01 10:43:12,107 - INFO - Getting nearby location input search box 
2025-07-01 10:43:12,164 - INFO - Searching for KFC near Ipoh Barat, Perak:
2025-07-01 10:43:19,574 - INFO - Looking for Searched Results
2025-07-01 10:43:19,603 - INFO - Found. Scrolling search results list
2025-07-01 10:43:29,757 - INFO - Extracting Page Source
2025-07-01 10:43:29,824 - INFO - KFC near Ipoh Barat, Perak: 14
2025-07-01 10:43:29,825 - INFO - Loading Google Maps
2025-07-01 10:43:33,367 - INFO - Getting input search box
2025-07-01 10:43:33,425 - INFO - Searching for Perak:
2025-07-01 10:43:40,140 - INFO - Looking for nearby location button
2025-07-01 10:43:41,262 - INFO - Getting nearby location input search box 
2025-07-01 10:43:41,319 - INFO - Searching for KFC near Batu Gajah, Perak:
2025-07-01 10:43:48,161 - INFO - Looking for Searched Results
2025-07-01 10:43:53,310 - INFO - Result list not found. Only One Result available
2025-07-01 10:43:55,311 - INFO - Extracting Page Source
2025-07-01 10:43:55,368 - INFO - KFC near Batu Gajah, Perak: 1
2025-07-01 10:43:55,369 - INFO - Loading Google Maps
2025-07-01 10:43:58,842 - INFO - Getting input search box
2025-07-01 10:43:58,902 - INFO - Searching for Perak:
2025-07-01 10:44:05,699 - INFO - Looking for nearby location button
2025-07-01 10:44:06,812 - INFO - Getting nearby location input search box 
2025-07-01 10:44:06,867 - INFO - Searching for KFC near Kuala Kangsar, Perak:
2025-07-01 10:44:14,012 - INFO - Looking for Searched Results
2025-07-01 10:44:14,039 - INFO - Found. Scrolling search results list
2025-07-01 10:44:24,198 - INFO - Extracting Page Source
2025-07-01 10:44:24,242 - INFO - KFC near Kuala Kangsar, Perak: 2
2025-07-01 10:44:24,242 - INFO - Loading Google Maps
2025-07-01 10:44:27,741 - INFO - Getting input search box
2025-07-01 10:44:27,800 - INFO - Searching for Perak:
2025-07-01 10:44:34,539 - INFO - Looking for nearby location button
2025-07-01 10:44:35,653 - INFO - Getting nearby location input search box 
2025-07-01 10:44:35,713 - INFO - Searching for KFC near Beruas, Perak:
2025-07-01 10:44:42,745 - INFO - Looking for Searched Results
2025-07-01 10:44:47,889 - INFO - Result list not found. Only One Result available
2025-07-01 10:44:49,891 - INFO - Extracting Page Source
2025-07-01 10:44:49,945 - INFO - KFC near Beruas, Perak: 1
2025-07-01 10:44:49,946 - INFO - Loading Google Maps
2025-07-01 10:44:53,418 - INFO - Getting input search box
2025-07-01 10:44:53,485 - INFO - Searching for Perak:
2025-07-01 10:45:00,359 - INFO - Looking for nearby location button
2025-07-01 10:45:01,474 - INFO - Getting nearby location input search box 
2025-07-01 10:45:01,529 - INFO - Searching for KFC near Parit, Perak:
2025-07-01 10:45:08,913 - INFO - Looking for Searched Results
2025-07-01 10:45:08,942 - INFO - Found. Scrolling search results list
2025-07-01 10:45:19,030 - INFO - Extracting Page Source
2025-07-01 10:45:19,067 - INFO - KFC near Parit, Perak: 3
2025-07-01 10:45:19,067 - INFO - Loading Google Maps
2025-07-01 10:45:22,520 - INFO - Getting input search box
2025-07-01 10:45:22,577 - INFO - Searching for Perak:
2025-07-01 10:45:29,310 - INFO - Looking for nearby location button
2025-07-01 10:45:30,432 - INFO - Getting nearby location input search box 
2025-07-01 10:45:30,491 - INFO - Searching for KFC near Kampar, Perak:
2025-07-01 10:45:37,630 - INFO - Looking for Searched Results
2025-07-01 10:45:37,659 - INFO - Found. Scrolling search results list
2025-07-01 10:45:47,743 - INFO - Extracting Page Source
2025-07-01 10:45:47,784 - INFO - KFC near Kampar, Perak: 3
2025-07-01 10:45:47,785 - INFO - Loading Google Maps
2025-07-01 10:45:51,203 - INFO - Getting input search box
2025-07-01 10:45:51,277 - INFO - Searching for Perak:
2025-07-01 10:45:57,926 - INFO - Looking for nearby location button
2025-07-01 10:45:59,042 - INFO - Getting nearby location input search box 
2025-07-01 10:45:59,100 - INFO - Searching for KFC near Gopeng, Perak:
2025-07-01 10:46:06,211 - INFO - Looking for Searched Results
2025-07-01 10:46:06,240 - INFO - Found. Scrolling search results list
2025-07-01 10:46:16,328 - INFO - Extracting Page Source
2025-07-01 10:46:16,373 - INFO - KFC near Gopeng, Perak: 2
2025-07-01 10:46:16,374 - INFO - Loading Google Maps
2025-07-01 10:46:19,873 - INFO - Getting input search box
2025-07-01 10:46:19,932 - INFO - Searching for Perak:
2025-07-01 10:46:26,622 - INFO - Looking for nearby location button
2025-07-01 10:46:27,743 - INFO - Getting nearby location input search box 
2025-07-01 10:46:27,799 - INFO - Searching for KFC near Tapah, Perak:
2025-07-01 10:46:34,927 - INFO - Looking for Searched Results
2025-07-01 10:46:34,957 - INFO - Found. Scrolling search results list
2025-07-01 10:46:45,147 - INFO - Extracting Page Source
2025-07-01 10:46:45,185 - INFO - KFC near Tapah, Perak: 2
2025-07-01 10:46:45,185 - INFO - Loading Google Maps
2025-07-01 10:46:48,662 - INFO - Getting input search box
2025-07-01 10:46:48,718 - INFO - Searching for Perak:
2025-07-01 10:46:55,494 - INFO - Looking for nearby location button
2025-07-01 10:46:56,618 - INFO - Getting nearby location input search box 
2025-07-01 10:46:56,682 - INFO - Searching for KFC near Pasir Salak, Perak:
2025-07-01 10:47:04,094 - INFO - Looking for Searched Results
2025-07-01 10:47:04,124 - INFO - Found. Scrolling search results list
2025-07-01 10:47:14,211 - INFO - Extracting Page Source
2025-07-01 10:47:14,284 - INFO - KFC near Pasir Salak, Perak: 14
2025-07-01 10:47:14,285 - INFO - Loading Google Maps
2025-07-01 10:47:17,750 - INFO - Getting input search box
2025-07-01 10:47:17,809 - INFO - Searching for Perak:
2025-07-01 10:47:24,520 - INFO - Looking for nearby location button
2025-07-01 10:47:25,637 - INFO - Getting nearby location input search box 
2025-07-01 10:47:25,693 - INFO - Searching for KFC near Lumut, Perak:
2025-07-01 10:47:32,623 - INFO - Looking for Searched Results
2025-07-01 10:47:37,772 - INFO - Result list not found. Only One Result available
2025-07-01 10:47:39,772 - INFO - Extracting Page Source
2025-07-01 10:47:40,010 - INFO - KFC near Lumut, Perak: 1
2025-07-01 10:47:40,010 - INFO - Loading Google Maps
2025-07-01 10:47:43,631 - INFO - Getting input search box
2025-07-01 10:47:43,688 - INFO - Searching for Perak:
2025-07-01 10:47:51,071 - INFO - Looking for nearby location button
2025-07-01 10:47:52,189 - INFO - Getting nearby location input search box 
2025-07-01 10:47:52,248 - INFO - Searching for KFC near Bagan Datuk, Perak:
2025-07-01 10:47:59,472 - INFO - Looking for Searched Results
2025-07-01 10:47:59,501 - INFO - Found. Scrolling search results list
2025-07-01 10:48:09,635 - INFO - Extracting Page Source
2025-07-01 10:48:09,686 - INFO - KFC near Bagan Datuk, Perak: 4
2025-07-01 10:48:09,686 - INFO - Loading Google Maps
2025-07-01 10:48:13,194 - INFO - Getting input search box
2025-07-01 10:48:13,253 - INFO - Searching for Perak:
2025-07-01 10:48:19,994 - INFO - Looking for nearby location button
2025-07-01 10:48:21,118 - INFO - Getting nearby location input search box 
2025-07-01 10:48:21,179 - INFO - Searching for KFC near Teluk Intan, Perak:
2025-07-01 10:48:28,229 - INFO - Looking for Searched Results
2025-07-01 10:48:28,261 - INFO - Found. Scrolling search results list
2025-07-01 10:48:38,345 - INFO - Extracting Page Source
2025-07-01 10:48:38,383 - INFO - KFC near Teluk Intan, Perak: 2
2025-07-01 10:48:38,383 - INFO - Loading Google Maps
2025-07-01 10:48:41,851 - INFO - Getting input search box
2025-07-01 10:48:41,911 - INFO - Searching for Perak:
2025-07-01 10:48:48,612 - INFO - Looking for nearby location button
2025-07-01 10:48:49,727 - INFO - Getting nearby location input search box 
2025-07-01 10:48:49,787 - INFO - Searching for KFC near Tanjong Malim, Perak:
2025-07-01 10:48:56,857 - INFO - Looking for Searched Results
2025-07-01 10:48:56,886 - INFO - Found. Scrolling search results list
2025-07-01 10:49:06,966 - INFO - Extracting Page Source
2025-07-01 10:49:07,004 - INFO - KFC near Tanjong Malim, Perak: 2
2025-07-01 10:49:07,006 - INFO - Data for Perak was loaded into csv
2025-07-01 10:49:07,006 - INFO - Loading Google Maps
2025-07-01 10:49:10,463 - INFO - Getting input search box
2025-07-01 10:49:10,521 - INFO - Searching for Perlis:
2025-07-01 10:49:17,302 - INFO - Looking for nearby location button
2025-07-01 10:49:18,426 - INFO - Getting nearby location input search box 
2025-07-01 10:49:18,489 - INFO - Searching for KFC near Padang Besar, Perlis:
2025-07-01 10:49:25,766 - INFO - Looking for Searched Results
2025-07-01 10:49:30,957 - INFO - Result list not found. Only One Result available
2025-07-01 10:49:32,958 - INFO - Extracting Page Source
2025-07-01 10:49:33,012 - INFO - KFC near Padang Besar, Perlis: 1
2025-07-01 10:49:33,013 - INFO - Loading Google Maps
2025-07-01 10:49:36,167 - INFO - Getting input search box
2025-07-01 10:49:36,251 - INFO - Searching for Perlis:
2025-07-01 10:49:43,199 - INFO - Looking for nearby location button
2025-07-01 10:49:44,312 - INFO - Getting nearby location input search box 
2025-07-01 10:49:44,370 - INFO - Searching for KFC near Kangar, Perlis:
2025-07-01 10:49:51,547 - INFO - Looking for Searched Results
2025-07-01 10:49:51,575 - INFO - Found. Scrolling search results list
2025-07-01 10:50:01,722 - INFO - Extracting Page Source
2025-07-01 10:50:01,762 - INFO - KFC near Kangar, Perlis: 3
2025-07-01 10:50:01,762 - INFO - Loading Google Maps
2025-07-01 10:50:05,253 - INFO - Getting input search box
2025-07-01 10:50:05,321 - INFO - Searching for Perlis:
2025-07-01 10:50:12,155 - INFO - Looking for nearby location button
2025-07-01 10:50:13,277 - INFO - Getting nearby location input search box 
2025-07-01 10:50:13,335 - INFO - Searching for KFC near Arau, Perlis:
2025-07-01 10:50:20,629 - INFO - Looking for Searched Results
2025-07-01 10:50:25,778 - INFO - Result list not found. Only One Result available
2025-07-01 10:50:27,778 - INFO - Extracting Page Source
2025-07-01 10:50:27,859 - INFO - KFC near Arau, Perlis: 1
2025-07-01 10:50:27,861 - INFO - Data for Perlis was loaded into csv
2025-07-01 10:50:27,862 - INFO - Loading Google Maps
2025-07-01 10:50:31,360 - INFO - Getting input search box
2025-07-01 10:50:31,420 - INFO - Searching for Pulau Pinang:
2025-07-01 10:50:38,227 - INFO - Looking for nearby location button
2025-07-01 10:50:39,348 - INFO - Getting nearby location input search box 
2025-07-01 10:50:39,405 - INFO - Searching for KFC near Kepala Batas, Pulau Pinang:
2025-07-01 10:50:46,723 - INFO - Looking for Searched Results
2025-07-01 10:50:46,751 - INFO - Found. Scrolling search results list
2025-07-01 10:50:56,841 - INFO - Extracting Page Source
2025-07-01 10:50:56,890 - INFO - KFC near Kepala Batas, Pulau Pinang: 3
2025-07-01 10:50:56,890 - INFO - Loading Google Maps
2025-07-01 10:51:00,366 - INFO - Getting input search box
2025-07-01 10:51:00,436 - INFO - Searching for Pulau Pinang:
2025-07-01 10:51:07,287 - INFO - Looking for nearby location button
2025-07-01 10:51:08,405 - INFO - Getting nearby location input search box 
2025-07-01 10:51:08,462 - INFO - Searching for KFC near Tasek Gelugor, Pulau Pinang:
2025-07-01 10:51:15,999 - INFO - Looking for Searched Results
2025-07-01 10:51:16,033 - INFO - Found. Scrolling search results list
2025-07-01 10:51:31,433 - INFO - Extracting Page Source
2025-07-01 10:51:31,526 - INFO - KFC near Tasek Gelugor, Pulau Pinang: 22
2025-07-01 10:51:31,526 - INFO - Loading Google Maps
2025-07-01 10:51:35,041 - INFO - Getting input search box
2025-07-01 10:51:35,099 - INFO - Searching for Pulau Pinang:
2025-07-01 10:51:41,898 - INFO - Looking for nearby location button
2025-07-01 10:51:43,016 - INFO - Getting nearby location input search box 
2025-07-01 10:51:43,075 - INFO - Searching for KFC near Bagan, Pulau Pinang:
2025-07-01 10:51:50,198 - INFO - Looking for Searched Results
2025-07-01 10:51:50,226 - INFO - Found. Scrolling search results list
2025-07-01 10:52:00,307 - INFO - Extracting Page Source
2025-07-01 10:52:00,355 - INFO - KFC near Bagan, Pulau Pinang: 6
2025-07-01 10:52:00,356 - INFO - Loading Google Maps
2025-07-01 10:52:03,839 - INFO - Getting input search box
2025-07-01 10:52:03,903 - INFO - Searching for Pulau Pinang:
2025-07-01 10:52:10,698 - INFO - Looking for nearby location button
2025-07-01 10:52:11,820 - INFO - Getting nearby location input search box 
2025-07-01 10:52:11,877 - INFO - Searching for KFC near Permatang Pauh, Pulau Pinang:
2025-07-01 10:52:19,586 - INFO - Looking for Searched Results
2025-07-01 10:52:19,625 - INFO - Found. Scrolling search results list
2025-07-01 10:52:29,727 - INFO - Extracting Page Source
2025-07-01 10:52:29,797 - INFO - KFC near Permatang Pauh, Pulau Pinang: 16
2025-07-01 10:52:29,797 - INFO - Loading Google Maps
2025-07-01 10:52:33,252 - INFO - Getting input search box
2025-07-01 10:52:33,312 - INFO - Searching for Pulau Pinang:
2025-07-01 10:52:40,097 - INFO - Looking for nearby location button
2025-07-01 10:52:41,212 - INFO - Getting nearby location input search box 
2025-07-01 10:52:41,272 - INFO - Searching for KFC near Bukit Mertajam, Pulau Pinang:
2025-07-01 10:52:48,755 - INFO - Looking for Searched Results
2025-07-01 10:52:48,783 - INFO - Found. Scrolling search results list
2025-07-01 10:52:58,870 - INFO - Extracting Page Source
2025-07-01 10:52:58,924 - INFO - KFC near Bukit Mertajam, Pulau Pinang: 10
2025-07-01 10:52:58,924 - INFO - Loading Google Maps
2025-07-01 10:53:02,386 - INFO - Getting input search box
2025-07-01 10:53:02,444 - INFO - Searching for Pulau Pinang:
2025-07-01 10:53:09,161 - INFO - Looking for nearby location button
2025-07-01 10:53:10,284 - INFO - Getting nearby location input search box 
2025-07-01 10:53:10,344 - INFO - Searching for KFC near Batu Kawan, Pulau Pinang:
2025-07-01 10:53:17,501 - INFO - Looking for Searched Results
2025-07-01 10:53:17,529 - INFO - Found. Scrolling search results list
2025-07-01 10:53:27,608 - INFO - Extracting Page Source
2025-07-01 10:53:27,647 - INFO - KFC near Batu Kawan, Pulau Pinang: 2
2025-07-01 10:53:27,647 - INFO - Loading Google Maps
2025-07-01 10:53:31,073 - INFO - Getting input search box
2025-07-01 10:53:31,132 - INFO - Searching for Pulau Pinang:
2025-07-01 10:53:37,902 - INFO - Looking for nearby location button
2025-07-01 10:53:39,019 - INFO - Getting nearby location input search box 
2025-07-01 10:53:39,077 - INFO - Searching for KFC near Nibong Tebal, Pulau Pinang:
2025-07-01 10:53:46,207 - INFO - Looking for Searched Results
2025-07-01 10:53:51,352 - INFO - Result list not found. Only One Result available
2025-07-01 10:53:53,352 - INFO - Extracting Page Source
2025-07-01 10:53:53,414 - INFO - KFC near Nibong Tebal, Pulau Pinang: 1
2025-07-01 10:53:53,415 - INFO - Loading Google Maps
2025-07-01 10:53:56,849 - INFO - Getting input search box
2025-07-01 10:53:56,908 - INFO - Searching for Pulau Pinang:
2025-07-01 10:54:04,225 - INFO - Looking for nearby location button
2025-07-01 10:54:05,341 - INFO - Getting nearby location input search box 
2025-07-01 10:54:05,398 - INFO - Searching for KFC near Bukit Bendera, Pulau Pinang:
2025-07-01 10:54:12,989 - INFO - Looking for Searched Results
2025-07-01 10:54:13,020 - INFO - Found. Scrolling search results list
2025-07-01 10:54:28,184 - INFO - Extracting Page Source
2025-07-01 10:54:28,278 - INFO - KFC near Bukit Bendera, Pulau Pinang: 18
2025-07-01 10:54:28,278 - INFO - Loading Google Maps
2025-07-01 10:54:31,789 - INFO - Getting input search box
2025-07-01 10:54:31,848 - INFO - Searching for Pulau Pinang:
2025-07-01 10:54:38,628 - INFO - Looking for nearby location button
2025-07-01 10:54:39,744 - INFO - Getting nearby location input search box 
2025-07-01 10:54:39,805 - INFO - Searching for KFC near Tanjong, Pulau Pinang:
2025-07-01 10:54:46,794 - INFO - Looking for Searched Results
2025-07-01 10:54:46,822 - INFO - Found. Scrolling search results list
2025-07-01 10:54:56,959 - INFO - Extracting Page Source
2025-07-01 10:54:56,994 - INFO - KFC near Tanjong, Pulau Pinang: 2
2025-07-01 10:54:56,995 - INFO - Loading Google Maps
2025-07-01 10:55:00,443 - INFO - Getting input search box
2025-07-01 10:55:00,505 - INFO - Searching for Pulau Pinang:
2025-07-01 10:55:07,264 - INFO - Looking for nearby location button
2025-07-01 10:55:08,380 - INFO - Getting nearby location input search box 
2025-07-01 10:55:08,436 - INFO - Searching for KFC near Jelutong, Pulau Pinang:
2025-07-01 10:55:15,608 - INFO - Looking for Searched Results
2025-07-01 10:55:15,645 - INFO - Found. Scrolling search results list
2025-07-01 10:55:25,732 - INFO - Extracting Page Source
2025-07-01 10:55:25,794 - INFO - KFC near Jelutong, Pulau Pinang: 7
2025-07-01 10:55:25,795 - INFO - Loading Google Maps
2025-07-01 10:55:29,285 - INFO - Getting input search box
2025-07-01 10:55:29,343 - INFO - Searching for Pulau Pinang:
2025-07-01 10:55:36,187 - INFO - Looking for nearby location button
2025-07-01 10:55:37,334 - INFO - Getting nearby location input search box 
2025-07-01 10:55:37,389 - INFO - Searching for KFC near Bukit Gelugor, Pulau Pinang:
2025-07-01 10:55:44,533 - INFO - Looking for Searched Results
2025-07-01 10:55:49,692 - INFO - Result list not found. Only One Result available
2025-07-01 10:55:51,693 - INFO - Extracting Page Source
2025-07-01 10:55:51,759 - INFO - KFC near Bukit Gelugor, Pulau Pinang: 1
2025-07-01 10:55:51,759 - INFO - Loading Google Maps
2025-07-01 10:55:55,278 - INFO - Getting input search box
2025-07-01 10:55:55,338 - INFO - Searching for Pulau Pinang:
2025-07-01 10:56:02,206 - INFO - Looking for nearby location button
2025-07-01 10:56:03,320 - INFO - Getting nearby location input search box 
2025-07-01 10:56:03,374 - INFO - Searching for KFC near Bayan Baru, Pulau Pinang:
2025-07-01 10:56:10,621 - INFO - Looking for Searched Results
2025-07-01 10:56:10,649 - INFO - Found. Scrolling search results list
2025-07-01 10:56:20,735 - INFO - Extracting Page Source
2025-07-01 10:56:20,937 - INFO - KFC near Bayan Baru, Pulau Pinang: 4
2025-07-01 10:56:20,938 - INFO - Loading Google Maps
2025-07-01 10:56:24,443 - INFO - Getting input search box
2025-07-01 10:56:24,506 - INFO - Searching for Pulau Pinang:
2025-07-01 10:56:31,379 - INFO - Looking for nearby location button
2025-07-01 10:56:32,493 - INFO - Getting nearby location input search box 
2025-07-01 10:56:32,551 - INFO - Searching for KFC near Balik Pulau, Pulau Pinang:
2025-07-01 10:56:39,861 - INFO - Looking for Searched Results
2025-07-01 10:56:39,890 - INFO - Found. Scrolling search results list
2025-07-01 10:56:49,976 - INFO - Extracting Page Source
2025-07-01 10:56:50,019 - INFO - KFC near Balik Pulau, Pulau Pinang: 5
2025-07-01 10:56:50,021 - INFO - Data for Pulau Pinang was loaded into csv
2025-07-01 10:56:50,021 - INFO - Loading Google Maps
2025-07-01 10:56:53,535 - INFO - Getting input search box
2025-07-01 10:56:53,595 - INFO - Searching for Sabah:
2025-07-01 10:57:00,375 - INFO - Looking for nearby location button
2025-07-01 10:57:01,506 - INFO - Getting nearby location input search box 
2025-07-01 10:57:01,566 - INFO - Searching for KFC near Kudat, Sabah:
2025-07-01 10:57:08,798 - INFO - Looking for Searched Results
2025-07-01 10:57:08,829 - INFO - Found. Scrolling search results list
2025-07-01 10:57:18,914 - INFO - Extracting Page Source
2025-07-01 10:57:18,967 - INFO - KFC near Kudat, Sabah: 2
2025-07-01 10:57:18,967 - INFO - Loading Google Maps
2025-07-01 10:57:22,474 - INFO - Getting input search box
2025-07-01 10:57:22,536 - INFO - Searching for Sabah:
2025-07-01 10:57:29,296 - INFO - Looking for nearby location button
2025-07-01 10:57:30,410 - INFO - Getting nearby location input search box 
2025-07-01 10:57:30,471 - INFO - Searching for KFC near Kota Marudu, Sabah:
2025-07-01 10:57:37,589 - INFO - Looking for Searched Results
2025-07-01 10:57:37,618 - INFO - Found. Scrolling search results list
2025-07-01 10:57:47,756 - INFO - Extracting Page Source
2025-07-01 10:57:47,802 - INFO - KFC near Kota Marudu, Sabah: 2
2025-07-01 10:57:47,803 - INFO - Loading Google Maps
2025-07-01 10:57:51,280 - INFO - Getting input search box
2025-07-01 10:57:51,337 - INFO - Searching for Sabah:
2025-07-01 10:57:58,159 - INFO - Looking for nearby location button
2025-07-01 10:57:59,281 - INFO - Getting nearby location input search box 
2025-07-01 10:57:59,340 - INFO - Searching for KFC near Kota Belud, Sabah:
2025-07-01 10:58:06,383 - INFO - Looking for Searched Results
2025-07-01 10:58:06,411 - INFO - Found. Scrolling search results list
2025-07-01 10:58:16,556 - INFO - Extracting Page Source
2025-07-01 10:58:16,595 - INFO - KFC near Kota Belud, Sabah: 2
2025-07-01 10:58:16,596 - INFO - Loading Google Maps
2025-07-01 10:58:20,068 - INFO - Getting input search box
2025-07-01 10:58:20,129 - INFO - Searching for Sabah:
2025-07-01 10:58:26,939 - INFO - Looking for nearby location button
2025-07-01 10:58:28,076 - INFO - Getting nearby location input search box 
2025-07-01 10:58:28,133 - INFO - Searching for KFC near Tuaran, Sabah:
2025-07-01 10:58:35,352 - INFO - Looking for Searched Results
2025-07-01 10:58:35,380 - INFO - Found. Scrolling search results list
2025-07-01 10:58:45,474 - INFO - Extracting Page Source
2025-07-01 10:58:45,524 - INFO - KFC near Tuaran, Sabah: 3
2025-07-01 10:58:45,524 - INFO - Loading Google Maps
2025-07-01 10:58:49,000 - INFO - Getting input search box
2025-07-01 10:58:49,059 - INFO - Searching for Sabah:
2025-07-01 10:58:55,784 - INFO - Looking for nearby location button
2025-07-01 10:58:56,943 - INFO - Getting nearby location input search box 
2025-07-01 10:58:56,998 - INFO - Searching for KFC near Sepanggar, Sabah:
2025-07-01 10:59:04,229 - INFO - Looking for Searched Results
2025-07-01 10:59:04,257 - INFO - Found. Scrolling search results list
2025-07-01 10:59:14,418 - INFO - Extracting Page Source
2025-07-01 10:59:14,457 - INFO - KFC near Sepanggar, Sabah: 2
2025-07-01 10:59:14,457 - INFO - Loading Google Maps
2025-07-01 10:59:17,929 - INFO - Getting input search box
2025-07-01 10:59:17,989 - INFO - Searching for Sabah:
2025-07-01 10:59:24,832 - INFO - Looking for nearby location button
2025-07-01 10:59:26,027 - INFO - Getting nearby location input search box 
2025-07-01 10:59:26,083 - INFO - Searching for KFC near Kota Kinabalu, Sabah:
2025-07-01 10:59:33,820 - INFO - Looking for Searched Results
2025-07-01 10:59:33,849 - INFO - Found. Scrolling search results list
2025-07-01 10:59:54,089 - INFO - Extracting Page Source
2025-07-01 10:59:54,199 - INFO - KFC near Kota Kinabalu, Sabah: 32
2025-07-01 10:59:54,199 - INFO - Loading Google Maps
2025-07-01 10:59:57,674 - INFO - Getting input search box
2025-07-01 10:59:57,734 - INFO - Searching for Sabah:
2025-07-01 11:00:04,465 - INFO - Looking for nearby location button
2025-07-01 11:00:05,584 - INFO - Getting nearby location input search box 
2025-07-01 11:00:05,641 - INFO - Searching for KFC near Putatan, Sabah:
2025-07-01 11:00:13,561 - INFO - Looking for Searched Results
2025-07-01 11:00:18,723 - INFO - Result list not found. Only One Result available
2025-07-01 11:00:20,724 - INFO - Extracting Page Source
2025-07-01 11:00:20,799 - INFO - KFC near Putatan, Sabah: 1
2025-07-01 11:00:20,800 - INFO - Loading Google Maps
2025-07-01 11:00:24,263 - INFO - Getting input search box
2025-07-01 11:00:24,334 - INFO - Searching for Sabah:
2025-07-01 11:00:31,236 - INFO - Looking for nearby location button
2025-07-01 11:00:32,352 - INFO - Getting nearby location input search box 
2025-07-01 11:00:32,406 - INFO - Searching for KFC near Penampang, Sabah:
2025-07-01 11:00:39,691 - INFO - Looking for Searched Results
2025-07-01 11:00:39,722 - INFO - Found. Scrolling search results list
2025-07-01 11:00:49,809 - INFO - Extracting Page Source
2025-07-01 11:00:49,858 - INFO - KFC near Penampang, Sabah: 3
2025-07-01 11:00:49,859 - INFO - Loading Google Maps
2025-07-01 11:00:53,336 - INFO - Getting input search box
2025-07-01 11:00:53,395 - INFO - Searching for Sabah:
2025-07-01 11:01:00,114 - INFO - Looking for nearby location button
2025-07-01 11:01:01,233 - INFO - Getting nearby location input search box 
2025-07-01 11:01:01,289 - INFO - Searching for KFC near Papar, Sabah:
2025-07-01 11:01:08,510 - INFO - Looking for Searched Results
2025-07-01 11:01:08,537 - INFO - Found. Scrolling search results list
2025-07-01 11:01:18,724 - INFO - Extracting Page Source
2025-07-01 11:01:18,774 - INFO - KFC near Papar, Sabah: 3
2025-07-01 11:01:18,775 - INFO - Loading Google Maps
2025-07-01 11:01:21,925 - INFO - Getting input search box
2025-07-01 11:01:21,984 - INFO - Searching for Sabah:
2025-07-01 11:01:28,692 - INFO - Looking for nearby location button
2025-07-01 11:01:29,827 - INFO - Getting nearby location input search box 
2025-07-01 11:01:29,885 - INFO - Searching for KFC near Kimanis, Sabah:
2025-07-01 11:01:37,284 - INFO - Looking for Searched Results
2025-07-01 11:01:37,313 - INFO - Found. Scrolling search results list
2025-07-01 11:01:47,416 - INFO - Extracting Page Source
2025-07-01 11:01:47,488 - INFO - KFC near Kimanis, Sabah: 14
2025-07-01 11:01:47,489 - INFO - Loading Google Maps
2025-07-01 11:01:51,013 - INFO - Getting input search box
2025-07-01 11:01:51,074 - INFO - Searching for Sabah:
2025-07-01 11:01:57,793 - INFO - Looking for nearby location button
2025-07-01 11:01:58,909 - INFO - Getting nearby location input search box 
2025-07-01 11:01:58,969 - INFO - Searching for KFC near Beaufort, Sabah:
2025-07-01 11:02:06,018 - INFO - Looking for Searched Results
2025-07-01 11:02:06,046 - INFO - Found. Scrolling search results list
2025-07-01 11:02:16,137 - INFO - Extracting Page Source
2025-07-01 11:02:16,180 - INFO - KFC near Beaufort, Sabah: 2
2025-07-01 11:02:16,180 - INFO - Loading Google Maps
2025-07-01 11:02:19,658 - INFO - Getting input search box
2025-07-01 11:02:19,717 - INFO - Searching for Sabah:
2025-07-01 11:02:26,452 - INFO - Looking for nearby location button
2025-07-01 11:02:27,575 - INFO - Getting nearby location input search box 
2025-07-01 11:02:27,631 - INFO - Searching for KFC near Sipitang, Sabah:
2025-07-01 11:02:34,974 - INFO - Looking for Searched Results
2025-07-01 11:02:40,123 - INFO - Result list not found. Only One Result available
2025-07-01 11:02:42,124 - INFO - Extracting Page Source
2025-07-01 11:02:42,189 - INFO - KFC near Sipitang, Sabah: 1
2025-07-01 11:02:42,189 - INFO - Loading Google Maps
2025-07-01 11:02:45,673 - INFO - Getting input search box
2025-07-01 11:02:45,732 - INFO - Searching for Sabah:
2025-07-01 11:02:52,554 - INFO - Looking for nearby location button
2025-07-01 11:02:53,674 - INFO - Getting nearby location input search box 
2025-07-01 11:02:53,731 - INFO - Searching for KFC near Ranau, Sabah:
2025-07-01 11:03:01,015 - INFO - Looking for Searched Results
2025-07-01 11:03:01,043 - INFO - Found. Scrolling search results list
2025-07-01 11:03:11,136 - INFO - Extracting Page Source
2025-07-01 11:03:11,181 - INFO - KFC near Ranau, Sabah: 2
2025-07-01 11:03:11,181 - INFO - Loading Google Maps
2025-07-01 11:03:14,833 - INFO - Getting input search box
2025-07-01 11:03:14,892 - INFO - Searching for Sabah:
2025-07-01 11:03:21,824 - INFO - Looking for nearby location button
2025-07-01 11:03:22,969 - INFO - Getting nearby location input search box 
2025-07-01 11:03:23,026 - INFO - Searching for KFC near Keningau, Sabah:
2025-07-01 11:03:30,314 - INFO - Looking for Searched Results
2025-07-01 11:03:30,343 - INFO - Found. Scrolling search results list
2025-07-01 11:03:40,427 - INFO - Extracting Page Source
2025-07-01 11:03:40,473 - INFO - KFC near Keningau, Sabah: 2
2025-07-01 11:03:40,473 - INFO - Loading Google Maps
2025-07-01 11:03:44,224 - INFO - Getting input search box
2025-07-01 11:03:44,283 - INFO - Searching for Sabah:
2025-07-01 11:03:52,520 - INFO - Looking for nearby location button
2025-07-01 11:03:53,647 - INFO - Getting nearby location input search box 
2025-07-01 11:03:53,710 - INFO - Searching for KFC near Tenom, Sabah:
2025-07-01 11:04:01,170 - INFO - Looking for Searched Results
2025-07-01 11:04:06,323 - INFO - Result list not found. Only One Result available
2025-07-01 11:04:08,324 - INFO - Extracting Page Source
2025-07-01 11:04:08,381 - INFO - KFC near Tenom, Sabah: 1
2025-07-01 11:04:08,381 - INFO - Loading Google Maps
2025-07-01 11:04:12,615 - INFO - Getting input search box
2025-07-01 11:04:12,673 - INFO - Searching for Sabah:
2025-07-01 11:04:19,680 - INFO - Looking for nearby location button
2025-07-01 11:04:20,803 - INFO - Getting nearby location input search box 
2025-07-01 11:04:20,858 - INFO - Searching for KFC near Pensiangan, Sabah:
2025-07-01 11:04:28,319 - INFO - Looking for Searched Results
2025-07-01 11:04:28,346 - INFO - Found. Scrolling search results list
2025-07-01 11:04:38,598 - INFO - Extracting Page Source
2025-07-01 11:04:38,666 - INFO - KFC near Pensiangan, Sabah: 15
2025-07-01 11:04:38,666 - INFO - Loading Google Maps
2025-07-01 11:04:42,398 - INFO - Getting input search box
2025-07-01 11:04:42,459 - INFO - Searching for Sabah:
2025-07-01 11:04:49,318 - INFO - Looking for nearby location button
2025-07-01 11:04:50,486 - INFO - Getting nearby location input search box 
2025-07-01 11:04:50,578 - INFO - Searching for KFC near Beluran, Sabah:
2025-07-01 11:04:57,714 - INFO - Looking for Searched Results
2025-07-01 11:04:57,744 - INFO - Found. Scrolling search results list
2025-07-01 11:05:07,829 - INFO - Extracting Page Source
2025-07-01 11:05:07,873 - INFO - KFC near Beluran, Sabah: 2
2025-07-01 11:05:07,873 - INFO - Loading Google Maps
2025-07-01 11:05:11,374 - INFO - Getting input search box
2025-07-01 11:05:11,430 - INFO - Searching for Sabah:
2025-07-01 11:05:18,253 - INFO - Looking for nearby location button
2025-07-01 11:05:19,370 - INFO - Getting nearby location input search box 
2025-07-01 11:05:19,432 - INFO - Searching for KFC near Libaran, Sabah:
2025-07-01 11:05:26,980 - INFO - Looking for Searched Results
2025-07-01 11:05:32,131 - INFO - Result list not found. Only One Result available
2025-07-01 11:05:34,132 - INFO - Extracting Page Source
2025-07-01 11:05:34,193 - INFO - KFC near Libaran, Sabah: 1
2025-07-01 11:05:34,193 - INFO - Loading Google Maps
2025-07-01 11:05:37,871 - INFO - Getting input search box
2025-07-01 11:05:37,935 - INFO - Searching for Sabah:
2025-07-01 11:05:44,666 - INFO - Looking for nearby location button
2025-07-01 11:05:45,783 - INFO - Getting nearby location input search box 
2025-07-01 11:05:45,840 - INFO - Searching for KFC near Batu Sapi, Sabah:
2025-07-01 11:05:53,360 - INFO - Looking for Searched Results
2025-07-01 11:05:53,388 - INFO - Found. Scrolling search results list
2025-07-01 11:06:08,702 - INFO - Extracting Page Source
2025-07-01 11:06:08,771 - INFO - KFC near Batu Sapi, Sabah: 16
2025-07-01 11:06:08,772 - INFO - Loading Google Maps
2025-07-01 11:06:12,337 - INFO - Getting input search box
2025-07-01 11:06:12,396 - INFO - Searching for Sabah:
2025-07-01 11:06:19,240 - INFO - Looking for nearby location button
2025-07-01 11:06:20,356 - INFO - Getting nearby location input search box 
2025-07-01 11:06:20,412 - INFO - Searching for KFC near Sandakan, Sabah:
2025-07-01 11:06:27,986 - INFO - Looking for Searched Results
2025-07-01 11:06:28,015 - INFO - Found. Scrolling search results list
2025-07-01 11:06:38,125 - INFO - Extracting Page Source
2025-07-01 11:06:38,183 - INFO - KFC near Sandakan, Sabah: 6
2025-07-01 11:06:38,184 - INFO - Loading Google Maps
2025-07-01 11:06:41,676 - INFO - Getting input search box
2025-07-01 11:06:41,735 - INFO - Searching for Sabah:
2025-07-01 11:06:48,645 - INFO - Looking for nearby location button
2025-07-01 11:06:49,760 - INFO - Getting nearby location input search box 
2025-07-01 11:06:49,820 - INFO - Searching for KFC near Kinabatangan, Sabah:
2025-07-01 11:06:57,283 - INFO - Looking for Searched Results
2025-07-01 11:06:57,311 - INFO - Found. Scrolling search results list
2025-07-01 11:07:07,393 - INFO - Extracting Page Source
2025-07-01 11:07:07,433 - INFO - KFC near Kinabatangan, Sabah: 2
2025-07-01 11:07:07,434 - INFO - Loading Google Maps
2025-07-01 11:07:10,903 - INFO - Getting input search box
2025-07-01 11:07:10,960 - INFO - Searching for Sabah:
2025-07-01 11:07:17,736 - INFO - Looking for nearby location button
2025-07-01 11:07:18,861 - INFO - Getting nearby location input search box 
2025-07-01 11:07:18,928 - INFO - Searching for KFC near Lahad Datu, Sabah:
2025-07-01 11:07:26,229 - INFO - Looking for Searched Results
2025-07-01 11:07:26,255 - INFO - Found. Scrolling search results list
2025-07-01 11:07:36,373 - INFO - Extracting Page Source
2025-07-01 11:07:36,421 - INFO - KFC near Lahad Datu, Sabah: 4
2025-07-01 11:07:36,422 - INFO - Loading Google Maps
2025-07-01 11:07:39,902 - INFO - Getting input search box
2025-07-01 11:07:39,960 - INFO - Searching for Sabah:
2025-07-01 11:07:46,772 - INFO - Looking for nearby location button
2025-07-01 11:07:47,905 - INFO - Getting nearby location input search box 
2025-07-01 11:07:47,961 - INFO - Searching for KFC near Semporna, Sabah:
2025-07-01 11:07:55,201 - INFO - Looking for Searched Results
2025-07-01 11:07:55,230 - INFO - Found. Scrolling search results list
2025-07-01 11:08:05,413 - INFO - Extracting Page Source
2025-07-01 11:08:05,458 - INFO - KFC near Semporna, Sabah: 2
2025-07-01 11:08:05,458 - INFO - Loading Google Maps
2025-07-01 11:08:08,957 - INFO - Getting input search box
2025-07-01 11:08:09,016 - INFO - Searching for Sabah:
2025-07-01 11:08:15,761 - INFO - Looking for nearby location button
2025-07-01 11:08:16,901 - INFO - Getting nearby location input search box 
2025-07-01 11:08:16,966 - INFO - Searching for KFC near Tawau, Sabah:
2025-07-01 11:08:24,238 - INFO - Looking for Searched Results
2025-07-01 11:08:24,266 - INFO - Found. Scrolling search results list
2025-07-01 11:08:34,403 - INFO - Extracting Page Source
2025-07-01 11:08:34,477 - INFO - KFC near Tawau, Sabah: 10
2025-07-01 11:08:34,477 - INFO - Loading Google Maps
2025-07-01 11:08:37,604 - INFO - Getting input search box
2025-07-01 11:08:37,661 - INFO - Searching for Sabah:
2025-07-01 11:08:44,698 - INFO - Looking for nearby location button
2025-07-01 11:08:45,982 - INFO - Getting nearby location input search box 
2025-07-01 11:08:46,037 - INFO - Searching for KFC near Kalabakan, Sabah:
2025-07-01 11:08:53,436 - INFO - Looking for Searched Results
2025-07-01 11:08:53,465 - INFO - Found. Scrolling search results list
2025-07-01 11:09:08,770 - INFO - Extracting Page Source
2025-07-01 11:09:08,872 - INFO - KFC near Kalabakan, Sabah: 18
2025-07-01 11:09:08,874 - INFO - Data for Sabah was loaded into csv
2025-07-01 11:09:08,874 - INFO - Loading Google Maps
2025-07-01 11:09:12,368 - INFO - Getting input search box
2025-07-01 11:09:12,427 - INFO - Searching for Sarawak:
2025-07-01 11:09:19,116 - INFO - Looking for nearby location button
2025-07-01 11:09:20,268 - INFO - Getting nearby location input search box 
2025-07-01 11:09:20,329 - INFO - Searching for KFC near Mas Gading, Sarawak:
2025-07-01 11:09:28,070 - INFO - Looking for Searched Results
2025-07-01 11:09:28,098 - INFO - Found. Scrolling search results list
2025-07-01 11:09:43,590 - INFO - Extracting Page Source
2025-07-01 11:09:43,675 - INFO - KFC near Mas Gading, Sarawak: 23
2025-07-01 11:09:43,676 - INFO - Loading Google Maps
2025-07-01 11:09:47,166 - INFO - Getting input search box
2025-07-01 11:09:47,226 - INFO - Searching for Sarawak:
2025-07-01 11:09:53,974 - INFO - Looking for nearby location button
2025-07-01 11:09:55,091 - INFO - Getting nearby location input search box 
2025-07-01 11:09:55,150 - INFO - Searching for KFC near Santubong, Sarawak:
2025-07-01 11:10:04,041 - INFO - Looking for Searched Results
2025-07-01 11:10:04,070 - INFO - Found. Scrolling search results list
2025-07-01 11:10:19,627 - INFO - Extracting Page Source
2025-07-01 11:10:19,698 - INFO - KFC near Santubong, Sarawak: 22
2025-07-01 11:10:19,699 - INFO - Loading Google Maps
2025-07-01 11:10:23,178 - INFO - Getting input search box
2025-07-01 11:10:23,237 - INFO - Searching for Sarawak:
2025-07-01 11:10:30,084 - INFO - Looking for nearby location button
2025-07-01 11:10:31,212 - INFO - Getting nearby location input search box 
2025-07-01 11:10:31,269 - INFO - Searching for KFC near Petra Jaya, Sarawak:
2025-07-01 11:10:38,319 - INFO - Looking for Searched Results
2025-07-01 11:10:38,349 - INFO - Found. Scrolling search results list
2025-07-01 11:10:48,537 - INFO - Extracting Page Source
2025-07-01 11:10:48,576 - INFO - KFC near Petra Jaya, Sarawak: 3
2025-07-01 11:10:48,576 - INFO - Loading Google Maps
2025-07-01 11:10:52,025 - INFO - Getting input search box
2025-07-01 11:10:52,084 - INFO - Searching for Sarawak:
2025-07-01 11:10:58,831 - INFO - Looking for nearby location button
2025-07-01 11:10:59,953 - INFO - Getting nearby location input search box 
2025-07-01 11:11:00,011 - INFO - Searching for KFC near Bandar Kuching, Sarawak:
2025-07-01 11:11:07,701 - INFO - Looking for Searched Results
2025-07-01 11:11:07,767 - INFO - Found. Scrolling search results list
2025-07-01 11:11:23,297 - INFO - Extracting Page Source
2025-07-01 11:11:23,378 - INFO - KFC near Bandar Kuching, Sarawak: 22
2025-07-01 11:11:23,379 - INFO - Loading Google Maps
2025-07-01 11:11:27,374 - INFO - Getting input search box
2025-07-01 11:11:27,433 - INFO - Searching for Sarawak:
2025-07-01 11:11:34,776 - INFO - Looking for nearby location button
2025-07-01 11:11:35,902 - INFO - Getting nearby location input search box 
2025-07-01 11:11:35,963 - INFO - Searching for KFC near Stampin, Sarawak:
2025-07-01 11:11:43,586 - INFO - Looking for Searched Results
2025-07-01 11:11:43,616 - INFO - Found. Scrolling search results list
2025-07-01 11:11:59,037 - INFO - Extracting Page Source
2025-07-01 11:11:59,116 - INFO - KFC near Stampin, Sarawak: 24
2025-07-01 11:11:59,117 - INFO - Loading Google Maps
2025-07-01 11:12:02,640 - INFO - Getting input search box
2025-07-01 11:12:02,698 - INFO - Searching for Sarawak:
2025-07-01 11:12:09,615 - INFO - Looking for nearby location button
2025-07-01 11:12:10,732 - INFO - Getting nearby location input search box 
2025-07-01 11:12:10,787 - INFO - Searching for KFC near Kota Samarahan, Sarawak:
2025-07-01 11:12:18,273 - INFO - Looking for Searched Results
2025-07-01 11:12:18,302 - INFO - Found. Scrolling search results list
2025-07-01 11:12:28,382 - INFO - Extracting Page Source
2025-07-01 11:12:28,428 - INFO - KFC near Kota Samarahan, Sarawak: 3
2025-07-01 11:12:28,428 - INFO - Loading Google Maps
2025-07-01 11:12:31,871 - INFO - Getting input search box
2025-07-01 11:12:31,928 - INFO - Searching for Sarawak:
2025-07-01 11:12:39,149 - INFO - Looking for nearby location button
2025-07-01 11:12:40,293 - INFO - Getting nearby location input search box 
2025-07-01 11:12:40,354 - INFO - Searching for KFC near Puncak Borneo, Sarawak:
2025-07-01 11:12:47,835 - INFO - Looking for Searched Results
2025-07-01 11:12:47,864 - INFO - Found. Scrolling search results list
2025-07-01 11:13:03,170 - INFO - Extracting Page Source
2025-07-01 11:13:03,303 - INFO - KFC near Puncak Borneo, Sarawak: 23
2025-07-01 11:13:03,304 - INFO - Loading Google Maps
2025-07-01 11:13:06,809 - INFO - Getting input search box
2025-07-01 11:13:06,868 - INFO - Searching for Sarawak:
2025-07-01 11:13:13,604 - INFO - Looking for nearby location button
2025-07-01 11:13:14,725 - INFO - Getting nearby location input search box 
2025-07-01 11:13:14,785 - INFO - Searching for KFC near Serian, Sarawak:
2025-07-01 11:13:21,878 - INFO - Looking for Searched Results
2025-07-01 11:13:21,906 - INFO - Found. Scrolling search results list
2025-07-01 11:13:31,995 - INFO - Extracting Page Source
2025-07-01 11:13:32,040 - INFO - KFC near Serian, Sarawak: 2
2025-07-01 11:13:32,041 - INFO - Loading Google Maps
2025-07-01 11:13:35,464 - INFO - Getting input search box
2025-07-01 11:13:35,521 - INFO - Searching for Sarawak:
2025-07-01 11:13:42,283 - INFO - Looking for nearby location button
2025-07-01 11:13:43,404 - INFO - Getting nearby location input search box 
2025-07-01 11:13:43,464 - INFO - Searching for KFC near Batang Sadong, Sarawak:
2025-07-01 11:13:51,021 - INFO - Looking for Searched Results
2025-07-01 11:13:51,050 - INFO - Found. Scrolling search results list
2025-07-01 11:14:06,404 - INFO - Extracting Page Source
2025-07-01 11:14:06,612 - INFO - KFC near Batang Sadong, Sarawak: 23
2025-07-01 11:14:06,612 - INFO - Loading Google Maps
2025-07-01 11:14:11,111 - INFO - Getting input search box
2025-07-01 11:14:11,171 - INFO - Searching for Sarawak:
2025-07-01 11:14:18,090 - INFO - Looking for nearby location button
2025-07-01 11:14:19,206 - INFO - Getting nearby location input search box 
2025-07-01 11:14:19,276 - INFO - Searching for KFC near Batang Lupar, Sarawak:
2025-07-01 11:14:27,656 - INFO - Looking for Searched Results
2025-07-01 11:14:27,687 - INFO - Found. Scrolling search results list
2025-07-01 11:14:38,044 - INFO - Extracting Page Source
2025-07-01 11:14:38,122 - INFO - KFC near Batang Lupar, Sarawak: 16
2025-07-01 11:14:38,123 - INFO - Loading Google Maps
2025-07-01 11:14:41,609 - INFO - Getting input search box
2025-07-01 11:14:41,666 - INFO - Searching for Sarawak:
2025-07-01 11:14:48,429 - INFO - Looking for nearby location button
2025-07-01 11:14:49,553 - INFO - Getting nearby location input search box 
2025-07-01 11:14:49,623 - INFO - Searching for KFC near Sri Aman, Sarawak:
2025-07-01 11:15:00,612 - INFO - Looking for Searched Results
2025-07-01 11:15:05,758 - INFO - Result list not found. Only One Result available
2025-07-01 11:15:07,759 - INFO - Extracting Page Source
2025-07-01 11:15:07,842 - INFO - KFC near Sri Aman, Sarawak: 1
2025-07-01 11:15:07,842 - INFO - Loading Google Maps
2025-07-01 11:15:11,335 - INFO - Getting input search box
2025-07-01 11:15:11,394 - INFO - Searching for Sarawak:
2025-07-01 11:15:18,174 - INFO - Looking for nearby location button
2025-07-01 11:15:19,293 - INFO - Getting nearby location input search box 
2025-07-01 11:15:19,366 - INFO - Searching for KFC near Lubok Antu, Sarawak:
2025-07-01 11:15:26,614 - INFO - Looking for Searched Results
2025-07-01 11:15:26,642 - INFO - Found. Scrolling search results list
2025-07-01 11:15:36,773 - INFO - Extracting Page Source
2025-07-01 11:15:36,808 - INFO - KFC near Lubok Antu, Sarawak: 3
2025-07-01 11:15:36,808 - INFO - Loading Google Maps
2025-07-01 11:15:40,256 - INFO - Getting input search box
2025-07-01 11:15:40,313 - INFO - Searching for Sarawak:
2025-07-01 11:15:47,039 - INFO - Looking for nearby location button
2025-07-01 11:15:48,167 - INFO - Getting nearby location input search box 
2025-07-01 11:15:48,227 - INFO - Searching for KFC near Betong, Sarawak:
2025-07-01 11:15:55,192 - INFO - Looking for Searched Results
2025-07-01 11:16:00,338 - INFO - Result list not found. Only One Result available
2025-07-01 11:16:02,339 - INFO - Extracting Page Source
2025-07-01 11:16:02,403 - INFO - KFC near Betong, Sarawak: 1
2025-07-01 11:16:02,403 - INFO - Loading Google Maps
2025-07-01 11:16:06,428 - INFO - Getting input search box
2025-07-01 11:16:06,488 - INFO - Searching for Sarawak:
2025-07-01 11:16:13,741 - INFO - Looking for nearby location button
2025-07-01 11:16:14,942 - INFO - Getting nearby location input search box 
2025-07-01 11:16:15,000 - INFO - Searching for KFC near Saratok, Sarawak:
2025-07-01 11:16:21,944 - INFO - Looking for Searched Results
2025-07-01 11:16:27,090 - INFO - Result list not found. Only One Result available
2025-07-01 11:16:29,091 - INFO - Extracting Page Source
2025-07-01 11:16:29,144 - INFO - KFC near Saratok, Sarawak: 1
2025-07-01 11:16:29,144 - INFO - Loading Google Maps
2025-07-01 11:16:32,624 - INFO - Getting input search box
2025-07-01 11:16:32,692 - INFO - Searching for Sarawak:
2025-07-01 11:16:39,401 - INFO - Looking for nearby location button
2025-07-01 11:16:40,519 - INFO - Getting nearby location input search box 
2025-07-01 11:16:40,579 - INFO - Searching for KFC near Tanjong Manis, Sarawak:
2025-07-01 11:16:47,806 - INFO - Looking for Searched Results
2025-07-01 11:16:47,838 - INFO - Found. Scrolling search results list
2025-07-01 11:16:58,013 - INFO - Extracting Page Source
2025-07-01 11:16:58,075 - INFO - KFC near Tanjong Manis, Sarawak: 6
2025-07-01 11:16:58,075 - INFO - Loading Google Maps
2025-07-01 11:17:01,683 - INFO - Getting input search box
2025-07-01 11:17:01,741 - INFO - Searching for Sarawak:
2025-07-01 11:17:08,558 - INFO - Looking for nearby location button
2025-07-01 11:17:09,682 - INFO - Getting nearby location input search box 
2025-07-01 11:17:09,736 - INFO - Searching for KFC near Igan, Sarawak:
2025-07-01 11:17:16,988 - INFO - Looking for Searched Results
2025-07-01 11:17:17,018 - INFO - Found. Scrolling search results list
2025-07-01 11:17:32,454 - INFO - Extracting Page Source
2025-07-01 11:17:32,532 - INFO - KFC near Igan, Sarawak: 21
2025-07-01 11:17:32,533 - INFO - Loading Google Maps
2025-07-01 11:17:35,647 - INFO - Getting input search box
2025-07-01 11:17:35,705 - INFO - Searching for Sarawak:
2025-07-01 11:17:42,428 - INFO - Looking for nearby location button
2025-07-01 11:17:43,546 - INFO - Getting nearby location input search box 
2025-07-01 11:17:43,601 - INFO - Searching for KFC near Sarikei, Sarawak:
2025-07-01 11:17:50,638 - INFO - Looking for Searched Results
2025-07-01 11:17:55,791 - INFO - Result list not found. Only One Result available
2025-07-01 11:17:57,792 - INFO - Extracting Page Source
2025-07-01 11:17:57,861 - INFO - KFC near Sarikei, Sarawak: 1
2025-07-01 11:17:57,862 - INFO - Loading Google Maps
2025-07-01 11:18:01,293 - INFO - Getting input search box
2025-07-01 11:18:01,361 - INFO - Searching for Sarawak:
2025-07-01 11:18:08,304 - INFO - Looking for nearby location button
2025-07-01 11:18:09,455 - INFO - Getting nearby location input search box 
2025-07-01 11:18:09,523 - INFO - Searching for KFC near Julau, Sarawak:
2025-07-01 11:18:16,669 - INFO - Looking for Searched Results
2025-07-01 11:18:16,698 - INFO - Found. Scrolling search results list
2025-07-01 11:18:26,826 - INFO - Extracting Page Source
2025-07-01 11:18:26,892 - INFO - KFC near Julau, Sarawak: 6
2025-07-01 11:18:26,893 - INFO - Loading Google Maps
2025-07-01 11:18:30,369 - INFO - Getting input search box
2025-07-01 11:18:30,428 - INFO - Searching for Sarawak:
2025-07-01 11:18:37,212 - INFO - Looking for nearby location button
2025-07-01 11:18:38,332 - INFO - Getting nearby location input search box 
2025-07-01 11:18:38,386 - INFO - Searching for KFC near Kanowit, Sarawak:
2025-07-01 11:18:45,748 - INFO - Looking for Searched Results
2025-07-01 11:18:45,777 - INFO - Found. Scrolling search results list
2025-07-01 11:18:56,151 - INFO - Extracting Page Source
2025-07-01 11:18:56,232 - INFO - KFC near Kanowit, Sarawak: 20
2025-07-01 11:18:56,232 - INFO - Loading Google Maps
2025-07-01 11:18:59,772 - INFO - Getting input search box
2025-07-01 11:18:59,829 - INFO - Searching for Sarawak:
2025-07-01 11:19:06,615 - INFO - Looking for nearby location button
2025-07-01 11:19:07,745 - INFO - Getting nearby location input search box 
2025-07-01 11:19:07,804 - INFO - Searching for KFC near Lanang, Sarawak:
2025-07-01 11:19:14,859 - INFO - Looking for Searched Results
2025-07-01 11:19:14,910 - INFO - Found. Scrolling search results list
2025-07-01 11:19:25,106 - INFO - Extracting Page Source
2025-07-01 11:19:25,171 - INFO - KFC near Lanang, Sarawak: 8
2025-07-01 11:19:25,171 - INFO - Loading Google Maps
2025-07-01 11:19:28,668 - INFO - Getting input search box
2025-07-01 11:19:28,733 - INFO - Searching for Sarawak:
2025-07-01 11:19:35,882 - INFO - Looking for nearby location button
2025-07-01 11:19:37,000 - INFO - Getting nearby location input search box 
2025-07-01 11:19:37,061 - INFO - Searching for KFC near Sibu, Sarawak:
2025-07-01 11:19:44,375 - INFO - Looking for Searched Results
2025-07-01 11:19:44,404 - INFO - Found. Scrolling search results list
2025-07-01 11:19:54,612 - INFO - Extracting Page Source
2025-07-01 11:19:54,661 - INFO - KFC near Sibu, Sarawak: 8
2025-07-01 11:19:54,662 - INFO - Loading Google Maps
2025-07-01 11:19:58,208 - INFO - Getting input search box
2025-07-01 11:19:58,284 - INFO - Searching for Sarawak:
2025-07-01 11:20:05,140 - INFO - Looking for nearby location button
2025-07-01 11:20:06,260 - INFO - Getting nearby location input search box 
2025-07-01 11:20:06,317 - INFO - Searching for KFC near Mukah, Sarawak:
2025-07-01 11:20:13,940 - INFO - Looking for Searched Results
2025-07-01 11:20:19,095 - INFO - Result list not found. Only One Result available
2025-07-01 11:20:21,096 - INFO - Extracting Page Source
2025-07-01 11:20:21,161 - INFO - KFC near Mukah, Sarawak: 1
2025-07-01 11:20:21,162 - INFO - Loading Google Maps
2025-07-01 11:20:24,636 - INFO - Getting input search box
2025-07-01 11:20:24,694 - INFO - Searching for Sarawak:
2025-07-01 11:20:31,428 - INFO - Looking for nearby location button
2025-07-01 11:20:32,545 - INFO - Getting nearby location input search box 
2025-07-01 11:20:32,605 - INFO - Searching for KFC near Selangau, Sarawak:
2025-07-01 11:20:40,919 - INFO - Looking for Searched Results
2025-07-01 11:20:40,954 - INFO - Found. Scrolling search results list
2025-07-01 11:20:51,196 - INFO - Extracting Page Source
2025-07-01 11:20:51,272 - INFO - KFC near Selangau, Sarawak: 16
2025-07-01 11:20:51,272 - INFO - Loading Google Maps
2025-07-01 11:20:55,009 - INFO - Getting input search box
2025-07-01 11:20:55,066 - INFO - Searching for Sarawak:
2025-07-01 11:21:01,877 - INFO - Looking for nearby location button
2025-07-01 11:21:03,000 - INFO - Getting nearby location input search box 
2025-07-01 11:21:03,056 - INFO - Searching for KFC near Kapit, Sarawak:
2025-07-01 11:21:10,815 - INFO - Looking for Searched Results
2025-07-01 11:21:16,101 - INFO - Result list not found. Only One Result available
2025-07-01 11:21:18,102 - INFO - Extracting Page Source
2025-07-01 11:21:18,156 - INFO - KFC near Kapit, Sarawak: 1
2025-07-01 11:21:18,157 - INFO - Loading Google Maps
2025-07-01 11:21:21,615 - INFO - Getting input search box
2025-07-01 11:21:21,674 - INFO - Searching for Sarawak:
2025-07-01 11:21:28,775 - INFO - Looking for nearby location button
2025-07-01 11:21:29,895 - INFO - Getting nearby location input search box 
2025-07-01 11:21:29,957 - INFO - Searching for KFC near Hulu Rajang, Sarawak:
2025-07-01 11:21:37,055 - INFO - Looking for Searched Results
2025-07-01 11:21:42,204 - INFO - Result list not found. Only One Result available
2025-07-01 11:21:44,205 - INFO - Extracting Page Source
2025-07-01 11:21:44,263 - INFO - KFC near Hulu Rajang, Sarawak: 1
2025-07-01 11:21:44,263 - INFO - Loading Google Maps
2025-07-01 11:21:47,730 - INFO - Getting input search box
2025-07-01 11:21:47,788 - INFO - Searching for Sarawak:
2025-07-01 11:21:54,489 - INFO - Looking for nearby location button
2025-07-01 11:21:55,623 - INFO - Getting nearby location input search box 
2025-07-01 11:21:55,676 - INFO - Searching for KFC near Bintulu, Sarawak:
2025-07-01 11:22:02,995 - INFO - Looking for Searched Results
2025-07-01 11:22:03,025 - INFO - Found. Scrolling search results list
2025-07-01 11:22:13,266 - INFO - Extracting Page Source
2025-07-01 11:22:13,313 - INFO - KFC near Bintulu, Sarawak: 6
2025-07-01 11:22:13,313 - INFO - Loading Google Maps
2025-07-01 11:22:17,217 - INFO - Getting input search box
2025-07-01 11:22:17,277 - INFO - Searching for Sarawak:
2025-07-01 11:22:25,131 - INFO - Looking for nearby location button
2025-07-01 11:22:26,248 - INFO - Getting nearby location input search box 
2025-07-01 11:22:26,306 - INFO - Searching for KFC near Sibuti, Sarawak:
2025-07-01 11:22:33,736 - INFO - Looking for Searched Results
2025-07-01 11:22:33,765 - INFO - Found. Scrolling search results list
2025-07-01 11:22:43,880 - INFO - Extracting Page Source
2025-07-01 11:22:43,949 - INFO - KFC near Sibuti, Sarawak: 12
2025-07-01 11:22:43,950 - INFO - Loading Google Maps
2025-07-01 11:22:47,488 - INFO - Getting input search box
2025-07-01 11:22:47,549 - INFO - Searching for Sarawak:
2025-07-01 11:22:54,383 - INFO - Looking for nearby location button
2025-07-01 11:22:55,528 - INFO - Getting nearby location input search box 
2025-07-01 11:22:55,585 - INFO - Searching for KFC near Miri, Sarawak:
2025-07-01 11:23:03,051 - INFO - Looking for Searched Results
2025-07-01 11:23:03,080 - INFO - Found. Scrolling search results list
2025-07-01 11:23:13,277 - INFO - Extracting Page Source
2025-07-01 11:23:13,350 - INFO - KFC near Miri, Sarawak: 10
2025-07-01 11:23:13,350 - INFO - Loading Google Maps
2025-07-01 11:23:17,009 - INFO - Getting input search box
2025-07-01 11:23:17,072 - INFO - Searching for Sarawak:
2025-07-01 11:23:23,921 - INFO - Looking for nearby location button
2025-07-01 11:23:25,043 - INFO - Getting nearby location input search box 
2025-07-01 11:23:25,102 - INFO - Searching for KFC near Baram, Sarawak:
2025-07-01 11:23:32,745 - INFO - Looking for Searched Results
2025-07-01 11:23:32,785 - INFO - Found. Scrolling search results list
2025-07-01 11:23:48,234 - INFO - Extracting Page Source
2025-07-01 11:23:48,325 - INFO - KFC near Baram, Sarawak: 22
2025-07-01 11:23:48,326 - INFO - Loading Google Maps
2025-07-01 11:23:51,860 - INFO - Getting input search box
2025-07-01 11:23:51,917 - INFO - Searching for Sarawak:
2025-07-01 11:23:58,777 - INFO - Looking for nearby location button
2025-07-01 11:23:59,921 - INFO - Getting nearby location input search box 
2025-07-01 11:23:59,978 - INFO - Searching for KFC near Limbang, Sarawak:
2025-07-01 11:24:08,669 - INFO - Looking for Searched Results
2025-07-01 11:24:13,819 - INFO - Result list not found. Only One Result available
2025-07-01 11:24:15,820 - INFO - Extracting Page Source
2025-07-01 11:24:15,879 - INFO - KFC near Limbang, Sarawak: 1
2025-07-01 11:24:15,879 - INFO - Loading Google Maps
2025-07-01 11:24:19,347 - INFO - Getting input search box
2025-07-01 11:24:19,408 - INFO - Searching for Sarawak:
2025-07-01 11:24:26,259 - INFO - Looking for nearby location button
2025-07-01 11:24:27,378 - INFO - Getting nearby location input search box 
2025-07-01 11:24:27,434 - INFO - Searching for KFC near Lawas, Sarawak:
2025-07-01 11:24:35,146 - INFO - Looking for Searched Results
2025-07-01 11:24:40,341 - INFO - Result list not found. Only One Result available
2025-07-01 11:24:42,343 - INFO - Extracting Page Source
2025-07-01 11:24:42,423 - INFO - KFC near Lawas, Sarawak: 1
2025-07-01 11:24:42,425 - INFO - Data for Sarawak was loaded into csv
2025-07-01 11:24:42,425 - INFO - Loading Google Maps
2025-07-01 11:24:45,972 - INFO - Getting input search box
2025-07-01 11:24:46,032 - INFO - Searching for Selangor:
2025-07-01 11:24:52,854 - INFO - Looking for nearby location button
2025-07-01 11:24:53,982 - INFO - Getting nearby location input search box 
2025-07-01 11:24:54,066 - INFO - Searching for KFC near Sabak Bernam, Selangor:
2025-07-01 11:25:02,339 - INFO - Looking for Searched Results
2025-07-01 11:25:07,487 - INFO - Result list not found. Only One Result available
2025-07-01 11:25:09,488 - INFO - Extracting Page Source
2025-07-01 11:25:09,539 - INFO - KFC near Sabak Bernam, Selangor: 1
2025-07-01 11:25:09,540 - INFO - Loading Google Maps
2025-07-01 11:25:13,026 - INFO - Getting input search box
2025-07-01 11:25:13,083 - INFO - Searching for Selangor:
2025-07-01 11:25:19,953 - INFO - Looking for nearby location button
2025-07-01 11:25:21,069 - INFO - Getting nearby location input search box 
2025-07-01 11:25:21,125 - INFO - Searching for KFC near Sungai Besar, Selangor:
2025-07-01 11:25:28,422 - INFO - Looking for Searched Results
2025-07-01 11:25:33,576 - INFO - Result list not found. Only One Result available
2025-07-01 11:25:35,576 - INFO - Extracting Page Source
2025-07-01 11:25:35,634 - INFO - KFC near Sungai Besar, Selangor: 1
2025-07-01 11:25:35,635 - INFO - Loading Google Maps
2025-07-01 11:25:39,165 - INFO - Getting input search box
2025-07-01 11:25:39,227 - INFO - Searching for Selangor:
2025-07-01 11:25:46,029 - INFO - Looking for nearby location button
2025-07-01 11:25:47,164 - INFO - Getting nearby location input search box 
2025-07-01 11:25:47,224 - INFO - Searching for KFC near Hulu Selangor, Selangor:
2025-07-01 11:25:54,611 - INFO - Looking for Searched Results
2025-07-01 11:25:54,639 - INFO - Found. Scrolling search results list
2025-07-01 11:26:04,951 - INFO - Extracting Page Source
2025-07-01 11:26:05,041 - INFO - KFC near Hulu Selangor, Selangor: 10
2025-07-01 11:26:05,042 - INFO - Loading Google Maps
2025-07-01 11:26:08,571 - INFO - Getting input search box
2025-07-01 11:26:08,628 - INFO - Searching for Selangor:
2025-07-01 11:26:15,400 - INFO - Looking for nearby location button
2025-07-01 11:26:16,517 - INFO - Getting nearby location input search box 
2025-07-01 11:26:16,578 - INFO - Searching for KFC near Tanjong Karang, Selangor:
2025-07-01 11:26:24,072 - INFO - Looking for Searched Results
2025-07-01 11:26:29,225 - INFO - Result list not found. Only One Result available
2025-07-01 11:26:31,226 - INFO - Extracting Page Source
2025-07-01 11:26:31,291 - INFO - KFC near Tanjong Karang, Selangor: 1
2025-07-01 11:26:31,291 - INFO - Loading Google Maps
2025-07-01 11:26:34,765 - INFO - Getting input search box
2025-07-01 11:26:34,823 - INFO - Searching for Selangor:
2025-07-01 11:26:41,626 - INFO - Looking for nearby location button
2025-07-01 11:26:42,762 - INFO - Getting nearby location input search box 
2025-07-01 11:26:42,819 - INFO - Searching for KFC near Kuala Selangor, Selangor:
2025-07-01 11:26:49,956 - INFO - Looking for Searched Results
2025-07-01 11:26:49,984 - INFO - Found. Scrolling search results list
2025-07-01 11:27:00,123 - INFO - Extracting Page Source
2025-07-01 11:27:00,162 - INFO - KFC near Kuala Selangor, Selangor: 3
2025-07-01 11:27:00,162 - INFO - Loading Google Maps
2025-07-01 11:27:03,639 - INFO - Getting input search box
2025-07-01 11:27:03,697 - INFO - Searching for Selangor:
2025-07-01 11:27:11,137 - INFO - Looking for nearby location button
2025-07-01 11:27:12,254 - INFO - Getting nearby location input search box 
2025-07-01 11:27:12,308 - INFO - Searching for KFC near Selayang, Selangor:
2025-07-01 11:27:20,200 - INFO - Looking for Searched Results
2025-07-01 11:27:20,245 - INFO - Found. Scrolling search results list
2025-07-01 11:27:30,358 - INFO - Extracting Page Source
2025-07-01 11:27:30,409 - INFO - KFC near Selayang, Selangor: 5
2025-07-01 11:27:30,410 - INFO - Loading Google Maps
2025-07-01 11:27:33,908 - INFO - Getting input search box
2025-07-01 11:27:33,968 - INFO - Searching for Selangor:
2025-07-01 11:27:40,742 - INFO - Looking for nearby location button
2025-07-01 11:27:41,863 - INFO - Getting nearby location input search box 
2025-07-01 11:27:41,920 - INFO - Searching for KFC near Gombak, Selangor:
2025-07-01 11:27:49,113 - INFO - Looking for Searched Results
2025-07-01 11:27:49,140 - INFO - Found. Scrolling search results list
2025-07-01 11:27:59,270 - INFO - Extracting Page Source
2025-07-01 11:27:59,312 - INFO - KFC near Gombak, Selangor: 4
2025-07-01 11:27:59,313 - INFO - Loading Google Maps
2025-07-01 11:28:02,832 - INFO - Getting input search box
2025-07-01 11:28:02,888 - INFO - Searching for Selangor:
2025-07-01 11:28:09,682 - INFO - Looking for nearby location button
2025-07-01 11:28:10,801 - INFO - Getting nearby location input search box 
2025-07-01 11:28:10,856 - INFO - Searching for KFC near Ampang, Selangor:
2025-07-01 11:28:18,017 - INFO - Looking for Searched Results
2025-07-01 11:28:18,046 - INFO - Found. Scrolling search results list
2025-07-01 11:28:28,335 - INFO - Extracting Page Source
2025-07-01 11:28:28,395 - INFO - KFC near Ampang, Selangor: 8
2025-07-01 11:28:28,396 - INFO - Loading Google Maps
2025-07-01 11:28:31,841 - INFO - Getting input search box
2025-07-01 11:28:31,900 - INFO - Searching for Selangor:
2025-07-01 11:28:38,650 - INFO - Looking for nearby location button
2025-07-01 11:28:39,769 - INFO - Getting nearby location input search box 
2025-07-01 11:28:39,825 - INFO - Searching for KFC near Pandan, Selangor:
2025-07-01 11:28:47,372 - INFO - Looking for Searched Results
2025-07-01 11:28:47,400 - INFO - Found. Scrolling search results list
2025-07-01 11:28:57,585 - INFO - Extracting Page Source
2025-07-01 11:28:57,638 - INFO - KFC near Pandan, Selangor: 6
2025-07-01 11:28:57,639 - INFO - Loading Google Maps
2025-07-01 11:29:01,124 - INFO - Getting input search box
2025-07-01 11:29:01,185 - INFO - Searching for Selangor:
2025-07-01 11:29:08,030 - INFO - Looking for nearby location button
2025-07-01 11:29:09,149 - INFO - Getting nearby location input search box 
2025-07-01 11:29:09,206 - INFO - Searching for KFC near Hulu Langat, Selangor:
2025-07-01 11:29:16,282 - INFO - Looking for Searched Results
2025-07-01 11:29:16,311 - INFO - Found. Scrolling search results list
2025-07-01 11:29:26,397 - INFO - Extracting Page Source
2025-07-01 11:29:26,443 - INFO - KFC near Hulu Langat, Selangor: 2
2025-07-01 11:29:26,443 - INFO - Loading Google Maps
2025-07-01 11:29:30,064 - INFO - Getting input search box
2025-07-01 11:29:30,123 - INFO - Searching for Selangor:
2025-07-01 11:29:36,869 - INFO - Looking for nearby location button
2025-07-01 11:29:37,994 - INFO - Getting nearby location input search box 
2025-07-01 11:29:38,054 - INFO - Searching for KFC near Bangi, Selangor:
2025-07-01 11:29:45,150 - INFO - Looking for Searched Results
2025-07-01 11:29:45,180 - INFO - Found. Scrolling search results list
2025-07-01 11:29:55,264 - INFO - Extracting Page Source
2025-07-01 11:29:55,319 - INFO - KFC near Bangi, Selangor: 5
2025-07-01 11:29:55,320 - INFO - Loading Google Maps
2025-07-01 11:29:58,841 - INFO - Getting input search box
2025-07-01 11:29:58,898 - INFO - Searching for Selangor:
2025-07-01 11:30:05,717 - INFO - Looking for nearby location button
2025-07-01 11:30:06,834 - INFO - Getting nearby location input search box 
2025-07-01 11:30:06,897 - INFO - Searching for KFC near Puchong, Selangor:
2025-07-01 11:03:16,321 - INFO - Looking for Searched Results
2025-07-01 11:03:16,350 - INFO - Found. Scrolling search results list
2025-07-01 11:03:26,584 - INFO - Extracting Page Source
2025-07-01 11:03:26,650 - INFO - KFC near Puchong, Selangor: 12
2025-07-01 11:03:26,650 - INFO - Loading Google Maps
2025-07-01 11:03:30,230 - INFO - Getting input search box
2025-07-01 11:03:30,292 - INFO - Searching for Selangor:
2025-07-01 11:03:37,312 - INFO - Looking for nearby location button
2025-07-01 11:03:38,432 - INFO - Getting nearby location input search box 
2025-07-01 11:03:38,489 - INFO - Searching for KFC near Subang, Selangor:
2025-07-01 11:03:46,048 - INFO - Looking for Searched Results
2025-07-01 11:03:46,430 - INFO - Found. Scrolling search results list
2025-07-01 11:03:56,620 - INFO - Extracting Page Source
2025-07-01 11:03:56,680 - INFO - KFC near Subang, Selangor: 10
2025-07-01 11:03:56,681 - INFO - Loading Google Maps
2025-07-01 11:04:00,199 - INFO - Getting input search box
2025-07-01 11:04:00,262 - INFO - Searching for Selangor:
2025-07-01 11:04:07,091 - INFO - Looking for nearby location button
2025-07-01 11:04:08,206 - INFO - Getting nearby location input search box 
2025-07-01 11:04:08,263 - INFO - Searching for KFC near Petaling Jaya, Selangor:
2025-07-01 11:04:15,719 - INFO - Looking for Searched Results
2025-07-01 11:04:15,747 - INFO - Found. Scrolling search results list
2025-07-01 11:04:36,245 - INFO - Extracting Page Source
2025-07-01 11:04:36,352 - INFO - KFC near Petaling Jaya, Selangor: 28
2025-07-01 11:04:36,352 - INFO - Loading Google Maps
2025-07-01 11:04:39,920 - INFO - Getting input search box
2025-07-01 11:04:39,978 - INFO - Searching for Selangor:
2025-07-01 11:04:46,756 - INFO - Looking for nearby location button
2025-07-01 11:04:47,877 - INFO - Getting nearby location input search box 
2025-07-01 11:04:47,934 - INFO - Searching for KFC near Damansara, Selangor:
2025-07-01 11:04:55,377 - INFO - Looking for Searched Results
2025-07-01 11:04:55,406 - INFO - Found. Scrolling search results list
2025-07-01 11:05:16,030 - INFO - Extracting Page Source
2025-07-01 11:05:16,156 - INFO - KFC near Damansara, Selangor: 39
2025-07-01 11:05:16,157 - INFO - Loading Google Maps
2025-07-01 11:05:19,696 - INFO - Getting input search box
2025-07-01 11:05:19,757 - INFO - Searching for Selangor:
2025-07-01 11:05:26,547 - INFO - Looking for nearby location button
2025-07-01 11:05:27,665 - INFO - Getting nearby location input search box 
2025-07-01 11:05:27,725 - INFO - Searching for KFC near Sungai Buloh, Selangor:
2025-07-01 11:05:35,118 - INFO - Looking for Searched Results
2025-07-01 11:05:35,150 - INFO - Found. Scrolling search results list
2025-07-01 11:05:45,338 - INFO - Extracting Page Source
2025-07-01 11:05:45,392 - INFO - KFC near Sungai Buloh, Selangor: 5
2025-07-01 11:05:45,393 - INFO - Loading Google Maps
2025-07-01 11:05:48,946 - INFO - Getting input search box
2025-07-01 11:05:49,007 - INFO - Searching for Selangor:
2025-07-01 11:05:55,872 - INFO - Looking for nearby location button
2025-07-01 11:05:56,990 - INFO - Getting nearby location input search box 
2025-07-01 11:05:57,048 - INFO - Searching for KFC near Shah Alam, Selangor:
2025-07-01 11:06:04,510 - INFO - Looking for Searched Results
2025-07-01 11:06:04,540 - INFO - Found. Scrolling search results list
2025-07-01 11:06:25,151 - INFO - Extracting Page Source
2025-07-01 11:06:25,237 - INFO - KFC near Shah Alam, Selangor: 31
2025-07-01 11:06:25,238 - INFO - Loading Google Maps
2025-07-01 11:06:28,728 - INFO - Getting input search box
2025-07-01 11:06:28,785 - INFO - Searching for Selangor:
2025-07-01 11:06:35,629 - INFO - Looking for nearby location button
2025-07-01 11:06:36,750 - INFO - Getting nearby location input search box 
2025-07-01 11:06:36,808 - INFO - Searching for KFC near Kapar, Selangor:
2025-07-01 11:06:43,810 - INFO - Looking for Searched Results
2025-07-01 11:06:43,840 - INFO - Found. Scrolling search results list
2025-07-01 11:06:53,966 - INFO - Extracting Page Source
2025-07-01 11:06:54,016 - INFO - KFC near Kapar, Selangor: 4
2025-07-01 11:06:54,017 - INFO - Loading Google Maps
2025-07-01 11:06:57,547 - INFO - Getting input search box
2025-07-01 11:06:57,607 - INFO - Searching for Selangor:
2025-07-01 11:07:04,381 - INFO - Looking for nearby location button
2025-07-01 11:07:05,495 - INFO - Getting nearby location input search box 
2025-07-01 11:07:05,557 - INFO - Searching for KFC near Klang, Selangor:
2025-07-01 11:07:13,488 - INFO - Looking for Searched Results
2025-07-01 11:07:13,518 - INFO - Found. Scrolling search results list
2025-07-01 11:07:28,886 - INFO - Extracting Page Source
2025-07-01 11:07:28,973 - INFO - KFC near Klang, Selangor: 21
2025-07-01 11:07:28,973 - INFO - Loading Google Maps
2025-07-01 11:07:32,459 - INFO - Getting input search box
2025-07-01 11:07:32,518 - INFO - Searching for Selangor:
2025-07-01 11:07:39,254 - INFO - Looking for nearby location button
2025-07-01 11:07:40,376 - INFO - Getting nearby location input search box 
2025-07-01 11:07:40,444 - INFO - Searching for KFC near Kota Raja, Selangor:
2025-07-01 11:07:47,901 - INFO - Looking for Searched Results
2025-07-01 11:07:47,942 - INFO - Found. Scrolling search results list
2025-07-01 11:07:58,147 - INFO - Extracting Page Source
2025-07-01 11:07:58,451 - INFO - KFC near Kota Raja, Selangor: 14
2025-07-01 11:07:58,451 - INFO - Loading Google Maps
2025-07-01 11:08:01,964 - INFO - Getting input search box
2025-07-01 11:08:02,035 - INFO - Searching for Selangor:
2025-07-01 11:08:08,924 - INFO - Looking for nearby location button
2025-07-01 11:08:10,043 - INFO - Getting nearby location input search box 
2025-07-01 11:08:10,100 - INFO - Searching for KFC near Kuala Langat, Selangor:
2025-07-01 11:08:17,301 - INFO - Looking for Searched Results
2025-07-01 11:08:17,329 - INFO - Found. Scrolling search results list
2025-07-01 11:08:27,436 - INFO - Extracting Page Source
2025-07-01 11:08:27,503 - INFO - KFC near Kuala Langat, Selangor: 4
2025-07-01 11:08:27,503 - INFO - Loading Google Maps
2025-07-01 11:08:31,008 - INFO - Getting input search box
2025-07-01 11:08:31,066 - INFO - Searching for Selangor:
2025-07-01 11:08:37,882 - INFO - Looking for nearby location button
2025-07-01 11:08:39,001 - INFO - Getting nearby location input search box 
2025-07-01 11:08:39,068 - INFO - Searching for KFC near Sepang, Selangor:
2025-07-01 11:08:46,657 - INFO - Looking for Searched Results
2025-07-01 11:08:46,684 - INFO - Found. Scrolling search results list
2025-07-01 11:08:56,814 - INFO - Extracting Page Source
2025-07-01 11:08:56,877 - INFO - KFC near Sepang, Selangor: 9
2025-07-01 11:08:56,879 - INFO - Data for Selangor was loaded into csv
2025-07-01 11:08:56,879 - INFO - Loading Google Maps
2025-07-01 11:09:00,348 - INFO - Getting input search box
2025-07-01 11:09:00,407 - INFO - Searching for Terengganu:
2025-07-01 11:09:07,168 - INFO - Looking for nearby location button
2025-07-01 11:09:08,284 - INFO - Getting nearby location input search box 
2025-07-01 11:09:08,348 - INFO - Searching for KFC near Besut, Terengganu:
2025-07-01 11:09:15,539 - INFO - Looking for Searched Results
2025-07-01 11:09:20,688 - INFO - Result list not found. Only One Result available
2025-07-01 11:09:22,689 - INFO - Extracting Page Source
2025-07-01 11:09:22,756 - INFO - KFC near Besut, Terengganu: 1
2025-07-01 11:09:22,756 - INFO - Loading Google Maps
2025-07-01 11:09:26,212 - INFO - Getting input search box
2025-07-01 11:09:26,267 - INFO - Searching for Terengganu:
2025-07-01 11:09:33,076 - INFO - Looking for nearby location button
2025-07-01 11:09:34,195 - INFO - Getting nearby location input search box 
2025-07-01 11:09:34,253 - INFO - Searching for KFC near Setiu, Terengganu:
2025-07-01 11:09:41,413 - INFO - Looking for Searched Results
2025-07-01 11:09:41,441 - INFO - Found. Scrolling search results list
2025-07-01 11:09:51,570 - INFO - Extracting Page Source
2025-07-01 11:09:51,632 - INFO - KFC near Setiu, Terengganu: 8
2025-07-01 11:09:51,632 - INFO - Loading Google Maps
2025-07-01 11:09:55,112 - INFO - Getting input search box
2025-07-01 11:09:55,170 - INFO - Searching for Terengganu:
2025-07-01 11:10:01,914 - INFO - Looking for nearby location button
2025-07-01 11:10:03,037 - INFO - Getting nearby location input search box 
2025-07-01 11:10:03,105 - INFO - Searching for KFC near Kuala Nerus, Terengganu:
2025-07-01 11:10:10,327 - INFO - Looking for Searched Results
2025-07-01 11:10:10,355 - INFO - Found. Scrolling search results list
2025-07-01 11:10:20,613 - INFO - Extracting Page Source
2025-07-01 11:10:20,662 - INFO - KFC near Kuala Nerus, Terengganu: 9
2025-07-01 11:10:20,662 - INFO - Loading Google Maps
2025-07-01 11:10:24,116 - INFO - Getting input search box
2025-07-01 11:10:24,176 - INFO - Searching for Terengganu:
2025-07-01 11:10:30,875 - INFO - Looking for nearby location button
2025-07-01 11:10:31,994 - INFO - Getting nearby location input search box 
2025-07-01 11:10:32,050 - INFO - Searching for KFC near Kuala Terengganu, Terengganu:
2025-07-01 11:10:39,379 - INFO - Looking for Searched Results
2025-07-01 11:10:39,408 - INFO - Found. Scrolling search results list
2025-07-01 11:10:49,580 - INFO - Extracting Page Source
2025-07-01 11:10:49,629 - INFO - KFC near Kuala Terengganu, Terengganu: 8
2025-07-01 11:10:49,629 - INFO - Loading Google Maps
2025-07-01 11:10:53,127 - INFO - Getting input search box
2025-07-01 11:10:53,184 - INFO - Searching for Terengganu:
2025-07-01 11:10:59,990 - INFO - Looking for nearby location button
2025-07-01 11:11:01,113 - INFO - Getting nearby location input search box 
2025-07-01 11:11:01,173 - INFO - Searching for KFC near Marang, Terengganu:
2025-07-01 11:11:08,555 - INFO - Looking for Searched Results
2025-07-01 11:11:08,584 - INFO - Found. Scrolling search results list
2025-07-01 11:11:18,689 - INFO - Extracting Page Source
2025-07-01 11:11:18,744 - INFO - KFC near Marang, Terengganu: 7
2025-07-01 11:11:18,745 - INFO - Loading Google Maps
2025-07-01 11:11:22,171 - INFO - Getting input search box
2025-07-01 11:11:22,229 - INFO - Searching for Terengganu:
2025-07-01 11:11:29,036 - INFO - Looking for nearby location button
2025-07-01 11:11:30,155 - INFO - Getting nearby location input search box 
2025-07-01 11:11:30,212 - INFO - Searching for KFC near Hulu Terengganu, Terengganu:
2025-07-01 11:11:37,680 - INFO - Looking for Searched Results
2025-07-01 11:11:37,709 - INFO - Found. Scrolling search results list
2025-07-01 11:11:47,920 - INFO - Extracting Page Source
2025-07-01 11:11:47,987 - INFO - KFC near Hulu Terengganu, Terengganu: 11
2025-07-01 11:11:47,987 - INFO - Loading Google Maps
2025-07-01 11:11:51,468 - INFO - Getting input search box
2025-07-01 11:11:51,529 - INFO - Searching for Terengganu:
2025-07-01 11:11:58,311 - INFO - Looking for nearby location button
2025-07-01 11:11:59,429 - INFO - Getting nearby location input search box 
2025-07-01 11:11:59,486 - INFO - Searching for KFC near Dungun, Terengganu:
2025-07-01 11:12:06,589 - INFO - Looking for Searched Results
2025-07-01 11:12:06,616 - INFO - Found. Scrolling search results list
2025-07-01 11:12:16,852 - INFO - Extracting Page Source
2025-07-01 11:12:16,890 - INFO - KFC near Dungun, Terengganu: 2
2025-07-01 11:12:16,890 - INFO - Loading Google Maps
2025-07-01 11:12:20,426 - INFO - Getting input search box
2025-07-01 11:12:20,484 - INFO - Searching for Terengganu:
2025-07-01 11:12:27,349 - INFO - Looking for nearby location button
2025-07-01 11:12:28,469 - INFO - Getting nearby location input search box 
2025-07-01 11:12:28,526 - INFO - Searching for KFC near Kemaman, Terengganu:
2025-07-01 11:12:35,727 - INFO - Looking for Searched Results
2025-07-01 11:12:35,756 - INFO - Found. Scrolling search results list
2025-07-01 11:12:45,857 - INFO - Extracting Page Source
2025-07-01 11:12:45,895 - INFO - KFC near Kemaman, Terengganu: 3
2025-07-01 11:12:45,897 - INFO - Data for Terengganu was loaded into csv
2025-07-01 11:12:45,897 - INFO - Loading Google Maps
2025-07-01 11:12:49,375 - INFO - Getting input search box
2025-07-01 11:12:49,434 - INFO - Searching for W.P. Kuala Lumpur:
2025-07-01 11:12:56,352 - INFO - Looking for nearby location button
2025-07-01 11:12:57,489 - INFO - Getting nearby location input search box 
2025-07-01 11:12:57,548 - INFO - Searching for KFC near Kepong, W.P. Kuala Lumpur:
2025-07-01 11:13:05,079 - INFO - Looking for Searched Results
2025-07-01 11:13:05,109 - INFO - Found. Scrolling search results list
2025-07-01 11:13:15,194 - INFO - Extracting Page Source
2025-07-01 11:13:15,235 - INFO - KFC near Kepong, W.P. Kuala Lumpur: 5
2025-07-01 11:13:15,235 - INFO - Loading Google Maps
2025-07-01 11:13:18,693 - INFO - Getting input search box
2025-07-01 11:13:18,752 - INFO - Searching for W.P. Kuala Lumpur:
2025-07-01 11:13:25,659 - INFO - Looking for nearby location button
2025-07-01 11:13:26,846 - INFO - Getting nearby location input search box 
2025-07-01 11:13:26,903 - INFO - Searching for KFC near Batu, W.P. Kuala Lumpur:
2025-07-01 11:13:34,457 - INFO - Looking for Searched Results
2025-07-01 11:13:34,487 - INFO - Found. Scrolling search results list
2025-07-01 11:13:54,995 - INFO - Extracting Page Source
2025-07-01 11:13:55,083 - INFO - KFC near Batu, W.P. Kuala Lumpur: 31
2025-07-01 11:13:55,083 - INFO - Loading Google Maps
2025-07-01 11:13:58,579 - INFO - Getting input search box
2025-07-01 11:13:58,637 - INFO - Searching for W.P. Kuala Lumpur:
2025-07-01 11:14:05,741 - INFO - Looking for nearby location button
2025-07-01 11:14:06,872 - INFO - Getting nearby location input search box 
2025-07-01 11:14:06,928 - INFO - Searching for KFC near Wangsa Maju, W.P. Kuala Lumpur:
2025-07-01 11:14:14,412 - INFO - Looking for Searched Results
2025-07-01 11:14:14,443 - INFO - Found. Scrolling search results list
2025-07-01 11:14:24,537 - INFO - Extracting Page Source
2025-07-01 11:14:24,597 - INFO - KFC near Wangsa Maju, W.P. Kuala Lumpur: 7
2025-07-01 11:14:24,598 - INFO - Loading Google Maps
2025-07-01 11:14:28,161 - INFO - Getting input search box
2025-07-01 11:14:28,229 - INFO - Searching for W.P. Kuala Lumpur:
2025-07-01 11:14:35,224 - INFO - Looking for nearby location button
2025-07-01 11:14:36,373 - INFO - Getting nearby location input search box 
2025-07-01 11:14:36,430 - INFO - Searching for KFC near Segambut, W.P. Kuala Lumpur:
2025-07-01 11:14:45,306 - INFO - Looking for Searched Results
2025-07-01 11:14:50,528 - INFO - Result list not found. Only One Result available
2025-07-01 11:14:52,528 - INFO - Extracting Page Source
2025-07-01 11:14:52,593 - INFO - KFC near Segambut, W.P. Kuala Lumpur: 1
2025-07-01 11:14:52,593 - INFO - Loading Google Maps
2025-07-01 11:14:56,098 - INFO - Getting input search box
2025-07-01 11:14:56,156 - INFO - Searching for W.P. Kuala Lumpur:
2025-07-01 11:15:03,109 - INFO - Looking for nearby location button
2025-07-01 11:15:04,495 - INFO - Getting nearby location input search box 
2025-07-01 11:15:04,555 - INFO - Searching for KFC near Setiawangsa, W.P. Kuala Lumpur:
2025-07-01 11:15:11,705 - INFO - Looking for Searched Results
2025-07-01 11:15:11,735 - INFO - Found. Scrolling search results list
2025-07-01 11:15:22,023 - INFO - Extracting Page Source
2025-07-01 11:15:22,065 - INFO - KFC near Setiawangsa, W.P. Kuala Lumpur: 2
2025-07-01 11:15:22,066 - INFO - Loading Google Maps
2025-07-01 11:15:25,557 - INFO - Getting input search box
2025-07-01 11:15:25,618 - INFO - Searching for W.P. Kuala Lumpur:
2025-07-01 11:15:32,703 - INFO - Looking for nearby location button
2025-07-01 11:15:33,825 - INFO - Getting nearby location input search box 
2025-07-01 11:15:33,884 - INFO - Searching for KFC near Titiwangsa, W.P. Kuala Lumpur:
2025-07-01 11:15:41,471 - INFO - Looking for Searched Results
2025-07-01 11:15:41,500 - INFO - Found. Scrolling search results list
2025-07-01 11:15:56,896 - INFO - Extracting Page Source
2025-07-01 11:15:56,992 - INFO - KFC near Titiwangsa, W.P. Kuala Lumpur: 21
2025-07-01 11:15:56,992 - INFO - Loading Google Maps
2025-07-01 11:16:00,846 - INFO - Getting input search box
2025-07-01 11:16:00,910 - INFO - Searching for W.P. Kuala Lumpur:
2025-07-01 11:16:08,029 - INFO - Looking for nearby location button
2025-07-01 11:16:09,165 - INFO - Getting nearby location input search box 
2025-07-01 11:16:09,224 - INFO - Searching for KFC near Bukit Bintang, W.P. Kuala Lumpur:
2025-07-01 11:16:16,640 - INFO - Looking for Searched Results
2025-07-01 11:16:16,676 - INFO - Found. Scrolling search results list
2025-07-01 11:16:26,890 - INFO - Extracting Page Source
2025-07-01 11:16:26,944 - INFO - KFC near Bukit Bintang, W.P. Kuala Lumpur: 8
2025-07-01 11:16:26,944 - INFO - Loading Google Maps
2025-07-01 11:16:30,450 - INFO - Getting input search box
2025-07-01 11:16:30,511 - INFO - Searching for W.P. Kuala Lumpur:
2025-07-01 11:16:37,512 - INFO - Looking for nearby location button
2025-07-01 11:16:38,645 - INFO - Getting nearby location input search box 
2025-07-01 11:16:38,707 - INFO - Searching for KFC near Lembah Pantai, W.P. Kuala Lumpur:
2025-07-01 11:16:46,511 - INFO - Looking for Searched Results
2025-07-01 11:16:46,538 - INFO - Found. Scrolling search results list
2025-07-01 11:17:01,864 - INFO - Extracting Page Source
2025-07-01 11:17:01,934 - INFO - KFC near Lembah Pantai, W.P. Kuala Lumpur: 16
2025-07-01 11:17:01,934 - INFO - Loading Google Maps
2025-07-01 11:17:05,932 - INFO - Getting input search box
2025-07-01 11:17:05,992 - INFO - Searching for W.P. Kuala Lumpur:
2025-07-01 11:17:12,940 - INFO - Looking for nearby location button
2025-07-01 11:17:14,063 - INFO - Getting nearby location input search box 
2025-07-01 11:17:14,124 - INFO - Searching for KFC near Seputeh, W.P. Kuala Lumpur:
2025-07-01 11:17:21,981 - INFO - Looking for Searched Results
2025-07-01 11:17:22,011 - INFO - Found. Scrolling search results list
2025-07-01 11:17:37,413 - INFO - Extracting Page Source
2025-07-01 11:17:37,492 - INFO - KFC near Seputeh, W.P. Kuala Lumpur: 18
2025-07-01 11:17:37,492 - INFO - Loading Google Maps
2025-07-01 11:17:41,084 - INFO - Getting input search box
2025-07-01 11:17:41,141 - INFO - Searching for W.P. Kuala Lumpur:
2025-07-01 11:17:48,144 - INFO - Looking for nearby location button
2025-07-01 11:17:49,269 - INFO - Getting nearby location input search box 
2025-07-01 11:17:49,327 - INFO - Searching for KFC near Cheras, W.P. Kuala Lumpur:
2025-07-01 11:17:57,010 - INFO - Looking for Searched Results
2025-07-01 11:17:57,039 - INFO - Found. Scrolling search results list
2025-07-01 11:18:07,223 - INFO - Extracting Page Source
2025-07-01 11:18:07,277 - INFO - KFC near Cheras, W.P. Kuala Lumpur: 8
2025-07-01 11:18:07,278 - INFO - Loading Google Maps
2025-07-01 11:18:10,829 - INFO - Getting input search box
2025-07-01 11:18:10,889 - INFO - Searching for W.P. Kuala Lumpur:
2025-07-01 11:18:17,846 - INFO - Looking for nearby location button
2025-07-01 11:18:18,997 - INFO - Getting nearby location input search box 
2025-07-01 11:18:19,061 - INFO - Searching for KFC near Bandar Tun Razak, W.P. Kuala Lumpur:
2025-07-01 11:18:26,840 - INFO - Looking for Searched Results
2025-07-01 11:18:26,870 - INFO - Found. Scrolling search results list
2025-07-01 11:18:42,186 - INFO - Extracting Page Source
2025-07-01 11:18:42,265 - INFO - KFC near Bandar Tun Razak, W.P. Kuala Lumpur: 18
2025-07-01 11:18:42,267 - INFO - Data for W.P. Kuala Lumpur was loaded into csv
2025-07-01 11:18:42,268 - INFO - Loading Google Maps
2025-07-01 11:18:45,744 - INFO - Getting input search box
2025-07-01 11:18:45,802 - INFO - Searching for W.P. Labuan:
2025-07-01 11:18:52,832 - INFO - Looking for nearby location button
2025-07-01 11:18:53,955 - INFO - Getting nearby location input search box 
2025-07-01 11:18:54,011 - INFO - Searching for KFC near Labuan, W.P. Labuan:
2025-07-01 11:19:01,119 - INFO - Looking for Searched Results
2025-07-01 11:19:01,148 - INFO - Found. Scrolling search results list
2025-07-01 11:19:11,254 - INFO - Extracting Page Source
2025-07-01 11:19:11,300 - INFO - KFC near Labuan, W.P. Labuan: 3
2025-07-01 11:19:11,303 - INFO - Data for W.P. Labuan was loaded into csv
2025-07-01 11:19:11,303 - INFO - Loading Google Maps
2025-07-01 11:19:14,763 - INFO - Getting input search box
2025-07-01 11:19:14,822 - INFO - Searching for W.P. Putrajaya:
2025-07-01 11:19:21,669 - INFO - Looking for nearby location button
2025-07-01 11:19:22,797 - INFO - Getting nearby location input search box 
2025-07-01 11:19:22,856 - INFO - Searching for KFC near Putrajaya, W.P. Putrajaya:
2025-07-01 11:19:29,861 - INFO - Looking for Searched Results
2025-07-01 11:19:29,889 - INFO - Found. Scrolling search results list
2025-07-01 11:19:40,067 - INFO - Extracting Page Source
2025-07-01 11:19:40,106 - INFO - KFC near Putrajaya, W.P. Putrajaya: 2
2025-07-01 11:19:40,108 - INFO - Data for W.P. Putrajaya was loaded into csv
